timestamp,tp2,tp3,h1,dv_pressure,reservoirs,oil_temperature,motor_current,comp,dv_electric,towers,mpg,lps,pressure_switch,oil_level,caudal_impulses
2020-05-29 12:00:02,-0.0079999999999991,9.8,9.786,-0.0159999999999982,9.8,71.7,3.6875,1.0,0.0,1.0,1.0,0.0,1.0,1.0,1.0
2020-05-29 12:00:12,-0.009999999999998,9.778,9.766,-0.0159999999999982,9.78,71.725,3.6999999999999993,1.0,0.0,1.0,1.0,0.0,1.0,1.0,1.0
2020-05-29 12:00:22,-0.009999999999998,9.76,9.746,-0.0159999999999982,9.762,71.625,3.715,1.0,0.0,1.0,1.0,0.0,1.0,1.0,1.0
2020-05-29 12:00:32,-0.009999999999998,9.734,9.72,-0.0159999999999982,9.734,71.52499999999999,3.745000000000001,1.0,0.0,1.0,1.0,0.0,1.0,1.0,1.0
2020-05-29 12:00:41,-0.009999999999998,9.7,9.686,-0.0159999999999982,9.702,71.15,3.77,1.0,0.0,1.0,1.0,0.0,1.0,1.0,1.0
2020-05-29 12:00:51,-0.009999999999998,9.682,9.668,-0.0159999999999982,9.684,70.825,3.8000000000000007,1.0,0.0,1.0,1.0,0.0,1.0,1.0,1.0
2020-05-29 12:01:01,-0.009999999999998,9.664,9.652,-0.0180000000000006,9.666,70.35,3.8000000000000007,1.0,0.0,1.0,1.0,0.0,1.0,1.0,1.0
2020-05-29 12:01:11,-0.0079999999999991,9.648,9.632,-0.0159999999999982,9.648,69.6,3.754999999999999,1.0,0.0,1.0,1.0,0.0,1.0,1.0,1.0
2020-05-29 12:01:21,-0.009999999999998,9.624,9.61,-0.0180000000000006,9.626,69.12499999999999,3.7375000000000007,1.0,0.0,1.0,1.0,0.0,1.0,1.0,1.0
2020-05-29 12:01:31,-0.009999999999998,9.596,9.582,-0.0159999999999982,9.596,68.9,3.6975,1.0,0.0,1.0,1.0,0.0,1.0,1.0,1.0
2020-05-29 12:01:41,-0.0079999999999991,9.578,9.566,-0.0159999999999982,9.578,68.825,3.6775,1.0,0.0,1.0,1.0,0.0,1.0,1.0,1.0
2020-05-29 12:01:51,-0.0079999999999991,9.56,9.548,-0.0159999999999982,9.56,68.85,3.7675,1.0,0.0,1.0,1.0,0.0,1.0,1.0,1.0
2020-05-29 12:02:01,-0.009999999999998,9.542,9.53,-0.0159999999999982,9.544,68.9,3.692499999999999,1.0,0.0,1.0,1.0,0.0,1.0,1.0,1.0
2020-05-29 12:02:11,-0.009999999999998,9.526,9.514,-0.0159999999999982,9.528,68.8,3.6725,1.0,0.0,1.0,1.0,0.0,1.0,1.0,1.0
2020-05-29 12:02:21,-0.009999999999998,9.51,9.496,-0.0180000000000006,9.51,68.625,3.774999999999999,1.0,0.0,1.0,1.0,0.0,1.0,1.0,1.0
2020-05-29 12:02:30,-0.009999999999998,9.492,9.48,-0.0180000000000006,9.492,68.35,3.6675,1.0,0.0,1.0,1.0,0.0,1.0,1.0,1.0
2020-05-29 12:02:40,-0.0079999999999991,9.478,9.468,-0.0159999999999982,9.478,68.12499999999999,3.75,1.0,0.0,1.0,1.0,0.0,1.0,1.0,1.0
2020-05-29 12:02:50,-0.0120000000000004,9.46,9.446,-0.0180000000000006,9.456,68.25000000000001,3.68,1.0,0.0,1.0,1.0,0.0,1.0,1.0,1.0
2020-05-29 12:03:00,-0.009999999999998,9.442,9.428,-0.0159999999999982,9.442,68.45000000000002,3.6625,1.0,0.0,1.0,1.0,0.0,1.0,1.0,1.0
2020-05-29 12:03:10,-0.009999999999998,9.424,9.414,-0.0139999999999993,9.428,68.725,3.774999999999999,1.0,0.0,1.0,1.0,0.0,1.0,1.0,1.0
2020-05-29 12:03:20,-0.009999999999998,9.406,9.394,-0.0199999999999995,9.408,68.9,3.6675,1.0,0.0,1.0,1.0,0.0,1.0,1.0,1.0
2020-05-29 12:03:30,-0.009999999999998,9.388,9.378,-0.0159999999999982,9.392,69.025,3.6750000000000007,1.0,0.0,1.0,1.0,0.0,1.0,1.0,1.0
2020-05-29 12:03:40,-0.0079999999999991,9.372,9.36,-0.0180000000000006,9.376,68.95,3.7525,1.0,0.0,1.0,1.0,0.0,1.0,1.0,1.0
2020-05-29 12:03:50,-0.009999999999998,9.356,9.342,-0.0159999999999982,9.358,68.825,3.7675,1.0,0.0,1.0,1.0,0.0,1.0,1.0,1.0
2020-05-29 12:04:00,-0.009999999999998,9.336,9.324,-0.0180000000000006,9.338,68.675,3.6725,1.0,0.0,1.0,1.0,0.0,1.0,1.0,1.0
2020-05-29 12:04:10,-0.0079999999999991,9.32,9.31,-0.0180000000000006,9.32,68.825,3.702500000000001,1.0,0.0,1.0,1.0,0.0,1.0,1.0,1.0
2020-05-29 12:04:19,-0.009999999999998,9.304,9.292,-0.0159999999999982,9.304,69.10000000000001,3.7775,1.0,0.0,1.0,1.0,0.0,1.0,1.0,1.0
2020-05-29 12:04:29,-0.009999999999998,9.286,9.274,-0.0159999999999982,9.288,69.32499999999999,3.6775,1.0,0.0,1.0,1.0,0.0,1.0,1.0,1.0
2020-05-29 12:04:39,-0.009999999999998,9.27,9.256,-0.0159999999999982,9.272,69.425,3.6975,1.0,0.0,1.0,1.0,0.0,1.0,1.0,1.0
2020-05-29 12:04:49,-0.0079999999999991,9.254,9.242,-0.0159999999999982,9.254,69.44999999999999,3.7375000000000007,1.0,0.0,1.0,1.0,0.0,1.0,1.0,1.0
2020-05-29 12:04:59,-0.009999999999998,9.236,9.226,-0.0159999999999982,9.238,69.32499999999999,3.7525,1.0,0.0,1.0,1.0,0.0,1.0,1.0,1.0
2020-05-29 12:05:09,-0.009999999999998,9.216,9.204,-0.0180000000000006,9.218,69.04999999999998,0.0424999999999995,1.0,0.0,1.0,1.0,0.0,1.0,1.0,1.0
2020-05-29 12:05:19,-0.0079999999999991,9.202,9.192,-0.0159999999999982,9.204,69.12499999999999,0.0424999999999995,1.0,0.0,1.0,1.0,0.0,1.0,1.0,1.0
2020-05-29 12:05:29,-0.0079999999999991,9.186,9.174,-0.0139999999999993,9.186,69.15,0.04,1.0,0.0,1.0,1.0,0.0,1.0,1.0,1.0
2020-05-29 12:05:39,-0.0079999999999991,9.17,9.156,-0.0139999999999993,9.168,69.32499999999999,0.0375000000000005,1.0,0.0,1.0,1.0,0.0,1.0,1.0,1.0
2020-05-29 12:05:49,-0.0079999999999991,9.15,9.138,-0.0159999999999982,9.152,69.22500000000001,0.04,1.0,0.0,1.0,1.0,0.0,1.0,1.0,1.0
2020-05-29 12:05:59,-0.0079999999999991,9.134,9.122,-0.0159999999999982,9.138,68.925,0.04,1.0,0.0,1.0,1.0,0.0,1.0,1.0,1.0
2020-05-29 12:06:08,-0.009999999999998,9.118,9.102,-0.0159999999999982,9.118,68.5,0.0375000000000005,1.0,0.0,1.0,1.0,0.0,1.0,1.0,1.0
2020-05-29 12:06:18,-0.0079999999999991,9.102,9.086,-0.0159999999999982,9.102,68.075,0.0375000000000005,1.0,0.0,1.0,1.0,0.0,1.0,1.0,1.0
2020-05-29 12:06:28,-0.009999999999998,9.084,9.068,-0.0159999999999982,9.084,67.925,0.0375000000000005,1.0,0.0,1.0,1.0,0.0,1.0,1.0,1.0
2020-05-29 12:06:38,-0.0120000000000004,8.98,8.966,-0.0180000000000006,8.982,67.7,0.0375000000000005,1.0,0.0,1.0,1.0,0.0,1.0,1.0,1.0
2020-05-29 12:06:48,-0.0079999999999991,8.836,8.82,-0.0159999999999982,8.836,67.75,0.04,1.0,0.0,1.0,1.0,0.0,1.0,1.0,1.0
2020-05-29 12:06:58,-0.009999999999998,8.83,8.816,-0.0139999999999993,8.828,68.025,0.0375000000000005,1.0,0.0,1.0,1.0,0.0,1.0,1.0,1.0
2020-05-29 12:07:08,-0.009999999999998,8.822,8.808,-0.0159999999999982,8.82,67.95,0.04,1.0,0.0,1.0,1.0,0.0,1.0,1.0,1.0
2020-05-29 12:07:18,-0.0079999999999991,8.812,8.798,-0.0139999999999993,8.81,68.025,0.04,1.0,0.0,1.0,1.0,0.0,1.0,1.0,1.0
2020-05-29 12:07:28,-0.009999999999998,8.798,8.786,-0.0180000000000006,8.8,67.725,0.04,1.0,0.0,1.0,1.0,0.0,1.0,1.0,1.0
2020-05-29 12:07:38,-0.009999999999998,8.786,8.772,-0.0180000000000006,8.788,67.55,0.0375000000000005,1.0,0.0,1.0,1.0,0.0,1.0,1.0,1.0
2020-05-29 12:07:48,-0.009999999999998,8.772,8.76,-0.0180000000000006,8.774,67.5,0.0375000000000005,1.0,0.0,1.0,1.0,0.0,1.0,1.0,1.0
2020-05-29 12:07:58,-0.009999999999998,8.762,8.748,-0.0159999999999982,8.764,67.15,0.0375000000000005,1.0,0.0,1.0,1.0,0.0,1.0,1.0,1.0
2020-05-29 12:08:07,-0.0079999999999991,8.748,8.736,-0.0159999999999982,8.75,66.95,0.04,1.0,0.0,1.0,1.0,0.0,1.0,1.0,1.0
2020-05-29 12:08:17,-0.0079999999999991,8.734,8.722,-0.0180000000000006,8.738,66.625,0.0375000000000005,1.0,0.0,1.0,1.0,0.0,1.0,1.0,1.0
2020-05-29 12:08:27,-0.009999999999998,8.7,8.688,-0.0139999999999993,8.706,66.45,0.0375000000000005,1.0,0.0,1.0,1.0,0.0,1.0,1.0,1.0
2020-05-29 12:08:37,-0.0079999999999991,8.556,8.542,-0.0159999999999982,8.558,66.35,0.0375000000000005,1.0,0.0,1.0,1.0,0.0,1.0,1.0,1.0
2020-05-29 12:08:47,-0.009999999999998,8.55,8.538,-0.0159999999999982,8.552,66.225,0.0375000000000005,1.0,0.0,1.0,1.0,0.0,1.0,1.0,1.0
2020-05-29 12:08:57,-0.0079999999999991,8.542,8.528,-0.0159999999999982,8.544,66.05000000000001,0.0375000000000005,1.0,0.0,1.0,1.0,0.0,1.0,1.0,1.0
2020-05-29 12:09:07,-0.0079999999999991,8.532,8.52,-0.0159999999999982,8.536,65.95,0.0375000000000005,1.0,0.0,1.0,1.0,0.0,1.0,1.0,1.0
2020-05-29 12:09:17,-0.009999999999998,8.352,8.342,-0.0180000000000006,8.354,65.8,0.0375000000000005,1.0,0.0,1.0,1.0,0.0,1.0,1.0,1.0
2020-05-29 12:09:27,-0.009999999999998,8.284,8.27,-0.0180000000000006,8.286,65.575,0.0375000000000005,1.0,0.0,1.0,1.0,0.0,1.0,1.0,1.0
2020-05-29 12:09:37,-0.009999999999998,8.284,8.268,-0.0159999999999982,8.284,65.65,0.0375000000000005,1.0,0.0,1.0,1.0,0.0,1.0,1.0,1.0
2020-05-29 12:09:47,-0.0120000000000004,8.278,8.266,-0.0180000000000006,8.28,65.35,0.0375000000000005,1.0,0.0,1.0,1.0,0.0,1.0,1.0,1.0
2020-05-29 12:09:56,-0.009999999999998,8.272,8.258,-0.0159999999999982,8.274,65.32500000000002,0.04,1.0,0.0,1.0,1.0,0.0,1.0,1.0,1.0
2020-05-29 12:10:06,-0.0079999999999991,8.266,8.254,-0.0159999999999982,8.268,65.19999999999999,0.04,1.0,0.0,1.0,1.0,0.0,1.0,1.0,1.0
2020-05-29 12:10:16,-0.009999999999998,8.258,8.246,-0.0159999999999982,8.258,65.12500000000001,0.0375000000000005,1.0,0.0,1.0,1.0,0.0,1.0,1.0,1.0
2020-05-29 12:10:26,-0.009999999999998,8.25,8.236,-0.0159999999999982,8.25,65.025,0.0349999999999992,1.0,0.0,1.0,1.0,0.0,1.0,1.0,1.0
2020-05-29 12:10:36,-0.009999999999998,8.24,8.226,-0.0159999999999982,8.24,64.92500000000001,0.0375000000000005,1.0,0.0,1.0,1.0,0.0,1.0,1.0,1.0
2020-05-29 12:10:46,-0.009999999999998,8.23,8.218,-0.0159999999999982,8.232,64.825,0.04,1.0,0.0,1.0,1.0,0.0,1.0,1.0,1.0
2020-05-29 12:10:56,-0.009999999999998,8.22,8.208,-0.0159999999999982,8.222,64.75,0.0375000000000005,1.0,0.0,1.0,1.0,0.0,1.0,1.0,1.0
2020-05-29 12:11:06,-0.009999999999998,8.17,8.158,-0.0159999999999982,8.174,64.65,0.04,1.0,0.0,1.0,1.0,0.0,1.0,1.0,1.0
2020-05-29 12:11:16,4.162000000000001,7.994,-0.0240000000000009,-0.0180000000000006,7.996,64.6,4.7475000000000005,0.0,1.0,1.0,0.0,0.0,1.0,1.0,1.0
2020-05-29 12:11:26,8.386,7.922000000000001,-0.0219999999999984,-0.0180000000000006,7.922000000000001,64.45,5.720000000000001,0.0,1.0,1.0,0.0,0.0,1.0,1.0,1.0
2020-05-29 12:11:36,8.21,7.939999999999999,-0.0180000000000006,-0.0159999999999982,7.939999999999999,64.75,5.547500000000001,0.0,1.0,0.0,0.0,0.0,1.0,1.0,1.0
2020-05-29 12:11:45,8.616,8.176,-0.0139999999999993,-0.0159999999999982,8.176,65.45,5.787500000000001,0.0,1.0,0.0,0.0,0.0,1.0,1.0,1.0
2020-05-29 12:11:55,8.844,8.422,-0.0139999999999993,-0.0159999999999982,8.42,66.425,5.7125,0.0,1.0,0.0,0.0,0.0,1.0,1.0,1.0
2020-05-29 12:12:05,9.038,8.636,-0.0120000000000004,-0.0159999999999982,8.634,67.475,5.77,0.0,1.0,0.0,0.0,0.0,1.0,1.0,1.0
2020-05-29 12:12:15,9.222,8.834,-0.009999999999998,-0.0159999999999982,8.832,68.32499999999999,5.895,0.0,1.0,0.0,0.0,0.0,1.0,1.0,1.0
2020-05-29 12:12:25,9.398,9.022,-0.0120000000000004,-0.0180000000000006,9.018,69.32499999999999,5.817499999999999,0.0,1.0,0.0,0.0,0.0,1.0,1.0,1.0
2020-05-29 12:12:35,9.394,9.102,-0.009999999999998,-0.0159999999999982,9.1,70.37500000000001,5.954999999999998,0.0,1.0,1.0,0.0,0.0,1.0,1.0,1.0
2020-05-29 12:12:45,9.68,9.282,-0.0120000000000004,-0.0159999999999982,9.282,71.22500000000001,5.8775,0.0,1.0,1.0,0.0,0.0,1.0,1.0,1.0
2020-05-29 12:12:55,9.848,9.464,-0.009999999999998,-0.0159999999999982,9.46,71.925,5.977499999999999,0.0,1.0,1.0,0.0,0.0,1.0,1.0,1.0
2020-05-29 12:13:05,10.012,9.634,-0.0120000000000004,-0.0159999999999982,9.632,72.32499999999999,5.987499999999999,0.0,1.0,1.0,0.0,0.0,1.0,1.0,1.0
2020-05-29 12:13:15,10.18,9.816,-0.0079999999999991,-0.0180000000000006,9.814,72.725,6.15,0.0,1.0,1.0,0.0,0.0,1.0,1.0,1.0
2020-05-29 12:13:25,10.332,9.978,-0.0079999999999991,-0.0139999999999993,9.972,73.0,6.080000000000002,0.0,1.0,1.0,0.0,0.0,1.0,1.0,1.0
2020-05-29 12:13:34,9.354,10.024,-0.0079999999999991,-0.0159999999999982,10.02,73.30000000000001,5.869999999999999,0.0,1.0,0.0,0.0,0.0,1.0,1.0,1.0
2020-05-29 12:13:44,10.5,10.146,-0.009999999999998,-0.0159999999999982,10.142,73.675,6.1800000000000015,0.0,1.0,0.0,0.0,0.0,1.0,1.0,1.0
2020-05-29 12:13:54,-0.0199999999999995,10.156,10.158,-0.0139999999999993,10.152,73.6,3.7125,1.0,0.0,1.0,1.0,0.0,1.0,1.0,1.0
2020-05-29 12:14:04,-0.0199999999999995,10.108,10.106,-0.0159999999999982,10.106,73.6,3.7125,1.0,0.0,1.0,1.0,0.0,1.0,1.0,1.0
2020-05-29 12:14:14,-0.0180000000000006,10.072,10.068,-0.0159999999999982,10.07,73.50000000000001,3.692499999999999,1.0,0.0,1.0,1.0,0.0,1.0,1.0,1.0
2020-05-29 12:14:24,-0.0159999999999982,10.042,10.034,-0.0159999999999982,10.038,73.6,3.685000000000001,1.0,0.0,1.0,1.0,0.0,1.0,1.0,1.0
2020-05-29 12:14:34,-0.0139999999999993,10.014,10.006,-0.0159999999999982,10.012,73.725,3.695,1.0,0.0,1.0,1.0,0.0,1.0,1.0,1.0
2020-05-29 12:14:44,-0.0139999999999993,9.984,9.976,-0.0139999999999993,9.984,73.725,3.692499999999999,1.0,0.0,1.0,1.0,0.0,1.0,1.0,1.0
2020-05-29 12:14:54,-0.0139999999999993,9.962,9.952,-0.0159999999999982,9.962,73.8,3.754999999999999,1.0,0.0,1.0,1.0,0.0,1.0,1.0,1.0
2020-05-29 12:15:04,-0.0120000000000004,9.94,9.928,-0.0180000000000006,9.94,73.55000000000001,3.6999999999999993,1.0,0.0,1.0,1.0,0.0,1.0,1.0,1.0
2020-05-29 12:15:14,-0.009999999999998,9.918,9.908,-0.0139999999999993,9.918,73.30000000000001,3.66,1.0,0.0,1.0,1.0,0.0,1.0,1.0,1.0
2020-05-29 12:15:23,-0.009999999999998,9.898,9.886,-0.0139999999999993,9.898,72.975,3.7225,1.0,0.0,1.0,1.0,0.0,1.0,1.0,1.0
2020-05-29 12:15:33,-0.0060000000000002,9.88,9.87,-0.0120000000000004,9.88,72.625,3.76,1.0,0.0,1.0,1.0,0.0,1.0,1.0,1.0
2020-05-29 12:15:43,-0.009999999999998,9.86,9.848,-0.0159999999999982,9.86,72.42500000000001,3.789999999999999,1.0,0.0,1.0,1.0,0.0,1.0,1.0,1.0
2020-05-29 12:15:53,-0.009999999999998,9.84,9.828,-0.0159999999999982,9.84,72.17499999999998,3.7624999999999993,1.0,0.0,1.0,1.0,0.0,1.0,1.0,1.0
2020-05-29 12:16:03,-0.0079999999999991,9.822,9.81,-0.0139999999999993,9.822,72.0,3.78,1.0,0.0,1.0,1.0,0.0,1.0,1.0,1.0
2020-05-29 12:16:13,-0.0079999999999991,9.806,9.792,-0.0159999999999982,9.806,71.725,3.875,1.0,0.0,1.0,1.0,0.0,1.0,1.0,1.0
2020-05-29 12:16:23,-0.0079999999999991,9.79,9.774,-0.0159999999999982,9.79,71.42500000000001,3.782499999999999,1.0,0.0,1.0,1.0,0.0,1.0,1.0,1.0
2020-05-29 12:16:33,-0.009999999999998,9.772,9.756,-0.0159999999999982,9.772,71.025,3.8025,1.0,0.0,1.0,1.0,0.0,1.0,1.0,1.0
2020-05-29 12:16:43,-0.009999999999998,9.756,9.742,-0.0159999999999982,9.756,70.725,3.782499999999999,1.0,0.0,1.0,1.0,0.0,1.0,1.0,1.0
2020-05-29 12:16:53,-0.009999999999998,9.742,9.724,-0.0159999999999982,9.74,70.35,3.774999999999999,1.0,0.0,1.0,1.0,0.0,1.0,1.0,1.0
2020-05-29 12:17:03,-0.0079999999999991,9.726,9.71,-0.0159999999999982,9.724,69.725,3.77,1.0,0.0,1.0,1.0,0.0,1.0,1.0,1.0
2020-05-29 12:17:13,-0.009999999999998,9.708,9.694,-0.0159999999999982,9.708,69.52499999999999,3.7375000000000007,1.0,0.0,1.0,1.0,0.0,1.0,1.0,1.0
2020-05-29 12:17:22,-0.009999999999998,9.696,9.68,-0.0139999999999993,9.694,69.39999999999999,3.754999999999999,1.0,0.0,1.0,1.0,0.0,1.0,1.0,1.0
2020-05-29 12:17:32,-0.0079999999999991,9.68,9.666,-0.0159999999999982,9.678,69.27499999999999,3.7525,1.0,0.0,1.0,1.0,0.0,1.0,1.0,1.0
2020-05-29 12:17:42,-0.009999999999998,9.662,9.648,-0.0159999999999982,9.662,69.19999999999999,3.7925,1.0,0.0,1.0,1.0,0.0,1.0,1.0,1.0
2020-05-29 12:17:52,-0.009999999999998,9.646,9.632,-0.0159999999999982,9.646,69.12499999999999,3.6425,1.0,0.0,1.0,1.0,0.0,1.0,1.0,1.0
2020-05-29 12:18:02,-0.009999999999998,9.632,9.616,-0.0159999999999982,9.632,68.925,3.665000000000001,1.0,0.0,1.0,1.0,0.0,1.0,1.0,1.0
2020-05-29 12:18:12,-0.009999999999998,9.616,9.6,-0.0159999999999982,9.616,69.025,3.754999999999999,1.0,0.0,1.0,1.0,0.0,1.0,1.0,1.0
2020-05-29 12:18:22,-0.009999999999998,9.602,9.588,-0.0159999999999982,9.604,68.95,3.6575000000000006,1.0,0.0,1.0,1.0,0.0,1.0,1.0,1.0
2020-05-29 12:18:32,-0.0079999999999991,9.588,9.574,-0.0159999999999982,9.588,69.0,3.6975,1.0,0.0,1.0,1.0,0.0,1.0,1.0,1.0
2020-05-29 12:18:42,-0.009999999999998,9.57,9.556,-0.0159999999999982,9.572,69.025,3.745000000000001,1.0,0.0,1.0,1.0,0.0,1.0,1.0,1.0
2020-05-29 12:18:52,-0.0079999999999991,9.558,9.544,-0.0139999999999993,9.558,68.925,3.6625,1.0,0.0,1.0,1.0,0.0,1.0,1.0,1.0
2020-05-29 12:19:02,-0.0079999999999991,9.544,9.528,-0.0159999999999982,9.544,68.625,3.655000000000001,1.0,0.0,1.0,1.0,0.0,1.0,1.0,1.0
2020-05-29 12:19:11,-0.009999999999998,9.526,9.514,-0.0180000000000006,9.528,68.825,3.745000000000001,1.0,0.0,1.0,1.0,0.0,1.0,1.0,1.0
2020-05-29 12:19:21,-0.009999999999998,9.514,9.5,-0.0159999999999982,9.516,68.925,3.7125,1.0,0.0,1.0,1.0,0.0,1.0,1.0,1.0
2020-05-29 12:19:31,-0.0079999999999991,9.5,9.486,-0.0159999999999982,9.5,69.04999999999998,3.65,1.0,0.0,1.0,1.0,0.0,1.0,1.0,1.0
2020-05-29 12:19:41,-0.009999999999998,9.484,9.468,-0.0159999999999982,9.484,69.12499999999999,3.655000000000001,1.0,0.0,1.0,1.0,0.0,1.0,1.0,1.0
2020-05-29 12:19:51,-0.009999999999998,9.468,9.454,-0.0159999999999982,9.47,69.37500000000001,3.695,1.0,0.0,1.0,1.0,0.0,1.0,1.0,1.0
2020-05-29 12:20:01,-0.0079999999999991,9.454,9.438,-0.0159999999999982,9.456,69.32499999999999,3.764999999999999,1.0,0.0,1.0,1.0,0.0,1.0,1.0,1.0
2020-05-29 12:20:11,-0.0060000000000002,9.438,9.424,-0.0159999999999982,9.438,69.425,3.772499999999999,1.0,0.0,1.0,1.0,0.0,1.0,1.0,1.0
2020-05-29 12:20:21,-0.0079999999999991,9.422,9.408,-0.0159999999999982,9.424,69.30000000000001,3.78,1.0,0.0,1.0,1.0,0.0,1.0,1.0,1.0
2020-05-29 12:20:31,-0.0079999999999991,9.408,9.396,-0.0159999999999982,9.41,69.30000000000001,3.735000000000001,1.0,0.0,1.0,1.0,0.0,1.0,1.0,1.0
2020-05-29 12:20:41,-0.0079999999999991,9.392,9.38,-0.0159999999999982,9.394,69.19999999999999,0.0449999999999999,1.0,0.0,1.0,1.0,0.0,1.0,1.0,1.0
2020-05-29 12:20:51,-0.009999999999998,9.376,9.364,-0.0159999999999982,9.378,69.32499999999999,0.0424999999999995,1.0,0.0,1.0,1.0,0.0,1.0,1.0,1.0
2020-05-29 12:21:01,-0.009999999999998,9.36,9.346,-0.0159999999999982,9.362,69.52499999999999,0.04,1.0,0.0,1.0,1.0,0.0,1.0,1.0,1.0
2020-05-29 12:21:11,-0.009999999999998,9.344,9.332,-0.0159999999999982,9.346,69.75,0.04,1.0,0.0,1.0,1.0,0.0,1.0,1.0,1.0
2020-05-29 12:21:20,-0.009999999999998,9.326,9.314,-0.0159999999999982,9.328,69.625,0.0375000000000005,1.0,0.0,1.0,1.0,0.0,1.0,1.0,1.0
2020-05-29 12:21:30,-0.009999999999998,9.312,9.298,-0.0159999999999982,9.312,69.44999999999999,0.04,1.0,0.0,1.0,1.0,0.0,1.0,1.0,1.0
2020-05-29 12:21:40,-0.009999999999998,9.292,9.28,-0.0159999999999982,9.294,69.32499999999999,0.0375000000000005,1.0,0.0,1.0,1.0,0.0,1.0,1.0,1.0
2020-05-29 12:21:50,-0.009999999999998,9.278,9.264,-0.0139999999999993,9.278,68.925,0.0375000000000005,1.0,0.0,1.0,1.0,0.0,1.0,1.0,1.0
2020-05-29 12:22:00,-0.0079999999999991,9.262,9.248,-0.0139999999999993,9.264,68.825,0.0375000000000005,1.0,0.0,1.0,1.0,0.0,1.0,1.0,1.0
2020-05-29 12:22:10,-0.0079999999999991,9.244,9.232,-0.0139999999999993,9.246,68.52499999999999,0.0349999999999992,1.0,0.0,1.0,1.0,0.0,1.0,1.0,1.0
2020-05-29 12:22:20,-0.009999999999998,9.228,9.214,-0.0139999999999993,9.232,68.32499999999999,0.04,1.0,0.0,1.0,1.0,0.0,1.0,1.0,1.0
2020-05-29 12:22:30,-0.009999999999998,9.21,9.196,-0.0139999999999993,9.214,68.32499999999999,0.0375000000000005,1.0,0.0,1.0,1.0,0.0,1.0,1.0,1.0
2020-05-29 12:22:40,-0.009999999999998,9.194,9.18,-0.0139999999999993,9.196,68.22500000000001,0.04,1.0,0.0,1.0,1.0,0.0,1.0,1.0,1.0
2020-05-29 12:22:50,-0.009999999999998,9.176,9.162,-0.0159999999999982,9.178,68.17500000000001,0.04,1.0,0.0,1.0,1.0,0.0,1.0,1.0,1.0
2020-05-29 12:23:00,-0.009999999999998,9.158,9.146,-0.0139999999999993,9.16,67.95,0.04,1.0,0.0,1.0,1.0,0.0,1.0,1.0,1.0
2020-05-29 12:23:09,-0.009999999999998,9.142,9.13,-0.0159999999999982,9.144,67.75,0.0375000000000005,1.0,0.0,1.0,1.0,0.0,1.0,1.0,1.0
2020-05-29 12:23:19,-0.009999999999998,9.124,9.114,-0.0139999999999993,9.13,67.575,0.0375000000000005,1.0,0.0,1.0,1.0,0.0,1.0,1.0,1.0
2020-05-29 12:23:29,-0.009999999999998,9.108,9.096,-0.0139999999999993,9.112,67.425,0.0375000000000005,1.0,0.0,1.0,1.0,0.0,1.0,1.0,1.0
2020-05-29 12:23:39,-0.009999999999998,9.094,9.08,-0.0139999999999993,9.098,67.27499999999999,0.0375000000000005,1.0,0.0,1.0,1.0,0.0,1.0,1.0,1.0
2020-05-29 12:23:49,-0.009999999999998,9.076,9.064,-0.0159999999999982,9.078,67.12499999999999,0.0375000000000005,1.0,0.0,1.0,1.0,0.0,1.0,1.0,1.0
2020-05-29 12:23:59,-0.009999999999998,9.058,9.046,-0.0159999999999982,9.062,67.10000000000001,0.0375000000000005,1.0,0.0,1.0,1.0,0.0,1.0,1.0,1.0
2020-05-29 12:24:09,-0.009999999999998,9.04,9.028,-0.0139999999999993,9.044,67.05000000000001,0.0375000000000005,1.0,0.0,1.0,1.0,0.0,1.0,1.0,1.0
2020-05-29 12:24:19,-0.009999999999998,9.024,9.012,-0.0139999999999993,9.024,66.825,0.0375000000000005,1.0,0.0,1.0,1.0,0.0,1.0,1.0,1.0
2020-05-29 12:24:29,-0.009999999999998,9.008,8.996,-0.0159999999999982,9.008,66.65,0.0375000000000005,1.0,0.0,1.0,1.0,0.0,1.0,1.0,1.0
2020-05-29 12:24:39,-0.009999999999998,8.99,8.976,-0.0139999999999993,8.992,66.52499999999999,0.04,1.0,0.0,1.0,1.0,0.0,1.0,1.0,1.0
2020-05-29 12:24:49,-0.009999999999998,8.972,8.96,-0.0159999999999982,8.976,66.625,0.0349999999999992,1.0,0.0,1.0,1.0,0.0,1.0,1.0,1.0
2020-05-29 12:24:59,-0.009999999999998,8.956,8.944,-0.0159999999999982,8.96,66.39999999999999,0.0375000000000005,1.0,0.0,1.0,1.0,0.0,1.0,1.0,1.0
2020-05-29 12:25:08,-0.0079999999999991,8.942,8.93,-0.0139999999999993,8.946,66.225,0.04,1.0,0.0,1.0,1.0,0.0,1.0,1.0,1.0
2020-05-29 12:25:18,-0.0120000000000004,8.922,8.908,-0.0159999999999982,8.924,66.225,0.0375000000000005,1.0,0.0,1.0,1.0,0.0,1.0,1.0,1.0
2020-05-29 12:25:28,-0.009999999999998,8.906,8.892,-0.0159999999999982,8.908,66.025,0.0375000000000005,1.0,0.0,1.0,1.0,0.0,1.0,1.0,1.0
2020-05-29 12:25:38,-0.0120000000000004,8.888,8.874,-0.0159999999999982,8.888,65.825,0.0375000000000005,1.0,0.0,1.0,1.0,0.0,1.0,1.0,1.0
2020-05-29 12:25:48,-0.0079999999999991,8.872,8.86,-0.0139999999999993,8.874,65.65,0.0375000000000005,1.0,0.0,1.0,1.0,0.0,1.0,1.0,1.0
2020-05-29 12:25:58,-0.009999999999998,8.854,8.842,-0.0159999999999982,8.856,65.725,0.04,1.0,0.0,1.0,1.0,0.0,1.0,1.0,1.0
2020-05-29 12:26:08,-0.0120000000000004,8.838,8.824,-0.0159999999999982,8.838,65.5,0.0375000000000005,1.0,0.0,1.0,1.0,0.0,1.0,1.0,1.0
2020-05-29 12:26:18,-0.0120000000000004,8.816,8.804,-0.0180000000000006,8.818,65.625,0.0375000000000005,1.0,0.0,1.0,1.0,0.0,1.0,1.0,1.0
2020-05-29 12:26:28,-0.009999999999998,8.802,8.788,-0.0139999999999993,8.804,65.45,0.0375000000000005,1.0,0.0,1.0,1.0,0.0,1.0,1.0,1.0
2020-05-29 12:26:38,-0.0120000000000004,8.78,8.77,-0.0159999999999982,8.786,65.525,0.0375000000000005,1.0,0.0,1.0,1.0,0.0,1.0,1.0,1.0
2020-05-29 12:26:48,-0.0120000000000004,8.768,8.752,-0.0180000000000006,8.766,65.425,0.0375000000000005,1.0,0.0,1.0,1.0,0.0,1.0,1.0,1.0
2020-05-29 12:26:57,-0.009999999999998,8.752,8.738,-0.0159999999999982,8.752,65.35,0.04,1.0,0.0,1.0,1.0,0.0,1.0,1.0,1.0
2020-05-29 12:27:07,-0.009999999999998,8.734,8.72,-0.0159999999999982,8.736,65.225,0.0375000000000005,1.0,0.0,1.0,1.0,0.0,1.0,1.0,1.0
2020-05-29 12:27:17,-0.0120000000000004,8.718,8.704,-0.0159999999999982,8.72,65.32500000000002,0.0375000000000005,1.0,0.0,1.0,1.0,0.0,1.0,1.0,1.0
2020-05-29 12:27:27,-0.0120000000000004,8.702,8.69,-0.0159999999999982,8.706,65.14999999999999,0.0375000000000005,1.0,0.0,1.0,1.0,0.0,1.0,1.0,1.0
2020-05-29 12:27:37,-0.009999999999998,8.69,8.676,-0.0139999999999993,8.694,65.10000000000001,0.04,1.0,0.0,1.0,1.0,0.0,1.0,1.0,1.0
2020-05-29 12:27:47,-0.009999999999998,8.672,8.66,-0.0159999999999982,8.676,65.05000000000001,0.0375000000000005,1.0,0.0,1.0,1.0,0.0,1.0,1.0,1.0
2020-05-29 12:27:57,-0.009999999999998,8.658,8.646,-0.0159999999999982,8.662,64.85000000000001,0.04,1.0,0.0,1.0,1.0,0.0,1.0,1.0,1.0
2020-05-29 12:28:07,-0.009999999999998,8.644,8.632,-0.0159999999999982,8.65,64.825,0.0349999999999992,1.0,0.0,1.0,1.0,0.0,1.0,1.0,1.0
2020-05-29 12:28:17,-0.009999999999998,8.598,8.588,-0.0159999999999982,8.604,64.825,0.0375000000000005,1.0,0.0,1.0,1.0,0.0,1.0,1.0,1.0
2020-05-29 12:28:27,-0.009999999999998,8.588,8.574,-0.0180000000000006,8.592,64.75,0.0375000000000005,1.0,0.0,1.0,1.0,0.0,1.0,1.0,1.0
2020-05-29 12:28:37,-0.009999999999998,8.572,8.56,-0.0159999999999982,8.574,64.7,0.0375000000000005,1.0,0.0,1.0,1.0,0.0,1.0,1.0,1.0
2020-05-29 12:28:47,-0.009999999999998,8.558,8.546,-0.0159999999999982,8.56,64.6,0.0375000000000005,1.0,0.0,1.0,1.0,0.0,1.0,1.0,1.0
2020-05-29 12:28:56,-0.009999999999998,8.542,8.528,-0.0159999999999982,8.544,64.65,0.0375000000000005,1.0,0.0,1.0,1.0,0.0,1.0,1.0,1.0
2020-05-29 12:29:06,-0.009999999999998,8.526,8.514,-0.0159999999999982,8.528,64.475,0.0375000000000005,1.0,0.0,1.0,1.0,0.0,1.0,1.0,1.0
2020-05-29 12:29:16,-0.009999999999998,8.512,8.5,-0.0159999999999982,8.512,64.425,0.0375000000000005,1.0,0.0,1.0,1.0,0.0,1.0,1.0,1.0
2020-05-29 12:29:26,-0.009999999999998,8.498,8.486,-0.0159999999999982,8.498,64.32500000000002,0.0349999999999992,1.0,0.0,1.0,1.0,0.0,1.0,1.0,1.0
2020-05-29 12:29:36,-0.009999999999998,8.466,8.454,-0.0159999999999982,8.468,64.35,0.0375000000000005,1.0,0.0,1.0,1.0,0.0,1.0,1.0,1.0
2020-05-29 12:29:46,-0.009999999999998,8.452,8.442,-0.0180000000000006,8.456,64.27499999999999,0.0375000000000005,1.0,0.0,1.0,1.0,0.0,1.0,1.0,1.0
2020-05-29 12:29:56,-0.009999999999998,8.438,8.426,-0.0180000000000006,8.44,64.14999999999999,0.0375000000000005,1.0,0.0,1.0,1.0,0.0,1.0,1.0,1.0
2020-05-29 12:30:06,-0.0120000000000004,8.424,8.412,-0.0180000000000006,8.426,64.07499999999999,0.0375000000000005,1.0,0.0,1.0,1.0,0.0,1.0,1.0,1.0
2020-05-29 12:30:16,-0.0120000000000004,8.39,8.376,-0.0180000000000006,8.39,63.85000000000001,0.0375000000000005,1.0,0.0,1.0,1.0,0.0,1.0,1.0,1.0
2020-05-29 12:30:26,-0.0120000000000004,8.376,8.366,-0.0159999999999982,8.378,63.775000000000006,0.0375000000000005,1.0,0.0,1.0,1.0,0.0,1.0,1.0,1.0
2020-05-29 12:30:36,-0.0120000000000004,8.362,8.35,-0.0159999999999982,8.364,63.775000000000006,0.04,1.0,0.0,1.0,1.0,0.0,1.0,1.0,1.0
2020-05-29 12:30:45,-0.0120000000000004,8.35,8.338,-0.0159999999999982,8.352,63.650000000000006,0.0375000000000005,1.0,0.0,1.0,1.0,0.0,1.0,1.0,1.0
2020-05-29 12:30:55,-0.0120000000000004,8.338,8.326,-0.0159999999999982,8.34,63.675,0.0375000000000005,1.0,0.0,1.0,1.0,0.0,1.0,1.0,1.0
2020-05-29 12:31:05,-0.0120000000000004,8.324,8.312,-0.0159999999999982,8.326,63.625,0.0375000000000005,1.0,0.0,1.0,1.0,0.0,1.0,1.0,1.0
2020-05-29 12:31:15,-0.009999999999998,8.312,8.298,-0.0159999999999982,8.314,63.75,0.0375000000000005,1.0,0.0,1.0,1.0,0.0,1.0,1.0,1.0
2020-05-29 12:31:25,-0.0120000000000004,8.248,8.236,-0.0180000000000006,8.25,63.825,0.0375000000000005,1.0,0.0,1.0,1.0,0.0,1.0,1.0,1.0
2020-05-29 12:31:35,-0.0120000000000004,8.222,8.21,-0.0159999999999982,8.224,63.775000000000006,0.0375000000000005,1.0,0.0,1.0,1.0,0.0,1.0,1.0,1.0
2020-05-29 12:31:45,-0.009999999999998,8.21,8.198,-0.0180000000000006,8.214,63.79999999999998,0.0375000000000005,1.0,0.0,1.0,1.0,0.0,1.0,1.0,1.0
2020-05-29 12:31:55,-0.009999999999998,8.2,8.188,-0.0159999999999982,8.202,63.775000000000006,0.0375000000000005,1.0,0.0,1.0,1.0,0.0,1.0,1.0,1.0
2020-05-29 12:32:05,-0.0120000000000004,8.188,8.176,-0.0159999999999982,8.19,63.72500000000001,0.04,1.0,0.0,1.0,1.0,0.0,1.0,1.0,1.0
2020-05-29 12:32:15,-0.0120000000000004,8.176,8.166,-0.0159999999999982,8.178,63.79999999999998,0.04,1.0,0.0,1.0,1.0,0.0,1.0,1.0,1.0
2020-05-29 12:32:25,-0.0120000000000004,8.166,8.152,-0.0159999999999982,8.168,63.625,0.0375000000000005,1.0,0.0,1.0,1.0,0.0,1.0,1.0,1.0
2020-05-29 12:32:34,-0.0120000000000004,8.152,8.142,-0.0159999999999982,8.154,63.650000000000006,0.0375000000000005,1.0,0.0,1.0,1.0,0.0,1.0,1.0,1.0
2020-05-29 12:32:44,-0.009999999999998,8.14,8.13,-0.0159999999999982,8.142,63.45,0.0375000000000005,1.0,0.0,1.0,1.0,0.0,1.0,1.0,1.0
2020-05-29 12:32:54,-0.0120000000000004,8.126,8.116,-0.0159999999999982,8.13,63.45,0.0375000000000005,1.0,0.0,1.0,1.0,0.0,1.0,1.0,1.0
2020-05-29 12:33:04,-0.0120000000000004,8.114,8.104,-0.0159999999999982,8.118,63.45,0.0349999999999992,1.0,0.0,1.0,1.0,0.0,1.0,1.0,1.0
2020-05-29 12:33:14,-0.0120000000000004,8.104,8.094,-0.0159999999999982,8.106,63.375,0.0375000000000005,1.0,0.0,1.0,1.0,0.0,1.0,1.0,1.0
2020-05-29 12:33:24,-0.0120000000000004,8.092,8.084,-0.0159999999999982,8.094,63.3,0.0375000000000005,1.0,0.0,1.0,1.0,0.0,1.0,1.0,1.0
2020-05-29 12:33:34,6.128,8.078,-0.0219999999999984,-0.0159999999999982,8.08,63.25,5.149999999999999,0.0,1.0,0.0,0.0,0.0,1.0,1.0,1.0
2020-05-29 12:33:44,8.674,8.218,-0.0219999999999984,-0.0180000000000006,8.218,63.175,5.834999999999999,0.0,1.0,0.0,0.0,0.0,1.0,1.0,1.0
2020-05-29 12:33:54,8.91,8.472,-0.0180000000000006,-0.0180000000000006,8.47,63.72500000000001,5.73,0.0,1.0,0.0,0.0,0.0,1.0,1.0,1.0
2020-05-29 12:34:04,9.112,8.692,-0.0139999999999993,-0.0159999999999982,8.688,64.35,5.905000000000001,0.0,1.0,0.0,0.0,0.0,1.0,1.0,1.0
2020-05-29 12:34:14,9.194,8.784,-0.0120000000000004,-0.0159999999999982,8.782,65.39999999999999,5.907500000000001,0.0,1.0,1.0,0.0,0.0,1.0,1.0,1.0
2020-05-29 12:34:23,9.408,8.994,-0.009999999999998,-0.0159999999999982,8.988,66.5,5.852500000000001,0.0,1.0,1.0,0.0,0.0,1.0,1.0,1.0
2020-05-29 12:34:33,9.602,9.202,-0.009999999999998,-0.0159999999999982,9.198,67.625,5.960000000000001,0.0,1.0,1.0,0.0,0.0,1.0,1.0,1.0
2020-05-29 12:34:43,9.77,9.386,-0.0079999999999991,-0.0159999999999982,9.382,68.52499999999999,6.074999999999999,0.0,1.0,1.0,0.0,0.0,1.0,1.0,1.0
2020-05-29 12:34:53,9.914,9.538,-0.0079999999999991,-0.0159999999999982,9.532,69.5,6.0175,0.0,1.0,1.0,0.0,0.0,1.0,1.0,1.0
2020-05-29 12:35:03,10.088,9.722,-0.0079999999999991,-0.0180000000000006,9.716,70.625,5.98,0.0,1.0,1.0,0.0,0.0,1.0,1.0,1.0
2020-05-29 12:35:13,10.064,9.738,-0.0079999999999991,-0.0159999999999982,9.732,71.7,6.067499999999999,0.0,1.0,0.0,0.0,0.0,1.0,1.0,1.0
2020-05-29 12:35:23,10.27,9.902,-0.0079999999999991,-0.0159999999999982,9.898,72.7,6.192500000000001,0.0,1.0,0.0,0.0,0.0,1.0,1.0,1.0
2020-05-29 12:35:33,10.42,10.06,-0.0079999999999991,-0.0180000000000006,10.056,73.32499999999999,6.087499999999999,0.0,1.0,0.0,0.0,0.0,1.0,1.0,1.0
2020-05-29 12:35:43,-0.0159999999999982,10.16,10.162,-0.009999999999998,10.156,73.70000000000002,3.875,1.0,0.0,1.0,1.0,0.0,1.0,1.0,1.0
2020-05-29 12:35:53,-0.0219999999999984,10.112,10.112,-0.0159999999999982,10.106,73.925,3.7375000000000007,1.0,0.0,1.0,1.0,0.0,1.0,1.0,1.0
2020-05-29 12:36:03,-0.0199999999999995,10.072,10.068,-0.0159999999999982,10.066,73.725,3.695,1.0,0.0,1.0,1.0,0.0,1.0,1.0,1.0
2020-05-29 12:36:13,-0.0180000000000006,10.034,10.028,-0.0159999999999982,10.028,73.52499999999999,3.785,1.0,0.0,1.0,1.0,0.0,1.0,1.0,1.0
2020-05-29 12:36:22,-0.0159999999999982,10.004,9.998,-0.0159999999999982,10.0,73.50000000000001,3.692499999999999,1.0,0.0,1.0,1.0,0.0,1.0,1.0,1.0
2020-05-29 12:36:32,-0.0139999999999993,9.976,9.968,-0.0159999999999982,9.972,73.475,3.6975,1.0,0.0,1.0,1.0,0.0,1.0,1.0,1.0
2020-05-29 12:36:42,-0.0159999999999982,9.948,9.94,-0.0180000000000006,9.946,73.22500000000001,3.715,1.0,0.0,1.0,1.0,0.0,1.0,1.0,1.0
2020-05-29 12:36:52,-0.0120000000000004,9.926,9.916,-0.0159999999999982,9.924,73.075,3.789999999999999,1.0,0.0,1.0,1.0,0.0,1.0,1.0,1.0
2020-05-29 12:37:02,-0.0120000000000004,9.904,9.892,-0.0159999999999982,9.902,72.9,3.75,1.0,0.0,1.0,1.0,0.0,1.0,1.0,1.0
2020-05-29 12:37:12,-0.0120000000000004,9.882,9.872,-0.0180000000000006,9.88,72.39999999999999,3.7075,1.0,0.0,1.0,1.0,0.0,1.0,1.0,1.0
2020-05-29 12:37:22,-0.009999999999998,9.862,9.848,-0.0159999999999982,9.86,72.125,3.702500000000001,1.0,0.0,1.0,1.0,0.0,1.0,1.0,1.0
2020-05-29 12:37:32,-0.009999999999998,9.842,9.83,-0.0159999999999982,9.842,71.825,3.710000000000001,1.0,0.0,1.0,1.0,0.0,1.0,1.0,1.0
2020-05-29 12:37:42,-0.009999999999998,9.824,9.812,-0.0159999999999982,9.822,71.6,3.735000000000001,1.0,0.0,1.0,1.0,0.0,1.0,1.0,1.0
2020-05-29 12:37:52,-0.0079999999999991,9.804,9.792,-0.0159999999999982,9.804,71.35000000000001,3.764999999999999,1.0,0.0,1.0,1.0,0.0,1.0,1.0,1.0
2020-05-29 12:38:02,-0.009999999999998,9.786,9.776,-0.0159999999999982,9.786,71.05,3.782499999999999,1.0,0.0,1.0,1.0,0.0,1.0,1.0,1.0
2020-05-29 12:38:11,-0.009999999999998,9.77,9.76,-0.0180000000000006,9.77,70.75,3.754999999999999,1.0,0.0,1.0,1.0,0.0,1.0,1.0,1.0
2020-05-29 12:38:21,-0.009999999999998,9.756,9.742,-0.0180000000000006,9.752,70.57500000000002,3.6750000000000007,1.0,0.0,1.0,1.0,0.0,1.0,1.0,1.0
2020-05-29 12:38:31,-0.009999999999998,9.738,9.724,-0.0180000000000006,9.736,70.32499999999999,3.745000000000001,1.0,0.0,1.0,1.0,0.0,1.0,1.0,1.0
2020-05-29 12:38:41,-0.0079999999999991,9.722,9.708,-0.0180000000000006,9.72,70.025,3.7624999999999993,1.0,0.0,1.0,1.0,0.0,1.0,1.0,1.0
2020-05-29 12:38:51,-0.009999999999998,9.706,9.692,-0.0180000000000006,9.704,69.825,3.69,1.0,0.0,1.0,1.0,0.0,1.0,1.0,1.0
2020-05-29 12:39:01,-0.009999999999998,9.69,9.676,-0.0180000000000006,9.688,69.55,3.710000000000001,1.0,0.0,1.0,1.0,0.0,1.0,1.0,1.0
2020-05-29 12:39:11,-0.009999999999998,9.676,9.658,-0.0159999999999982,9.674,69.55,3.7525,1.0,0.0,1.0,1.0,0.0,1.0,1.0,1.0
2020-05-29 12:39:21,-0.0079999999999991,9.66,9.646,-0.0159999999999982,9.658,69.22500000000001,3.774999999999999,1.0,0.0,1.0,1.0,0.0,1.0,1.0,1.0
2020-05-29 12:39:31,-0.009999999999998,9.64,9.626,-0.0180000000000006,9.642,69.04999999999998,3.69,1.0,0.0,1.0,1.0,0.0,1.0,1.0,1.0
2020-05-29 12:39:41,-0.0079999999999991,9.624,9.612,-0.0159999999999982,9.624,69.10000000000001,3.6775,1.0,0.0,1.0,1.0,0.0,1.0,1.0,1.0
2020-05-29 12:39:51,-0.0079999999999991,9.608,9.596,-0.0180000000000006,9.61,68.95,3.727500000000001,1.0,0.0,1.0,1.0,0.0,1.0,1.0,1.0
2020-05-29 12:40:00,-0.0079999999999991,9.594,9.582,-0.0159999999999982,9.596,69.04999999999998,3.7675,1.0,0.0,1.0,1.0,0.0,1.0,1.0,1.0
2020-05-29 12:40:10,-0.0079999999999991,9.578,9.564,-0.0159999999999982,9.578,69.10000000000001,3.735000000000001,1.0,0.0,1.0,1.0,0.0,1.0,1.0,1.0
2020-05-29 12:40:20,-0.009999999999998,9.562,9.548,-0.0180000000000006,9.562,69.04999999999998,3.692499999999999,1.0,0.0,1.0,1.0,0.0,1.0,1.0,1.0
2020-05-29 12:40:30,-0.0079999999999991,9.55,9.536,-0.0159999999999982,9.55,68.97500000000001,3.665000000000001,1.0,0.0,1.0,1.0,0.0,1.0,1.0,1.0
2020-05-29 12:40:40,-0.009999999999998,9.534,9.518,-0.0180000000000006,9.534,69.15,3.7675,1.0,0.0,1.0,1.0,0.0,1.0,1.0,1.0
2020-05-29 12:40:50,-0.0079999999999991,9.518,9.504,-0.0159999999999982,9.52,69.15,3.745000000000001,1.0,0.0,1.0,1.0,0.0,1.0,1.0,1.0
2020-05-29 12:41:00,-0.0079999999999991,9.506,9.49,-0.0180000000000006,9.506,69.24999999999999,3.6975,1.0,0.0,1.0,1.0,0.0,1.0,1.0,1.0
2020-05-29 12:41:10,-0.009999999999998,9.488,9.478,-0.0180000000000006,9.492,69.35,3.6525,1.0,0.0,1.0,1.0,0.0,1.0,1.0,1.0
2020-05-29 12:41:20,-0.0079999999999991,9.476,9.46,-0.0159999999999982,9.478,69.32499999999999,3.710000000000001,1.0,0.0,1.0,1.0,0.0,1.0,1.0,1.0
2020-05-29 12:41:30,-0.0079999999999991,9.462,9.448,-0.0159999999999982,9.462,69.22500000000001,3.772499999999999,1.0,0.0,1.0,1.0,0.0,1.0,1.0,1.0
2020-05-29 12:41:40,-0.0079999999999991,9.448,9.432,-0.0159999999999982,9.448,69.025,3.7624999999999993,1.0,0.0,1.0,1.0,0.0,1.0,1.0,1.0
2020-05-29 12:41:49,-0.009999999999998,9.428,9.416,-0.0180000000000006,9.43,68.95,3.727500000000001,1.0,0.0,1.0,1.0,0.0,1.0,1.0,1.0
2020-05-29 12:41:59,-0.009999999999998,9.414,9.402,-0.0159999999999982,9.416,68.85,3.735000000000001,1.0,0.0,1.0,1.0,0.0,1.0,1.0,1.0
2020-05-29 12:42:09,-0.0079999999999991,9.4,9.388,-0.0159999999999982,9.402,68.95,3.7375000000000007,1.0,0.0,1.0,1.0,0.0,1.0,1.0,1.0
2020-05-29 12:42:19,-0.009999999999998,9.386,9.374,-0.0159999999999982,9.386,68.85,3.7375000000000007,1.0,0.0,1.0,1.0,0.0,1.0,1.0,1.0
2020-05-29 12:42:29,-0.0079999999999991,9.372,9.358,-0.0159999999999982,9.372,68.825,3.7525,1.0,0.0,1.0,1.0,0.0,1.0,1.0,1.0
2020-05-29 12:42:39,-0.0079999999999991,9.358,9.346,-0.0159999999999982,9.358,68.825,0.0424999999999995,1.0,0.0,1.0,1.0,0.0,1.0,1.0,1.0
2020-05-29 12:42:49,-0.0079999999999991,9.342,9.33,-0.0159999999999982,9.344,68.725,0.04,1.0,0.0,1.0,1.0,0.0,1.0,1.0,1.0
2020-05-29 12:42:59,-0.009999999999998,9.326,9.316,-0.0159999999999982,9.328,68.725,0.04,1.0,0.0,1.0,1.0,0.0,1.0,1.0,1.0
2020-05-29 12:43:09,-0.0079999999999991,9.312,9.3,-0.0159999999999982,9.314,68.52499999999999,0.04,1.0,0.0,1.0,1.0,0.0,1.0,1.0,1.0
2020-05-29 12:43:19,-0.0079999999999991,9.298,9.286,-0.0159999999999982,9.3,68.22500000000001,0.04,1.0,0.0,1.0,1.0,0.0,1.0,1.0,1.0
2020-05-29 12:43:29,-0.009999999999998,9.282,9.268,-0.0159999999999982,9.284,67.875,0.04,1.0,0.0,1.0,1.0,0.0,1.0,1.0,1.0
2020-05-29 12:43:38,-0.0079999999999991,9.268,9.256,-0.0159999999999982,9.27,67.65,0.0375000000000005,1.0,0.0,1.0,1.0,0.0,1.0,1.0,1.0
2020-05-29 12:43:48,-0.009999999999998,9.254,9.24,-0.0180000000000006,9.254,67.35,0.0375000000000005,1.0,0.0,1.0,1.0,0.0,1.0,1.0,1.0
2020-05-29 12:43:58,-0.009999999999998,9.24,9.226,-0.0180000000000006,9.242,67.07499999999999,0.04,1.0,0.0,1.0,1.0,0.0,1.0,1.0,1.0
2020-05-29 12:44:08,-0.0079999999999991,9.226,9.212,-0.0139999999999993,9.226,66.875,0.04,1.0,0.0,1.0,1.0,0.0,1.0,1.0,1.0
2020-05-29 12:44:18,-0.009999999999998,9.208,9.196,-0.0159999999999982,9.21,66.7,0.04,1.0,0.0,1.0,1.0,0.0,1.0,1.0,1.0
2020-05-29 12:44:28,-0.009999999999998,9.196,9.184,-0.0159999999999982,9.198,66.52499999999999,0.0375000000000005,1.0,0.0,1.0,1.0,0.0,1.0,1.0,1.0
2020-05-29 12:44:38,-0.0079999999999991,9.18,9.166,-0.0180000000000006,9.182,66.425,0.0375000000000005,1.0,0.0,1.0,1.0,0.0,1.0,1.0,1.0
2020-05-29 12:44:48,-0.009999999999998,9.166,9.154,-0.0139999999999993,9.168,66.225,0.0375000000000005,1.0,0.0,1.0,1.0,0.0,1.0,1.0,1.0
2020-05-29 12:44:58,-0.009999999999998,9.152,9.138,-0.0159999999999982,9.154,66.17500000000001,0.04,1.0,0.0,1.0,1.0,0.0,1.0,1.0,1.0
2020-05-29 12:45:08,-0.0079999999999991,9.138,9.124,-0.0159999999999982,9.14,66.025,0.0375000000000005,1.0,0.0,1.0,1.0,0.0,1.0,1.0,1.0
2020-05-29 12:45:18,-0.009999999999998,9.124,9.11,-0.0159999999999982,9.126,65.97500000000001,0.0375000000000005,1.0,0.0,1.0,1.0,0.0,1.0,1.0,1.0
2020-05-29 12:45:27,-0.0079999999999991,9.112,9.098,-0.0139999999999993,9.112,65.825,0.0375000000000005,1.0,0.0,1.0,1.0,0.0,1.0,1.0,1.0
2020-05-29 12:45:37,-0.009999999999998,9.094,9.082,-0.0159999999999982,9.098,65.725,0.0375000000000005,1.0,0.0,1.0,1.0,0.0,1.0,1.0,1.0
2020-05-29 12:45:47,-0.009999999999998,9.08,9.068,-0.0180000000000006,9.082,65.625,0.04,1.0,0.0,1.0,1.0,0.0,1.0,1.0,1.0
2020-05-29 12:45:57,-0.009999999999998,9.066,9.054,-0.0159999999999982,9.068,65.575,0.04,1.0,0.0,1.0,1.0,0.0,1.0,1.0,1.0
2020-05-29 12:46:07,-0.009999999999998,9.054,9.04,-0.0159999999999982,9.056,65.55,0.0375000000000005,1.0,0.0,1.0,1.0,0.0,1.0,1.0,1.0
2020-05-29 12:46:17,-0.009999999999998,9.04,9.026,-0.0159999999999982,9.04,65.39999999999999,0.0375000000000005,1.0,0.0,1.0,1.0,0.0,1.0,1.0,1.0
2020-05-29 12:46:27,-0.009999999999998,9.026,9.01,-0.0159999999999982,9.028,65.35,0.0375000000000005,1.0,0.0,1.0,1.0,0.0,1.0,1.0,1.0
2020-05-29 12:46:37,-0.0079999999999991,9.014,9.0,-0.0159999999999982,9.014,65.25000000000001,0.0349999999999992,1.0,0.0,1.0,1.0,0.0,1.0,1.0,1.0
2020-05-29 12:46:47,-0.009999999999998,8.86,8.846,-0.0159999999999982,8.862,65.12500000000001,0.0375000000000005,1.0,0.0,1.0,1.0,0.0,1.0,1.0,1.0
2020-05-29 12:46:57,-0.009999999999998,8.822,8.808,-0.0159999999999982,8.826,64.95,0.0375000000000005,1.0,0.0,1.0,1.0,0.0,1.0,1.0,1.0
2020-05-29 12:47:07,-0.009999999999998,8.816,8.802,-0.0159999999999982,8.818,65.14999999999999,0.0375000000000005,1.0,0.0,1.0,1.0,0.0,1.0,1.0,1.0
2020-05-29 12:47:16,-0.0120000000000004,8.804,8.792,-0.0180000000000006,8.808,64.97500000000001,0.0375000000000005,1.0,0.0,1.0,1.0,0.0,1.0,1.0,1.0
2020-05-29 12:47:26,-0.009999999999998,8.796,8.782,-0.0159999999999982,8.798,64.85000000000001,0.04,1.0,0.0,1.0,1.0,0.0,1.0,1.0,1.0
2020-05-29 12:47:36,-0.009999999999998,8.784,8.772,-0.0159999999999982,8.788,64.95,0.0375000000000005,1.0,0.0,1.0,1.0,0.0,1.0,1.0,1.0
2020-05-29 12:47:46,-0.009999999999998,8.774,8.762,-0.0159999999999982,8.778,64.825,0.0375000000000005,1.0,0.0,1.0,1.0,0.0,1.0,1.0,1.0
2020-05-29 12:47:56,-0.009999999999998,8.762,8.75,-0.0159999999999982,8.766,64.85000000000001,0.0375000000000005,1.0,0.0,1.0,1.0,0.0,1.0,1.0,1.0
2020-05-29 12:48:06,-0.0120000000000004,8.75,8.74,-0.0180000000000006,8.754,64.65,0.0375000000000005,1.0,0.0,1.0,1.0,0.0,1.0,1.0,1.0
2020-05-29 12:48:16,-0.009999999999998,8.74,8.726,-0.0159999999999982,8.742,64.65,0.0375000000000005,1.0,0.0,1.0,1.0,0.0,1.0,1.0,1.0
2020-05-29 12:48:26,-0.009999999999998,8.726,8.714,-0.0159999999999982,8.728,64.625,0.0375000000000005,1.0,0.0,1.0,1.0,0.0,1.0,1.0,1.0
2020-05-29 12:48:36,-0.009999999999998,8.716,8.702,-0.0159999999999982,8.716,64.575,0.0375000000000005,1.0,0.0,1.0,1.0,0.0,1.0,1.0,1.0
2020-05-29 12:48:46,-0.009999999999998,8.702,8.688,-0.0159999999999982,8.704,64.625,0.0375000000000005,1.0,0.0,1.0,1.0,0.0,1.0,1.0,1.0
2020-05-29 12:48:56,-0.0120000000000004,8.69,8.678,-0.0159999999999982,8.692,64.475,0.0375000000000005,1.0,0.0,1.0,1.0,0.0,1.0,1.0,1.0
2020-05-29 12:49:05,-0.0079999999999991,8.676,8.666,-0.0159999999999982,8.68,64.35,0.0375000000000005,1.0,0.0,1.0,1.0,0.0,1.0,1.0,1.0
2020-05-29 12:49:15,-0.0120000000000004,8.664,8.652,-0.0139999999999993,8.666,64.17500000000001,0.04,1.0,0.0,1.0,1.0,0.0,1.0,1.0,1.0
2020-05-29 12:49:25,-0.0120000000000004,8.652,8.638,-0.0159999999999982,8.654,64.35,0.0375000000000005,1.0,0.0,1.0,1.0,0.0,1.0,1.0,1.0
2020-05-29 12:49:35,-0.0120000000000004,8.638,8.626,-0.0159999999999982,8.64,64.35,0.0375000000000005,1.0,0.0,1.0,1.0,0.0,1.0,1.0,1.0
2020-05-29 12:49:45,-0.0120000000000004,8.626,8.612,-0.0159999999999982,8.628,64.25,0.0375000000000005,1.0,0.0,1.0,1.0,0.0,1.0,1.0,1.0
2020-05-29 12:49:55,-0.0120000000000004,8.61,8.6,-0.0159999999999982,8.614,64.07499999999999,0.04,1.0,0.0,1.0,1.0,0.0,1.0,1.0,1.0
2020-05-29 12:50:05,-0.0120000000000004,8.598,8.588,-0.0159999999999982,8.604,64.07499999999999,0.0375000000000005,1.0,0.0,1.0,1.0,0.0,1.0,1.0,1.0
2020-05-29 12:50:15,-0.0120000000000004,8.584,8.574,-0.0159999999999982,8.588,64.025,0.0375000000000005,1.0,0.0,1.0,1.0,0.0,1.0,1.0,1.0
2020-05-29 12:50:25,-0.009999999999998,8.574,8.56,-0.0159999999999982,8.574,63.99999999999999,0.0375000000000005,1.0,0.0,1.0,1.0,0.0,1.0,1.0,1.0
2020-05-29 12:50:35,-0.0120000000000004,8.558,8.546,-0.0159999999999982,8.562,63.85000000000001,0.0375000000000005,1.0,0.0,1.0,1.0,0.0,1.0,1.0,1.0
2020-05-29 12:50:45,-0.0120000000000004,8.544,8.534,-0.0159999999999982,8.55,63.75,0.0375000000000005,1.0,0.0,1.0,1.0,0.0,1.0,1.0,1.0
2020-05-29 12:50:54,-0.0120000000000004,8.532,8.522,-0.0159999999999982,8.536,63.75,0.04,1.0,0.0,1.0,1.0,0.0,1.0,1.0,1.0
2020-05-29 12:51:04,-0.0120000000000004,8.52,8.508,-0.0159999999999982,8.522,63.85000000000001,0.0375000000000005,1.0,0.0,1.0,1.0,0.0,1.0,1.0,1.0
2020-05-29 12:51:14,-0.0120000000000004,8.508,8.496,-0.0180000000000006,8.51,63.775000000000006,0.0375000000000005,1.0,0.0,1.0,1.0,0.0,1.0,1.0,1.0
2020-05-29 12:51:24,-0.0120000000000004,8.492,8.48,-0.0180000000000006,8.496,63.75,0.0375000000000005,1.0,0.0,1.0,1.0,0.0,1.0,1.0,1.0
2020-05-29 12:51:34,-0.009999999999998,8.482,8.47,-0.0159999999999982,8.484,63.6,0.04,1.0,0.0,1.0,1.0,0.0,1.0,1.0,1.0
2020-05-29 12:51:44,-0.0120000000000004,8.468,8.456,-0.0159999999999982,8.472,63.625,0.0375000000000005,1.0,0.0,1.0,1.0,0.0,1.0,1.0,1.0
2020-05-29 12:51:54,-0.0120000000000004,8.456,8.442,-0.0159999999999982,8.456,63.575,0.0375000000000005,1.0,0.0,1.0,1.0,0.0,1.0,1.0,1.0
2020-05-29 12:52:04,-0.0120000000000004,8.44,8.428,-0.0180000000000006,8.444,63.55,0.0375000000000005,1.0,0.0,1.0,1.0,0.0,1.0,1.0,1.0
2020-05-29 12:52:14,-0.009999999999998,8.428,8.416,-0.0159999999999982,8.432,63.45,0.04,1.0,0.0,1.0,1.0,0.0,1.0,1.0,1.0
2020-05-29 12:52:24,-0.0120000000000004,8.416,8.404,-0.0139999999999993,8.418,63.425,0.0375000000000005,1.0,0.0,1.0,1.0,0.0,1.0,1.0,1.0
2020-05-29 12:52:34,-0.0120000000000004,8.4,8.39,-0.0159999999999982,8.404,63.35,0.0375000000000005,1.0,0.0,1.0,1.0,0.0,1.0,1.0,1.0
2020-05-29 12:52:44,-0.009999999999998,8.388,8.378,-0.0139999999999993,8.392,63.325,0.04,1.0,0.0,1.0,1.0,0.0,1.0,1.0,1.0
2020-05-29 12:52:53,-0.0120000000000004,8.374,8.362,-0.0159999999999982,8.376,63.35,0.0375000000000005,1.0,0.0,1.0,1.0,0.0,1.0,1.0,1.0
2020-05-29 12:53:03,-0.009999999999998,8.356,8.346,-0.0139999999999993,8.36,63.27499999999999,0.0375000000000005,1.0,0.0,1.0,1.0,0.0,1.0,1.0,1.0
2020-05-29 12:53:13,-0.0120000000000004,8.33,8.318,-0.0159999999999982,8.332,63.25,0.0375000000000005,1.0,0.0,1.0,1.0,0.0,1.0,1.0,1.0
2020-05-29 12:53:23,-0.0120000000000004,8.318,8.306,-0.0159999999999982,8.322,63.175,0.0375000000000005,1.0,0.0,1.0,1.0,0.0,1.0,1.0,1.0
2020-05-29 12:53:33,-0.009999999999998,8.306,8.294,-0.0159999999999982,8.308,63.05000000000001,0.0375000000000005,1.0,0.0,1.0,1.0,0.0,1.0,1.0,1.0
2020-05-29 12:53:43,-0.0120000000000004,8.292,8.278,-0.0159999999999982,8.294,62.94999999999999,0.0375000000000005,1.0,0.0,1.0,1.0,0.0,1.0,1.0,1.0
2020-05-29 12:53:53,-0.009999999999998,8.28,8.27,-0.0159999999999982,8.286,63.05000000000001,0.0375000000000005,1.0,0.0,1.0,1.0,0.0,1.0,1.0,1.0
2020-05-29 12:54:03,-0.009999999999998,8.202,8.19,-0.0159999999999982,8.204,62.900000000000006,0.0375000000000005,1.0,0.0,1.0,1.0,0.0,1.0,1.0,1.0
2020-05-29 12:54:13,-0.009999999999998,8.144,8.134,-0.0159999999999982,8.15,62.99999999999999,0.0375000000000005,1.0,0.0,1.0,1.0,0.0,1.0,1.0,1.0
2020-05-29 12:54:23,-0.0120000000000004,8.136,8.126,-0.0159999999999982,8.14,62.900000000000006,0.0375000000000005,1.0,0.0,1.0,1.0,0.0,1.0,1.0,1.0
2020-05-29 12:54:33,-0.009999999999998,8.126,8.116,-0.0159999999999982,8.132,62.85000000000001,0.04,1.0,0.0,1.0,1.0,0.0,1.0,1.0,1.0
2020-05-29 12:54:43,-0.009999999999998,8.118,8.106,-0.0159999999999982,8.12,62.825,0.0375000000000005,1.0,0.0,1.0,1.0,0.0,1.0,1.0,1.0
2020-05-29 12:54:52,0.5679999999999996,8.052,-0.0240000000000009,-0.0159999999999982,8.056,62.87499999999999,4.66,0.0,1.0,0.0,0.0,0.0,1.0,1.0,1.0
2020-05-29 12:55:02,8.098,7.942,-0.0240000000000009,-0.0159999999999982,7.946,62.775000000000006,5.532500000000001,0.0,1.0,0.0,0.0,0.0,1.0,1.0,1.0
2020-05-29 12:55:12,8.63,8.182,-0.0219999999999984,-0.0180000000000006,8.182,62.94999999999999,5.772500000000001,0.0,1.0,0.0,0.0,0.0,1.0,1.0,1.0
2020-05-29 12:55:22,8.762,8.326,-0.0159999999999982,-0.0159999999999982,8.326,63.55,5.6775,0.0,1.0,1.0,0.0,0.0,1.0,1.0,1.0
2020-05-29 12:55:32,8.99,8.556,-0.0139999999999993,-0.0180000000000006,8.554,64.525,5.869999999999999,0.0,1.0,1.0,0.0,0.0,1.0,1.0,1.0
2020-05-29 12:55:42,9.15,8.722,-0.0139999999999993,-0.0159999999999982,8.724,65.675,5.774999999999999,0.0,1.0,1.0,0.0,0.0,1.0,1.0,1.0
2020-05-29 12:55:52,9.354,8.948,-0.0120000000000004,-0.0159999999999982,8.946,66.9,5.969999999999999,0.0,1.0,1.0,0.0,0.0,1.0,1.0,1.0
2020-05-29 12:56:02,9.48,9.064,-0.009999999999998,-0.0159999999999982,9.064,68.15,5.890000000000001,0.0,1.0,1.0,0.0,0.0,1.0,1.0,1.0
2020-05-29 12:56:12,9.512,9.118,-0.0120000000000004,-0.0159999999999982,9.118,69.22500000000001,5.9375,0.0,1.0,1.0,0.0,0.0,1.0,1.0,1.0
2020-05-29 12:56:22,9.496,9.17,-0.0079999999999991,-0.0159999999999982,9.17,70.44999999999999,5.965,0.0,1.0,0.0,0.0,0.0,1.0,1.0,1.0
2020-05-29 12:56:32,9.76,9.366,-0.0060000000000002,-0.0159999999999982,9.366,71.42500000000001,5.91,0.0,1.0,0.0,0.0,0.0,1.0,1.0,1.0
2020-05-29 12:56:42,9.926,9.542,-0.0060000000000002,-0.0159999999999982,9.542,72.2,6.057500000000001,0.0,1.0,0.0,0.0,0.0,1.0,1.0,1.0
2020-05-29 12:56:51,10.044,9.652,-0.0040000000000013,-0.0159999999999982,9.648,72.52499999999999,6.0525,0.0,1.0,0.0,0.0,0.0,1.0,1.0,1.0
2020-05-29 12:57:01,10.128,9.758,-0.0079999999999991,-0.0159999999999982,9.754,72.825,6.014999999999999,0.0,1.0,0.0,0.0,0.0,1.0,1.0,1.0
2020-05-29 12:57:11,10.278,9.922,-0.0060000000000002,-0.0159999999999982,9.92,73.025,6.195,0.0,1.0,0.0,0.0,0.0,1.0,1.0,1.0
2020-05-29 12:57:21,6.061999999999999,9.92,-0.0079999999999991,-0.0139999999999993,9.92,73.42500000000001,5.039999999999999,0.0,1.0,1.0,0.0,0.0,1.0,1.0,1.0
2020-05-29 12:57:31,10.308,9.94,-0.0079999999999991,-0.0159999999999982,9.938,73.70000000000002,6.1850000000000005,0.0,1.0,1.0,0.0,0.0,1.0,1.0,1.0
2020-05-29 12:57:41,10.488,10.114,-0.0079999999999991,-0.0159999999999982,10.112,73.8,6.17,0.0,1.0,1.0,0.0,0.0,1.0,1.0,1.0
2020-05-29 12:57:51,-0.0219999999999984,10.158,10.16,-0.0159999999999982,10.156,74.0,3.715,1.0,0.0,1.0,1.0,0.0,1.0,1.0,1.0
2020-05-29 12:58:01,-0.0219999999999984,10.116,10.116,-0.0159999999999982,10.114,74.325,3.6750000000000007,1.0,0.0,1.0,1.0,0.0,1.0,1.0,1.0
2020-05-29 12:58:11,-0.0199999999999995,10.074,10.072,-0.0180000000000006,10.07,74.30000000000001,3.715,1.0,0.0,1.0,1.0,0.0,1.0,1.0,1.0
2020-05-29 12:58:21,-0.0180000000000006,10.046,10.042,-0.0139999999999993,10.04,74.22500000000001,3.747500000000001,1.0,0.0,1.0,1.0,0.0,1.0,1.0,1.0
2020-05-29 12:58:31,-0.0180000000000006,10.018,10.008,-0.0180000000000006,10.014,74.125,3.73,1.0,0.0,1.0,1.0,0.0,1.0,1.0,1.0
2020-05-29 12:58:41,-0.0139999999999993,9.99,9.982,-0.0159999999999982,9.986,74.05,3.78,1.0,0.0,1.0,1.0,0.0,1.0,1.0,1.0
2020-05-29 12:58:50,-0.0120000000000004,9.966,9.956,-0.0159999999999982,9.964,73.9,3.764999999999999,1.0,0.0,1.0,1.0,0.0,1.0,1.0,1.0
2020-05-29 12:59:00,-0.0120000000000004,9.944,9.934,-0.0159999999999982,9.944,73.75,3.78,1.0,0.0,1.0,1.0,0.0,1.0,1.0,1.0
2020-05-29 12:59:10,-0.0120000000000004,9.92,9.908,-0.0180000000000006,9.918,73.725,3.7925,1.0,0.0,1.0,1.0,0.0,1.0,1.0,1.0
2020-05-29 12:59:20,-0.0120000000000004,9.902,9.89,-0.0159999999999982,9.9,73.70000000000002,3.745000000000001,1.0,0.0,1.0,1.0,0.0,1.0,1.0,1.0
2020-05-29 12:59:30,-0.0120000000000004,9.88,9.868,-0.0180000000000006,9.88,73.52499999999999,3.692499999999999,1.0,0.0,1.0,1.0,0.0,1.0,1.0,1.0
2020-05-29 12:59:40,-0.0120000000000004,9.858,9.846,-0.0180000000000006,9.858,73.2,3.695,1.0,0.0,1.0,1.0,0.0,1.0,1.0,1.0
2020-05-29 12:59:50,-0.009999999999998,9.84,9.826,-0.0180000000000006,9.842,72.9,3.7125,1.0,0.0,1.0,1.0,0.0,1.0,1.0,1.0
2020-05-29 13:00:00,-0.009999999999998,9.822,9.81,-0.0159999999999982,9.824,72.625,3.747500000000001,1.0,0.0,1.0,1.0,0.0,1.0,1.0,1.0
2020-05-29 13:00:10,-0.009999999999998,9.804,9.792,-0.0159999999999982,9.806,72.15,3.655000000000001,1.0,0.0,1.0,1.0,0.0,1.0,1.0,1.0
2020-05-29 13:00:20,-0.009999999999998,9.786,9.772,-0.0159999999999982,9.786,71.625,3.6775,1.0,0.0,1.0,1.0,0.0,1.0,1.0,1.0
2020-05-29 13:00:30,-0.009999999999998,9.768,9.754,-0.0159999999999982,9.768,71.32499999999999,3.7425,1.0,0.0,1.0,1.0,0.0,1.0,1.0,1.0
2020-05-29 13:00:40,-0.009999999999998,9.752,9.738,-0.0159999999999982,9.754,70.85,3.68,1.0,0.0,1.0,1.0,0.0,1.0,1.0,1.0
2020-05-29 13:00:49,-0.0079999999999991,9.736,9.72,-0.0159999999999982,9.736,70.44999999999999,3.6775,1.0,0.0,1.0,1.0,0.0,1.0,1.0,1.0
2020-05-29 13:00:59,-0.0079999999999991,9.72,9.706,-0.0180000000000006,9.72,70.15,3.727500000000001,1.0,0.0,1.0,1.0,0.0,1.0,1.0,1.0
2020-05-29 13:01:09,-0.009999999999998,9.704,9.688,-0.0159999999999982,9.704,69.75,3.75,1.0,0.0,1.0,1.0,0.0,1.0,1.0,1.0
2020-05-29 13:01:19,-0.009999999999998,9.686,9.674,-0.0159999999999982,9.688,69.6,3.710000000000001,1.0,0.0,1.0,1.0,0.0,1.0,1.0,1.0
2020-05-29 13:01:29,-0.0079999999999991,9.67,9.654,-0.0159999999999982,9.672,69.30000000000001,3.7250000000000014,1.0,0.0,1.0,1.0,0.0,1.0,1.0,1.0
2020-05-29 13:01:39,-0.0079999999999991,9.654,9.642,-0.0159999999999982,9.656,69.12499999999999,3.7925,1.0,0.0,1.0,1.0,0.0,1.0,1.0,1.0
2020-05-29 13:01:49,-0.009999999999998,9.638,9.624,-0.0159999999999982,9.638,69.025,3.810000000000001,1.0,0.0,1.0,1.0,0.0,1.0,1.0,1.0
2020-05-29 13:01:59,-0.0079999999999991,9.624,9.61,-0.0159999999999982,9.624,68.95,3.76,1.0,0.0,1.0,1.0,0.0,1.0,1.0,1.0
2020-05-29 13:02:09,-0.0079999999999991,9.608,9.596,-0.0159999999999982,9.608,68.95,3.7325,1.0,0.0,1.0,1.0,0.0,1.0,1.0,1.0
2020-05-29 13:02:19,-0.009999999999998,9.59,9.578,-0.0159999999999982,9.59,68.85,3.73,1.0,0.0,1.0,1.0,0.0,1.0,1.0,1.0
2020-05-29 13:02:29,-0.0079999999999991,9.576,9.564,-0.0159999999999982,9.576,68.85,3.7325,1.0,0.0,1.0,1.0,0.0,1.0,1.0,1.0
2020-05-29 13:02:39,-0.009999999999998,9.56,9.546,-0.0139999999999993,9.562,68.875,3.6525,1.0,0.0,1.0,1.0,0.0,1.0,1.0,1.0
2020-05-29 13:02:48,-0.009999999999998,9.544,9.532,-0.0159999999999982,9.544,68.95,3.6875,1.0,0.0,1.0,1.0,0.0,1.0,1.0,1.0
2020-05-29 13:02:58,-0.0079999999999991,9.508,9.494,-0.0180000000000006,9.508,68.95,3.7575,1.0,0.0,1.0,1.0,0.0,1.0,1.0,1.0
2020-05-29 13:03:08,-0.0079999999999991,9.426,9.412,-0.0139999999999993,9.426,69.04999999999998,3.6999999999999993,1.0,0.0,1.0,1.0,0.0,1.0,1.0,1.0
2020-05-29 13:03:18,-0.009999999999998,9.416,9.402,-0.0159999999999982,9.416,68.95,3.647500000000001,1.0,0.0,1.0,1.0,0.0,1.0,1.0,1.0
2020-05-29 13:03:28,-0.0079999999999991,9.4,9.388,-0.0159999999999982,9.402,69.12499999999999,3.695,1.0,0.0,1.0,1.0,0.0,1.0,1.0,1.0
2020-05-29 13:03:38,-0.009999999999998,9.384,9.372,-0.0180000000000006,9.386,69.025,3.7425,1.0,0.0,1.0,1.0,0.0,1.0,1.0,1.0
2020-05-29 13:03:48,-0.009999999999998,9.372,9.362,-0.0159999999999982,9.374,69.17500000000001,3.7200000000000006,1.0,0.0,1.0,1.0,0.0,1.0,1.0,1.0
2020-05-29 13:03:58,-0.0079999999999991,9.358,9.348,-0.0159999999999982,9.36,69.425,3.7325,1.0,0.0,1.0,1.0,0.0,1.0,1.0,1.0
2020-05-29 13:04:08,-0.009999999999998,9.344,9.332,-0.0159999999999982,9.346,69.55,3.7225,1.0,0.0,1.0,1.0,0.0,1.0,1.0,1.0
2020-05-29 13:04:18,-0.0079999999999991,9.314,9.302,-0.0159999999999982,9.316,69.425,3.7975,1.0,0.0,1.0,1.0,0.0,1.0,1.0,1.0
2020-05-29 13:04:28,-0.0079999999999991,9.302,9.29,-0.0159999999999982,9.304,69.22500000000001,3.7875,1.0,0.0,1.0,1.0,0.0,1.0,1.0,1.0
2020-05-29 13:04:38,-0.009999999999998,9.288,9.276,-0.0159999999999982,9.292,68.925,0.0449999999999999,1.0,0.0,1.0,1.0,0.0,1.0,1.0,1.0
2020-05-29 13:04:48,-0.0079999999999991,9.272,9.258,-0.0180000000000006,9.274,69.025,0.0424999999999995,1.0,0.0,1.0,1.0,0.0,1.0,1.0,1.0
2020-05-29 13:04:57,-0.0079999999999991,9.258,9.246,-0.0159999999999982,9.26,69.12499999999999,0.04,1.0,0.0,1.0,1.0,0.0,1.0,1.0,1.0
2020-05-29 13:05:07,-0.0079999999999991,9.242,9.23,-0.0159999999999982,9.244,69.15,0.04,1.0,0.0,1.0,1.0,0.0,1.0,1.0,1.0
2020-05-29 13:05:17,-0.009999999999998,9.226,9.214,-0.0159999999999982,9.23,69.10000000000001,0.0375000000000005,1.0,0.0,1.0,1.0,0.0,1.0,1.0,1.0
2020-05-29 13:05:27,-0.009999999999998,9.186,9.17,-0.0159999999999982,9.186,68.7,0.0375000000000005,1.0,0.0,1.0,1.0,0.0,1.0,1.0,1.0
2020-05-29 13:05:37,-0.0079999999999991,9.172,9.158,-0.0159999999999982,9.176,68.35,0.04,1.0,0.0,1.0,1.0,0.0,1.0,1.0,1.0
2020-05-29 13:05:47,-0.009999999999998,9.156,9.144,-0.0180000000000006,9.158,67.95,0.0375000000000005,1.0,0.0,1.0,1.0,0.0,1.0,1.0,1.0
2020-05-29 13:05:57,-0.0079999999999991,9.146,9.132,-0.0159999999999982,9.148,67.6,0.0375000000000005,1.0,0.0,1.0,1.0,0.0,1.0,1.0,1.0
2020-05-29 13:06:07,-0.009999999999998,9.12,9.108,-0.0159999999999982,9.12,67.32499999999999,0.0375000000000005,1.0,0.0,1.0,1.0,0.0,1.0,1.0,1.0
2020-05-29 13:06:17,-0.009999999999998,9.106,9.09,-0.0159999999999982,9.104,67.19999999999999,0.0375000000000005,1.0,0.0,1.0,1.0,0.0,1.0,1.0,1.0
2020-05-29 13:06:27,-0.0079999999999991,9.092,9.078,-0.0159999999999982,9.09,67.12499999999999,0.0375000000000005,1.0,0.0,1.0,1.0,0.0,1.0,1.0,1.0
2020-05-29 13:06:37,-0.0079999999999991,9.078,9.064,-0.0159999999999982,9.078,66.825,0.04,1.0,0.0,1.0,1.0,0.0,1.0,1.0,1.0
2020-05-29 13:06:47,-0.0079999999999991,9.062,9.048,-0.0139999999999993,9.064,66.825,0.0375000000000005,1.0,0.0,1.0,1.0,0.0,1.0,1.0,1.0
2020-05-29 13:06:56,-0.009999999999998,9.046,9.032,-0.0180000000000006,9.048,66.725,0.0375000000000005,1.0,0.0,1.0,1.0,0.0,1.0,1.0,1.0
2020-05-29 13:07:06,-0.0079999999999991,9.034,9.02,-0.0139999999999993,9.036,66.6,0.0375000000000005,1.0,0.0,1.0,1.0,0.0,1.0,1.0,1.0
2020-05-29 13:07:16,-0.0079999999999991,9.018,9.004,-0.0159999999999982,9.02,66.45,0.04,1.0,0.0,1.0,1.0,0.0,1.0,1.0,1.0
2020-05-29 13:07:26,-0.009999999999998,9.0,8.988,-0.0159999999999982,9.004,66.35,0.0375000000000005,1.0,0.0,1.0,1.0,0.0,1.0,1.0,1.0
2020-05-29 13:07:36,-0.009999999999998,8.988,8.974,-0.0159999999999982,8.992,66.225,0.04,1.0,0.0,1.0,1.0,0.0,1.0,1.0,1.0
2020-05-29 13:07:46,-0.009999999999998,8.972,8.96,-0.0159999999999982,8.978,66.12499999999999,0.04,1.0,0.0,1.0,1.0,0.0,1.0,1.0,1.0
2020-05-29 13:07:56,-0.009999999999998,8.956,8.944,-0.0159999999999982,8.962,65.97500000000001,0.0375000000000005,1.0,0.0,1.0,1.0,0.0,1.0,1.0,1.0
2020-05-29 13:08:06,-0.009999999999998,8.942,8.93,-0.0159999999999982,8.946,65.775,0.0375000000000005,1.0,0.0,1.0,1.0,0.0,1.0,1.0,1.0
2020-05-29 13:08:16,-0.009999999999998,8.93,8.914,-0.0180000000000006,8.932,65.625,0.0375000000000005,1.0,0.0,1.0,1.0,0.0,1.0,1.0,1.0
2020-05-29 13:08:26,-0.009999999999998,8.914,8.902,-0.0159999999999982,8.92,65.45,0.0375000000000005,1.0,0.0,1.0,1.0,0.0,1.0,1.0,1.0
2020-05-29 13:08:36,-0.009999999999998,8.9,8.886,-0.0159999999999982,8.902,65.14999999999999,0.0349999999999992,1.0,0.0,1.0,1.0,0.0,1.0,1.0,1.0
2020-05-29 13:08:45,-0.009999999999998,8.878,8.866,-0.0159999999999982,8.882,65.225,0.0375000000000005,1.0,0.0,1.0,1.0,0.0,1.0,1.0,1.0
2020-05-29 13:08:55,-0.009999999999998,8.866,8.852,-0.0159999999999982,8.868,65.12500000000001,0.0375000000000005,1.0,0.0,1.0,1.0,0.0,1.0,1.0,1.0
2020-05-29 13:09:05,-0.009999999999998,8.852,8.838,-0.0159999999999982,8.854,65.12500000000001,0.0375000000000005,1.0,0.0,1.0,1.0,0.0,1.0,1.0,1.0
2020-05-29 13:09:15,-0.009999999999998,8.834,8.826,-0.0159999999999982,8.838,65.12500000000001,0.0375000000000005,1.0,0.0,1.0,1.0,0.0,1.0,1.0,1.0
2020-05-29 13:09:25,-0.009999999999998,8.82,8.808,-0.0180000000000006,8.824,65.27499999999999,0.0375000000000005,1.0,0.0,1.0,1.0,0.0,1.0,1.0,1.0
2020-05-29 13:09:35,-0.009999999999998,8.806,8.794,-0.0139999999999993,8.81,65.14999999999999,0.0375000000000005,1.0,0.0,1.0,1.0,0.0,1.0,1.0,1.0
2020-05-29 13:09:45,-0.009999999999998,8.792,8.78,-0.0159999999999982,8.794,65.07499999999999,0.0375000000000005,1.0,0.0,1.0,1.0,0.0,1.0,1.0,1.0
2020-05-29 13:09:55,-0.009999999999998,8.778,8.764,-0.0180000000000006,8.78,64.775,0.0375000000000005,1.0,0.0,1.0,1.0,0.0,1.0,1.0,1.0
2020-05-29 13:10:05,-0.0079999999999991,8.764,8.75,-0.0180000000000006,8.766,64.575,0.0375000000000005,1.0,0.0,1.0,1.0,0.0,1.0,1.0,1.0
2020-05-29 13:10:15,-0.0079999999999991,8.748,8.736,-0.0180000000000006,8.75,64.55,0.0375000000000005,1.0,0.0,1.0,1.0,0.0,1.0,1.0,1.0
2020-05-29 13:10:25,-0.0079999999999991,8.734,8.72,-0.0159999999999982,8.736,64.6,0.04,1.0,0.0,1.0,1.0,0.0,1.0,1.0,1.0
2020-05-29 13:10:34,-0.009999999999998,8.72,8.706,-0.0159999999999982,8.72,64.72500000000001,0.0375000000000005,1.0,0.0,1.0,1.0,0.0,1.0,1.0,1.0
2020-05-29 13:10:44,-0.0079999999999991,8.706,8.692,-0.0159999999999982,8.708,64.65,0.0324999999999997,1.0,0.0,1.0,1.0,0.0,1.0,1.0,1.0
2020-05-29 13:10:54,-0.009999999999998,8.69,8.676,-0.0159999999999982,8.692,64.75,0.0375000000000005,1.0,0.0,1.0,1.0,0.0,1.0,1.0,1.0
2020-05-29 13:11:04,-0.009999999999998,8.676,8.662,-0.0159999999999982,8.678,64.72500000000001,0.0375000000000005,1.0,0.0,1.0,1.0,0.0,1.0,1.0,1.0
2020-05-29 13:11:14,-0.009999999999998,8.66,8.646,-0.0159999999999982,8.662,64.7,0.0375000000000005,1.0,0.0,1.0,1.0,0.0,1.0,1.0,1.0
2020-05-29 13:11:24,-0.009999999999998,8.646,8.63,-0.0159999999999982,8.646,64.75,0.0375000000000005,1.0,0.0,1.0,1.0,0.0,1.0,1.0,1.0
2020-05-29 13:11:34,-0.009999999999998,8.632,8.618,-0.0159999999999982,8.632,64.825,0.0375000000000005,1.0,0.0,1.0,1.0,0.0,1.0,1.0,1.0
2020-05-29 13:11:44,-0.009999999999998,8.616,8.604,-0.0159999999999982,8.618,64.75,0.0375000000000005,1.0,0.0,1.0,1.0,0.0,1.0,1.0,1.0
2020-05-29 13:11:54,-0.009999999999998,8.602,8.588,-0.0159999999999982,8.602,64.85000000000001,0.0375000000000005,1.0,0.0,1.0,1.0,0.0,1.0,1.0,1.0
2020-05-29 13:12:04,-0.0079999999999991,8.588,8.574,-0.0159999999999982,8.59,64.9,0.0375000000000005,1.0,0.0,1.0,1.0,0.0,1.0,1.0,1.0
2020-05-29 13:12:14,-0.009999999999998,8.572,8.56,-0.0159999999999982,8.574,64.775,0.0375000000000005,1.0,0.0,1.0,1.0,0.0,1.0,1.0,1.0
2020-05-29 13:12:23,-0.009999999999998,8.558,8.544,-0.0180000000000006,8.56,64.85000000000001,0.0375000000000005,1.0,0.0,1.0,1.0,0.0,1.0,1.0,1.0
2020-05-29 13:12:33,-0.009999999999998,8.542,8.53,-0.0159999999999982,8.546,64.65,0.0375000000000005,1.0,0.0,1.0,1.0,0.0,1.0,1.0,1.0
2020-05-29 13:12:43,-0.009999999999998,8.528,8.514,-0.0159999999999982,8.53,64.5,0.0375000000000005,1.0,0.0,1.0,1.0,0.0,1.0,1.0,1.0
2020-05-29 13:12:53,-0.009999999999998,8.514,8.502,-0.0159999999999982,8.518,64.45,0.0375000000000005,1.0,0.0,1.0,1.0,0.0,1.0,1.0,1.0
2020-05-29 13:13:03,-0.009999999999998,8.5,8.486,-0.0159999999999982,8.502,64.25,0.0375000000000005,1.0,0.0,1.0,1.0,0.0,1.0,1.0,1.0
2020-05-29 13:13:13,-0.009999999999998,8.486,8.47,-0.0159999999999982,8.488,64.35,0.0375000000000005,1.0,0.0,1.0,1.0,0.0,1.0,1.0,1.0
2020-05-29 13:13:23,-0.0120000000000004,8.47,8.458,-0.0180000000000006,8.474,64.25,0.0375000000000005,1.0,0.0,1.0,1.0,0.0,1.0,1.0,1.0
2020-05-29 13:13:33,-0.009999999999998,8.458,8.446,-0.0159999999999982,8.462,64.14999999999999,0.0375000000000005,1.0,0.0,1.0,1.0,0.0,1.0,1.0,1.0
2020-05-29 13:13:43,-0.009999999999998,8.444,8.43,-0.0159999999999982,8.448,64.14999999999999,0.0375000000000005,1.0,0.0,1.0,1.0,0.0,1.0,1.0,1.0
2020-05-29 13:13:53,-0.0079999999999991,8.43,8.418,-0.0159999999999982,8.432,64.025,0.0375000000000005,1.0,0.0,1.0,1.0,0.0,1.0,1.0,1.0
2020-05-29 13:14:03,-0.0120000000000004,8.414,8.404,-0.0180000000000006,8.418,63.85000000000001,0.0375000000000005,1.0,0.0,1.0,1.0,0.0,1.0,1.0,1.0
2020-05-29 13:14:13,-0.009999999999998,8.402,8.388,-0.0159999999999982,8.406,63.72500000000001,0.0375000000000005,1.0,0.0,1.0,1.0,0.0,1.0,1.0,1.0
2020-05-29 13:14:22,-0.009999999999998,8.388,8.376,-0.0180000000000006,8.39,63.72500000000001,0.0375000000000005,1.0,0.0,1.0,1.0,0.0,1.0,1.0,1.0
2020-05-29 13:14:32,-0.009999999999998,8.376,8.362,-0.0159999999999982,8.378,63.650000000000006,0.0375000000000005,1.0,0.0,1.0,1.0,0.0,1.0,1.0,1.0
2020-05-29 13:14:42,-0.009999999999998,8.328,8.314,-0.0159999999999982,8.33,63.72500000000001,0.0375000000000005,1.0,0.0,1.0,1.0,0.0,1.0,1.0,1.0
2020-05-29 13:14:52,-0.009999999999998,8.144,8.132,-0.0180000000000006,8.148,63.575,0.0349999999999992,1.0,0.0,1.0,1.0,0.0,1.0,1.0,1.0
2020-05-29 13:15:02,5.151999999999999,8.09,-0.0259999999999998,-0.0159999999999982,8.09,63.45,5.049999999999999,0.0,1.0,1.0,0.0,0.0,1.0,1.0,1.0
2020-05-29 13:15:12,8.674,8.222,-0.0219999999999984,-0.0159999999999982,8.222,63.3,5.6850000000000005,0.0,1.0,1.0,0.0,0.0,1.0,1.0,1.0
2020-05-29 13:15:22,8.906,8.466,-0.0180000000000006,-0.0159999999999982,8.464,63.825,5.787500000000001,0.0,1.0,1.0,0.0,0.0,1.0,1.0,1.0
2020-05-29 13:15:32,8.974,8.552,-0.0139999999999993,-0.0139999999999993,8.55,64.5,5.890000000000001,0.0,1.0,0.0,0.0,0.0,1.0,1.0,1.0
2020-05-29 13:15:42,9.186,8.766,-0.0139999999999993,-0.0159999999999982,8.764,65.425,5.800000000000001,0.0,1.0,0.0,0.0,0.0,1.0,1.0,1.0
2020-05-29 13:15:52,9.388,8.986,-0.009999999999998,-0.0159999999999982,8.984,66.32499999999999,5.8725000000000005,0.0,1.0,0.0,0.0,0.0,1.0,1.0,1.0
2020-05-29 13:16:02,9.558,9.17,-0.0139999999999993,-0.0180000000000006,9.168,66.825,5.9925,0.0,1.0,0.0,0.0,0.0,1.0,1.0,1.0
2020-05-29 13:16:12,9.722,9.35,-0.009999999999998,-0.0159999999999982,9.346,67.925,5.942499999999999,0.0,1.0,0.0,0.0,0.0,1.0,1.0,1.0
2020-05-29 13:16:21,9.806,9.422,-0.009999999999998,-0.0180000000000006,9.42,69.10000000000001,5.969999999999999,0.0,1.0,0.0,0.0,0.0,1.0,1.0,1.0
2020-05-29 13:16:31,9.808,9.422,-0.0079999999999991,-0.0159999999999982,9.418,70.55,6.077500000000001,0.0,1.0,1.0,0.0,0.0,1.0,1.0,1.0
2020-05-29 13:16:41,9.992,9.606,-0.0079999999999991,-0.0159999999999982,9.604,71.39999999999999,6.005000000000001,0.0,1.0,1.0,0.0,0.0,1.0,1.0,1.0
2020-05-29 13:16:51,10.158,9.78,-0.0079999999999991,-0.0159999999999982,9.778,71.85,5.994999999999999,0.0,1.0,1.0,0.0,0.0,1.0,1.0,1.0
2020-05-29 13:17:01,10.33,9.964,-0.0079999999999991,-0.0159999999999982,9.962,72.42500000000001,6.145,0.0,1.0,1.0,0.0,0.0,1.0,1.0,1.0
2020-05-29 13:17:11,10.366,9.986,-0.0079999999999991,-0.0180000000000006,9.984,72.7,6.165000000000001,0.0,1.0,1.0,0.0,0.0,1.0,1.0,1.0
2020-05-29 13:17:21,10.386,10.024,-0.0060000000000002,-0.0159999999999982,10.02,72.77499999999999,6.065000000000001,0.0,1.0,1.0,0.0,0.0,1.0,1.0,1.0
2020-05-29 13:17:31,10.396,10.054,-0.0060000000000002,-0.0159999999999982,10.05,73.0,6.0825,0.0,1.0,0.0,0.0,0.0,1.0,1.0,1.0
2020-05-29 13:17:41,0.5079999999999991,10.174,10.182,0.3979999999999997,10.172,73.2,3.932499999999999,1.0,0.0,1.0,1.0,0.0,1.0,1.0,1.0
2020-05-29 13:17:51,-0.0240000000000009,10.134,10.136,-0.0159999999999982,10.132,73.22500000000001,3.785,1.0,0.0,1.0,1.0,0.0,1.0,1.0,1.0
2020-05-29 13:18:01,-0.0199999999999995,10.096,10.094,-0.0159999999999982,10.096,73.50000000000001,3.6875,1.0,0.0,1.0,1.0,0.0,1.0,1.0,1.0
2020-05-29 13:18:11,-0.0180000000000006,10.066,10.064,-0.0159999999999982,10.064,73.70000000000002,3.785,1.0,0.0,1.0,1.0,0.0,1.0,1.0,1.0
2020-05-29 13:18:20,-0.0159999999999982,10.038,10.034,-0.0159999999999982,10.038,73.8,3.655000000000001,1.0,0.0,1.0,1.0,0.0,1.0,1.0,1.0
2020-05-29 13:18:30,-0.0139999999999993,10.014,10.008,-0.0159999999999982,10.012,73.825,3.68,1.0,0.0,1.0,1.0,0.0,1.0,1.0,1.0
2020-05-29 13:18:40,-0.0139999999999993,9.99,9.982,-0.0159999999999982,9.988,73.85,3.764999999999999,1.0,0.0,1.0,1.0,0.0,1.0,1.0,1.0
2020-05-29 13:18:50,-0.0139999999999993,9.966,9.958,-0.0159999999999982,9.966,73.4,3.7425,1.0,0.0,1.0,1.0,0.0,1.0,1.0,1.0
2020-05-29 13:19:00,-0.0120000000000004,9.92,9.912,-0.0180000000000006,9.922,73.025,3.6325,1.0,0.0,1.0,1.0,0.0,1.0,1.0,1.0
2020-05-29 13:19:10,-0.009999999999998,9.71,9.698,-0.0159999999999982,9.708,72.42500000000001,3.7525,1.0,0.0,1.0,1.0,0.0,1.0,1.0,1.0
2020-05-29 13:19:20,-0.0120000000000004,9.526,9.514,-0.0180000000000006,9.526,72.15,3.727500000000001,1.0,0.0,1.0,1.0,0.0,1.0,1.0,1.0
2020-05-29 13:19:30,-0.0120000000000004,9.35,9.34,-0.0159999999999982,9.35,71.9,3.6575000000000006,1.0,0.0,1.0,1.0,0.0,1.0,1.0,1.0
2020-05-29 13:19:40,-0.0079999999999991,9.296,9.284,-0.0159999999999982,9.296,71.55,3.727500000000001,1.0,0.0,1.0,1.0,0.0,1.0,1.0,1.0
2020-05-29 13:19:50,-0.009999999999998,9.296,9.286,-0.0159999999999982,9.294,71.44999999999999,3.78,1.0,0.0,1.0,1.0,0.0,1.0,1.0,1.0
2020-05-29 13:20:00,-0.0079999999999991,9.29,9.28,-0.0159999999999982,9.292,71.35000000000001,3.7200000000000006,1.0,0.0,1.0,1.0,0.0,1.0,1.0,1.0
2020-05-29 13:20:10,-0.009999999999998,9.284,9.274,-0.0159999999999982,9.286,71.125,3.6775,1.0,0.0,1.0,1.0,0.0,1.0,1.0,1.0
2020-05-29 13:20:19,-0.0079999999999991,9.278,9.266,-0.0159999999999982,9.28,70.725,3.6775,1.0,0.0,1.0,1.0,0.0,1.0,1.0,1.0
2020-05-29 13:20:29,-0.009999999999998,9.27,9.258,-0.0159999999999982,9.27,70.37500000000001,3.7375000000000007,1.0,0.0,1.0,1.0,0.0,1.0,1.0,1.0
2020-05-29 13:20:39,-0.0079999999999991,9.26,9.25,-0.0159999999999982,9.262,70.125,3.73,1.0,0.0,1.0,1.0,0.0,1.0,1.0,1.0
2020-05-29 13:20:49,-0.0079999999999991,9.25,9.238,-0.0180000000000006,9.25,69.725,3.7075,1.0,0.0,1.0,1.0,0.0,1.0,1.0,1.0
2020-05-29 13:20:59,-0.0079999999999991,9.24,9.228,-0.0159999999999982,9.242,69.39999999999999,3.685000000000001,1.0,0.0,1.0,1.0,0.0,1.0,1.0,1.0
2020-05-29 13:21:09,-0.0079999999999991,9.228,9.216,-0.0159999999999982,9.23,69.17500000000001,3.655000000000001,1.0,0.0,1.0,1.0,0.0,1.0,1.0,1.0
2020-05-29 13:21:19,-0.0079999999999991,9.216,9.204,-0.0159999999999982,9.218,68.925,3.7225,1.0,0.0,1.0,1.0,0.0,1.0,1.0,1.0
2020-05-29 13:21:29,-0.0079999999999991,9.204,9.192,-0.0159999999999982,9.206,68.8,3.747500000000001,1.0,0.0,1.0,1.0,0.0,1.0,1.0,1.0
2020-05-29 13:21:39,-0.0079999999999991,9.194,9.182,-0.0159999999999982,9.196,68.7,3.7525,1.0,0.0,1.0,1.0,0.0,1.0,1.0,1.0
2020-05-29 13:21:49,-0.0079999999999991,9.182,9.17,-0.0159999999999982,9.182,68.65,3.77,1.0,0.0,1.0,1.0,0.0,1.0,1.0,1.0
2020-05-29 13:21:59,-0.0079999999999991,9.168,9.154,-0.0180000000000006,9.17,68.6,3.7075,1.0,0.0,1.0,1.0,0.0,1.0,1.0,1.0
2020-05-29 13:22:08,-0.009999999999998,9.156,9.144,-0.0159999999999982,9.156,68.65,3.645,1.0,0.0,1.0,1.0,0.0,1.0,1.0,1.0
2020-05-29 13:22:18,-0.0079999999999991,9.144,9.132,-0.0139999999999993,9.146,68.65,3.705,1.0,0.0,1.0,1.0,0.0,1.0,1.0,1.0
2020-05-29 13:22:28,-0.0079999999999991,9.13,9.118,-0.0159999999999982,9.134,68.65,3.74,1.0,0.0,1.0,1.0,0.0,1.0,1.0,1.0
2020-05-29 13:22:38,-0.0079999999999991,9.12,9.106,-0.0159999999999982,9.122,68.65,3.764999999999999,1.0,0.0,1.0,1.0,0.0,1.0,1.0,1.0
2020-05-29 13:22:48,-0.0079999999999991,9.106,9.094,-0.0180000000000006,9.108,68.775,3.6725,1.0,0.0,1.0,1.0,0.0,1.0,1.0,1.0
2020-05-29 13:22:58,-0.0079999999999991,9.094,9.08,-0.0159999999999982,9.096,68.8,3.655000000000001,1.0,0.0,1.0,1.0,0.0,1.0,1.0,1.0
2020-05-29 13:23:08,-0.0079999999999991,9.08,9.068,-0.0159999999999982,9.082,68.925,3.6725,1.0,0.0,1.0,1.0,0.0,1.0,1.0,1.0
2020-05-29 13:23:18,-0.009999999999998,9.07,9.056,-0.0159999999999982,9.07,68.725,3.6775,1.0,0.0,1.0,1.0,0.0,1.0,1.0,1.0
2020-05-29 13:23:28,-0.0079999999999991,9.054,9.042,-0.0159999999999982,9.056,68.52499999999999,3.69,1.0,0.0,1.0,1.0,0.0,1.0,1.0,1.0
2020-05-29 13:23:38,-0.009999999999998,9.044,9.03,-0.0180000000000006,9.044,68.55,3.735000000000001,1.0,0.0,1.0,1.0,0.0,1.0,1.0,1.0
2020-05-29 13:23:48,-0.0079999999999991,9.032,9.02,-0.0159999999999982,9.032,68.8,3.7675,1.0,0.0,1.0,1.0,0.0,1.0,1.0,1.0
2020-05-29 13:23:58,-0.009999999999998,9.018,9.006,-0.0180000000000006,9.018,68.95,3.782499999999999,1.0,0.0,1.0,1.0,0.0,1.0,1.0,1.0
2020-05-29 13:24:07,-0.0079999999999991,9.008,8.994,-0.0159999999999982,9.008,68.95,3.76,1.0,0.0,1.0,1.0,0.0,1.0,1.0,1.0
2020-05-29 13:24:17,-0.0079999999999991,8.996,8.982,-0.0159999999999982,8.994,68.95,3.7425,1.0,0.0,1.0,1.0,0.0,1.0,1.0,1.0
2020-05-29 13:24:27,-0.009999999999998,8.98,8.968,-0.0159999999999982,8.982,68.925,3.6875,1.0,0.0,1.0,1.0,0.0,1.0,1.0,1.0
2020-05-29 13:24:37,-0.0079999999999991,8.968,8.958,-0.0180000000000006,8.97,68.925,0.0424999999999995,1.0,0.0,1.0,1.0,0.0,1.0,1.0,1.0
2020-05-29 13:24:47,-0.009999999999998,8.956,8.944,-0.0180000000000006,8.956,68.97500000000001,0.04,1.0,0.0,1.0,1.0,0.0,1.0,1.0,1.0
2020-05-29 13:24:57,-0.009999999999998,8.944,8.93,-0.0159999999999982,8.944,68.9,0.04,1.0,0.0,1.0,1.0,0.0,1.0,1.0,1.0
2020-05-29 13:25:07,-0.009999999999998,8.928,8.916,-0.0159999999999982,8.93,68.52499999999999,0.0375000000000005,1.0,0.0,1.0,1.0,0.0,1.0,1.0,1.0
2020-05-29 13:25:17,-0.0079999999999991,8.918,8.902,-0.0159999999999982,8.918,68.37500000000001,0.04,1.0,0.0,1.0,1.0,0.0,1.0,1.0,1.0
2020-05-29 13:25:27,-0.0079999999999991,8.906,8.892,-0.0159999999999982,8.906,67.95,0.04,1.0,0.0,1.0,1.0,0.0,1.0,1.0,1.0
2020-05-29 13:25:37,-0.009999999999998,8.892,8.878,-0.0159999999999982,8.892,67.625,0.0375000000000005,1.0,0.0,1.0,1.0,0.0,1.0,1.0,1.0
2020-05-29 13:25:47,-0.0079999999999991,8.88,8.866,-0.0159999999999982,8.882,67.35,0.04,1.0,0.0,1.0,1.0,0.0,1.0,1.0,1.0
2020-05-29 13:25:57,-0.009999999999998,8.866,8.854,-0.0159999999999982,8.866,67.225,0.0375000000000005,1.0,0.0,1.0,1.0,0.0,1.0,1.0,1.0
2020-05-29 13:26:06,-0.009999999999998,8.854,8.84,-0.0159999999999982,8.854,67.0,0.0375000000000005,1.0,0.0,1.0,1.0,0.0,1.0,1.0,1.0
2020-05-29 13:26:16,-0.0079999999999991,8.842,8.828,-0.0159999999999982,8.842,66.825,0.0375000000000005,1.0,0.0,1.0,1.0,0.0,1.0,1.0,1.0
2020-05-29 13:26:26,-0.0079999999999991,8.828,8.816,-0.0159999999999982,8.83,66.55,0.04,1.0,0.0,1.0,1.0,0.0,1.0,1.0,1.0
2020-05-29 13:26:36,-0.009999999999998,8.814,8.8,-0.0159999999999982,8.816,66.52499999999999,0.0375000000000005,1.0,0.0,1.0,1.0,0.0,1.0,1.0,1.0
2020-05-29 13:26:46,-0.0079999999999991,8.802,8.788,-0.0139999999999993,8.802,66.425,0.0375000000000005,1.0,0.0,1.0,1.0,0.0,1.0,1.0,1.0
2020-05-29 13:26:56,-0.009999999999998,8.788,8.774,-0.0159999999999982,8.788,66.225,0.0375000000000005,1.0,0.0,1.0,1.0,0.0,1.0,1.0,1.0
2020-05-29 13:27:06,-0.0079999999999991,8.774,8.76,-0.0139999999999993,8.776,66.225,0.0375000000000005,1.0,0.0,1.0,1.0,0.0,1.0,1.0,1.0
2020-05-29 13:27:16,-0.0120000000000004,8.76,8.748,-0.0180000000000006,8.76,66.07499999999999,0.0375000000000005,1.0,0.0,1.0,1.0,0.0,1.0,1.0,1.0
2020-05-29 13:27:26,-0.0079999999999991,8.748,8.736,-0.0159999999999982,8.752,65.97500000000001,0.0375000000000005,1.0,0.0,1.0,1.0,0.0,1.0,1.0,1.0
2020-05-29 13:27:36,-0.009999999999998,8.734,8.722,-0.0159999999999982,8.736,65.95,0.0375000000000005,1.0,0.0,1.0,1.0,0.0,1.0,1.0,1.0
2020-05-29 13:27:46,-0.009999999999998,8.72,8.708,-0.0159999999999982,8.722,65.85000000000001,0.0375000000000005,1.0,0.0,1.0,1.0,0.0,1.0,1.0,1.0
2020-05-29 13:27:56,-0.0079999999999991,8.708,8.696,-0.0139999999999993,8.712,65.825,0.0375000000000005,1.0,0.0,1.0,1.0,0.0,1.0,1.0,1.0
2020-05-29 13:28:06,-0.0079999999999991,8.694,8.682,-0.0159999999999982,8.698,65.825,0.0375000000000005,1.0,0.0,1.0,1.0,0.0,1.0,1.0,1.0
2020-05-29 13:28:15,-0.009999999999998,8.68,8.668,-0.0159999999999982,8.68,65.725,0.0375000000000005,1.0,0.0,1.0,1.0,0.0,1.0,1.0,1.0
2020-05-29 13:28:25,-0.0120000000000004,8.664,8.654,-0.0159999999999982,8.666,65.7,0.0375000000000005,1.0,0.0,1.0,1.0,0.0,1.0,1.0,1.0
2020-05-29 13:28:35,-0.009999999999998,8.652,8.64,-0.0159999999999982,8.652,65.6,0.0375000000000005,1.0,0.0,1.0,1.0,0.0,1.0,1.0,1.0
2020-05-29 13:28:45,-0.0079999999999991,8.638,8.626,-0.0139999999999993,8.64,65.55,0.04,1.0,0.0,1.0,1.0,0.0,1.0,1.0,1.0
2020-05-29 13:28:55,-0.009999999999998,8.624,8.612,-0.0159999999999982,8.626,65.425,0.0375000000000005,1.0,0.0,1.0,1.0,0.0,1.0,1.0,1.0
2020-05-29 13:29:05,-0.0079999999999991,8.608,8.598,-0.0159999999999982,8.612,65.425,0.04,1.0,0.0,1.0,1.0,0.0,1.0,1.0,1.0
2020-05-29 13:29:15,-0.009999999999998,8.594,8.584,-0.0159999999999982,8.596,65.3,0.0375000000000005,1.0,0.0,1.0,1.0,0.0,1.0,1.0,1.0
2020-05-29 13:29:25,-0.0079999999999991,8.58,8.568,-0.0139999999999993,8.584,65.25000000000001,0.0349999999999992,1.0,0.0,1.0,1.0,0.0,1.0,1.0,1.0
2020-05-29 13:29:35,-0.0120000000000004,8.566,8.554,-0.0159999999999982,8.568,65.32500000000002,0.0375000000000005,1.0,0.0,1.0,1.0,0.0,1.0,1.0,1.0
2020-05-29 13:29:45,-0.009999999999998,8.554,8.54,-0.0180000000000006,8.554,65.225,0.0375000000000005,1.0,0.0,1.0,1.0,0.0,1.0,1.0,1.0
2020-05-29 13:29:55,-0.009999999999998,8.536,8.524,-0.0180000000000006,8.54,65.225,0.0375000000000005,1.0,0.0,1.0,1.0,0.0,1.0,1.0,1.0
2020-05-29 13:30:05,-0.0120000000000004,8.526,8.512,-0.0159999999999982,8.528,65.3,0.0375000000000005,1.0,0.0,1.0,1.0,0.0,1.0,1.0,1.0
2020-05-29 13:30:14,-0.009999999999998,8.512,8.498,-0.0159999999999982,8.514,65.14999999999999,0.04,1.0,0.0,1.0,1.0,0.0,1.0,1.0,1.0
2020-05-29 13:30:24,-0.0120000000000004,8.496,8.484,-0.0159999999999982,8.498,65.225,0.0375000000000005,1.0,0.0,1.0,1.0,0.0,1.0,1.0,1.0
2020-05-29 13:30:34,-0.009999999999998,8.482,8.47,-0.0159999999999982,8.484,65.12500000000001,0.0375000000000005,1.0,0.0,1.0,1.0,0.0,1.0,1.0,1.0
2020-05-29 13:30:44,-0.009999999999998,8.468,8.454,-0.0180000000000006,8.472,65.07499999999999,0.0349999999999992,1.0,0.0,1.0,1.0,0.0,1.0,1.0,1.0
2020-05-29 13:30:54,-0.009999999999998,8.454,8.44,-0.0159999999999982,8.458,64.95,0.0375000000000005,1.0,0.0,1.0,1.0,0.0,1.0,1.0,1.0
2020-05-29 13:31:04,-0.009999999999998,8.44,8.426,-0.0159999999999982,8.444,64.97500000000001,0.0375000000000005,1.0,0.0,1.0,1.0,0.0,1.0,1.0,1.0
2020-05-29 13:31:14,-0.009999999999998,8.426,8.412,-0.0159999999999982,8.43,64.85000000000001,0.0375000000000005,1.0,0.0,1.0,1.0,0.0,1.0,1.0,1.0
2020-05-29 13:31:24,-0.0120000000000004,8.41,8.398,-0.0180000000000006,8.414,64.825,0.0375000000000005,1.0,0.0,1.0,1.0,0.0,1.0,1.0,1.0
2020-05-29 13:31:34,-0.009999999999998,8.396,8.384,-0.0159999999999982,8.398,64.825,0.04,1.0,0.0,1.0,1.0,0.0,1.0,1.0,1.0
2020-05-29 13:31:44,-0.0120000000000004,8.382,8.368,-0.0180000000000006,8.384,64.775,0.0375000000000005,1.0,0.0,1.0,1.0,0.0,1.0,1.0,1.0
2020-05-29 13:31:54,-0.0079999999999991,8.368,8.356,-0.0139999999999993,8.37,64.85000000000001,0.0375000000000005,1.0,0.0,1.0,1.0,0.0,1.0,1.0,1.0
2020-05-29 13:32:04,-0.0079999999999991,8.354,8.342,-0.0159999999999982,8.356,64.7,0.0375000000000005,1.0,0.0,1.0,1.0,0.0,1.0,1.0,1.0
2020-05-29 13:32:13,-0.0120000000000004,8.338,8.326,-0.0180000000000006,8.34,64.675,0.0375000000000005,1.0,0.0,1.0,1.0,0.0,1.0,1.0,1.0
2020-05-29 13:32:23,-0.0120000000000004,8.324,8.312,-0.0159999999999982,8.326,64.525,0.0375000000000005,1.0,0.0,1.0,1.0,0.0,1.0,1.0,1.0
2020-05-29 13:32:33,-0.009999999999998,8.31,8.296,-0.0159999999999982,8.312,64.55,0.0375000000000005,1.0,0.0,1.0,1.0,0.0,1.0,1.0,1.0
2020-05-29 13:32:43,-0.009999999999998,8.288,8.276,-0.0159999999999982,8.292,64.45,0.0375000000000005,1.0,0.0,1.0,1.0,0.0,1.0,1.0,1.0
2020-05-29 13:32:53,-0.0120000000000004,8.13,8.12,-0.0159999999999982,8.134,64.45,0.0349999999999992,1.0,0.0,1.0,1.0,0.0,1.0,1.0,1.0
2020-05-29 13:33:03,-0.0120000000000004,8.12,8.11,-0.0180000000000006,8.122,64.25,0.0349999999999992,1.0,0.0,1.0,1.0,0.0,1.0,1.0,1.0
2020-05-29 13:33:13,-0.009999999999998,8.11,8.1,-0.0159999999999982,8.112,64.17500000000001,0.0375000000000005,1.0,0.0,1.0,1.0,0.0,1.0,1.0,1.0
2020-05-29 13:33:23,-0.009999999999998,8.1,8.09,-0.0159999999999982,8.104,63.99999999999999,0.0375000000000005,1.0,0.0,1.0,1.0,0.0,1.0,1.0,1.0
2020-05-29 13:33:33,5.638,8.088,-0.0219999999999984,-0.0159999999999982,8.092,63.97500000000001,5.120000000000001,0.0,1.0,0.0,0.0,0.0,1.0,1.0,1.0
2020-05-29 13:33:43,8.656,8.206,-0.0219999999999984,-0.0159999999999982,8.204,63.94999999999999,5.789999999999999,0.0,1.0,0.0,0.0,0.0,1.0,1.0,1.0
2020-05-29 13:33:53,8.854,8.418,-0.0180000000000006,-0.0180000000000006,8.416,64.375,5.715,0.0,1.0,0.0,0.0,0.0,1.0,1.0,1.0
2020-05-29 13:34:03,8.038,8.528,-0.0139999999999993,-0.0159999999999982,8.53,65.12500000000001,5.5375,0.0,1.0,0.0,0.0,0.0,1.0,1.0,1.0
2020-05-29 13:34:12,8.894,8.59,-0.009999999999998,-0.0139999999999993,8.588,66.12499999999999,5.827500000000001,0.0,1.0,1.0,0.0,0.0,1.0,1.0,1.0
2020-05-29 13:34:22,9.216,8.794,-0.009999999999998,-0.0139999999999993,8.79,66.95,5.905000000000001,0.0,1.0,1.0,0.0,0.0,1.0,1.0,1.0
2020-05-29 13:34:32,9.418,9.01,-0.0079999999999991,-0.0159999999999982,9.004,67.75,5.827500000000001,0.0,1.0,1.0,0.0,0.0,1.0,1.0,1.0
2020-05-29 13:34:42,9.584,9.186,-0.0079999999999991,-0.0159999999999982,9.182,68.30000000000001,5.885,0.0,1.0,1.0,0.0,0.0,1.0,1.0,1.0
2020-05-29 13:34:52,9.752,9.366,-0.009999999999998,-0.0180000000000006,9.362,69.025,6.0525,0.0,1.0,1.0,0.0,0.0,1.0,1.0,1.0
2020-05-29 13:35:02,9.92,9.544,-0.0060000000000002,-0.0139999999999993,9.538,69.85,6.105,0.0,1.0,1.0,0.0,0.0,1.0,1.0,1.0
2020-05-29 13:35:12,9.366,9.604,-0.0079999999999991,-0.0180000000000006,9.6,70.7,5.807500000000001,0.0,1.0,0.0,0.0,0.0,1.0,1.0,1.0
2020-05-29 13:35:22,10.118,9.742,-0.0079999999999991,-0.0159999999999982,9.736,71.42500000000001,6.022499999999999,0.0,1.0,0.0,0.0,0.0,1.0,1.0,1.0
2020-05-29 13:35:32,10.272,9.902,-0.0079999999999991,-0.0159999999999982,9.896,72.125,6.195,0.0,1.0,0.0,0.0,0.0,1.0,1.0,1.0
2020-05-29 13:35:42,10.404,10.03,-0.0079999999999991,-0.0180000000000006,10.026,72.39999999999999,6.0825,0.0,1.0,0.0,0.0,0.0,1.0,1.0,1.0
2020-05-29 13:35:52,10.518,10.166,-0.0079999999999991,-0.0159999999999982,10.164,72.825,6.087499999999999,0.0,1.0,0.0,0.0,0.0,1.0,1.0,1.0
2020-05-29 13:36:02,-0.0240000000000009,10.122,10.124,-0.0159999999999982,10.122,73.32499999999999,3.7975,1.0,0.0,1.0,1.0,0.0,1.0,1.0,1.0
2020-05-29 13:36:12,-0.0199999999999995,10.076,10.072,-0.0159999999999982,10.074,73.025,3.7425,1.0,0.0,1.0,1.0,0.0,1.0,1.0,1.0
2020-05-29 13:36:21,-0.0199999999999995,10.038,10.032,-0.0180000000000006,10.034,72.39999999999999,3.68,1.0,0.0,1.0,1.0,0.0,1.0,1.0,1.0
2020-05-29 13:36:31,-0.0159999999999982,9.998,9.99,-0.0180000000000006,9.996,72.10000000000001,3.66,1.0,0.0,1.0,1.0,0.0,1.0,1.0,1.0
2020-05-29 13:36:41,-0.0159999999999982,9.968,9.958,-0.0180000000000006,9.964,71.95,3.655000000000001,1.0,0.0,1.0,1.0,0.0,1.0,1.0,1.0
2020-05-29 13:36:51,-0.0139999999999993,9.94,9.93,-0.0180000000000006,9.938,71.75,3.6750000000000007,1.0,0.0,1.0,1.0,0.0,1.0,1.0,1.0
2020-05-29 13:37:01,-0.0139999999999993,9.914,9.904,-0.0180000000000006,9.912,71.7,3.6875,1.0,0.0,1.0,1.0,0.0,1.0,1.0,1.0
2020-05-29 13:37:11,-0.0120000000000004,9.874,9.862,-0.0159999999999982,9.872,71.625,3.747500000000001,1.0,0.0,1.0,1.0,0.0,1.0,1.0,1.0
2020-05-29 13:37:21,-0.0120000000000004,9.836,9.824,-0.0180000000000006,9.834,71.64999999999999,3.7624999999999993,1.0,0.0,1.0,1.0,0.0,1.0,1.0,1.0
2020-05-29 13:37:31,-0.0120000000000004,9.816,9.804,-0.0180000000000006,9.814,71.57500000000002,3.6875,1.0,0.0,1.0,1.0,0.0,1.0,1.0,1.0
2020-05-29 13:37:41,-0.0120000000000004,9.796,9.784,-0.0180000000000006,9.796,71.39999999999999,3.640000000000001,1.0,0.0,1.0,1.0,0.0,1.0,1.0,1.0
2020-05-29 13:37:51,-0.0120000000000004,9.768,9.754,-0.0180000000000006,9.766,71.10000000000001,3.715,1.0,0.0,1.0,1.0,0.0,1.0,1.0,1.0
2020-05-29 13:38:01,-0.009999999999998,9.744,9.732,-0.0159999999999982,9.744,71.025,3.75,1.0,0.0,1.0,1.0,0.0,1.0,1.0,1.0
2020-05-29 13:38:11,-0.009999999999998,9.728,9.714,-0.0180000000000006,9.724,71.0,3.774999999999999,1.0,0.0,1.0,1.0,0.0,1.0,1.0,1.0
2020-05-29 13:38:20,-0.009999999999998,9.708,9.694,-0.0180000000000006,9.706,70.8,3.807500000000001,1.0,0.0,1.0,1.0,0.0,1.0,1.0,1.0
2020-05-29 13:38:30,-0.009999999999998,9.69,9.678,-0.0180000000000006,9.69,70.5,3.754999999999999,1.0,0.0,1.0,1.0,0.0,1.0,1.0,1.0
2020-05-29 13:38:40,-0.0079999999999991,9.672,9.66,-0.0159999999999982,9.672,70.35,3.764999999999999,1.0,0.0,1.0,1.0,0.0,1.0,1.0,1.0
2020-05-29 13:38:50,-0.009999999999998,9.654,9.64,-0.0180000000000006,9.654,70.025,3.7675,1.0,0.0,1.0,1.0,0.0,1.0,1.0,1.0
2020-05-29 13:39:00,-0.009999999999998,9.638,9.626,-0.0159999999999982,9.638,69.825,3.66,1.0,0.0,1.0,1.0,0.0,1.0,1.0,1.0
2020-05-29 13:39:10,-0.009999999999998,9.624,9.61,-0.0180000000000006,9.624,69.575,3.6775,1.0,0.0,1.0,1.0,0.0,1.0,1.0,1.0
2020-05-29 13:39:20,-0.009999999999998,9.606,9.592,-0.0159999999999982,9.606,69.37500000000001,3.685000000000001,1.0,0.0,1.0,1.0,0.0,1.0,1.0,1.0
2020-05-29 13:39:30,-0.0079999999999991,9.59,9.578,-0.0159999999999982,9.592,69.35,3.655000000000001,1.0,0.0,1.0,1.0,0.0,1.0,1.0,1.0
2020-05-29 13:39:40,-0.0079999999999991,9.53,9.514,-0.0159999999999982,9.53,69.22500000000001,3.6525,1.0,0.0,1.0,1.0,0.0,1.0,1.0,1.0
2020-05-29 13:39:50,-0.0079999999999991,9.456,9.442,-0.0180000000000006,9.456,69.15,3.74,1.0,0.0,1.0,1.0,0.0,1.0,1.0,1.0
2020-05-29 13:40:00,-0.0079999999999991,9.444,9.43,-0.0180000000000006,9.444,69.15,3.7525,1.0,0.0,1.0,1.0,0.0,1.0,1.0,1.0
2020-05-29 13:40:10,-0.0079999999999991,9.432,9.42,-0.0159999999999982,9.43,69.15,3.7250000000000014,1.0,0.0,1.0,1.0,0.0,1.0,1.0,1.0
2020-05-29 13:40:19,-0.009999999999998,9.416,9.404,-0.0180000000000006,9.416,69.15,3.717500000000001,1.0,0.0,1.0,1.0,0.0,1.0,1.0,1.0
2020-05-29 13:40:29,-0.0079999999999991,9.404,9.392,-0.0159999999999982,9.402,69.10000000000001,3.7125,1.0,0.0,1.0,1.0,0.0,1.0,1.0,1.0
2020-05-29 13:40:39,-0.0079999999999991,9.39,9.38,-0.0180000000000006,9.39,69.025,3.69,1.0,0.0,1.0,1.0,0.0,1.0,1.0,1.0
2020-05-29 13:40:49,-0.0079999999999991,9.376,9.364,-0.0159999999999982,9.378,69.15,3.682499999999999,1.0,0.0,1.0,1.0,0.0,1.0,1.0,1.0
2020-05-29 13:40:59,-0.0079999999999991,9.362,9.35,-0.0159999999999982,9.362,68.95,3.715,1.0,0.0,1.0,1.0,0.0,1.0,1.0,1.0
2020-05-29 13:41:09,-0.009999999999998,9.348,9.336,-0.0159999999999982,9.348,69.025,3.695,1.0,0.0,1.0,1.0,0.0,1.0,1.0,1.0
2020-05-29 13:41:19,-0.0079999999999991,9.334,9.322,-0.0180000000000006,9.334,69.04999999999998,3.710000000000001,1.0,0.0,1.0,1.0,0.0,1.0,1.0,1.0
2020-05-29 13:41:29,-0.0079999999999991,9.318,9.306,-0.0159999999999982,9.32,69.025,3.66,1.0,0.0,1.0,1.0,0.0,1.0,1.0,1.0
2020-05-29 13:41:39,-0.0079999999999991,9.306,9.292,-0.0180000000000006,9.304,68.95,3.655000000000001,1.0,0.0,1.0,1.0,0.0,1.0,1.0,1.0
2020-05-29 13:41:49,-0.009999999999998,9.292,9.28,-0.0180000000000006,9.29,68.925,3.6625,1.0,0.0,1.0,1.0,0.0,1.0,1.0,1.0
2020-05-29 13:41:59,-0.0079999999999991,9.278,9.266,-0.0159999999999982,9.276,69.0,3.7325,1.0,0.0,1.0,1.0,0.0,1.0,1.0,1.0
2020-05-29 13:42:09,-0.0079999999999991,9.264,9.252,-0.0139999999999993,9.264,69.025,3.75,1.0,0.0,1.0,1.0,0.0,1.0,1.0,1.0
2020-05-29 13:42:18,-0.009999999999998,9.25,9.238,-0.0159999999999982,9.25,69.15,3.692499999999999,1.0,0.0,1.0,1.0,0.0,1.0,1.0,1.0
2020-05-29 13:42:28,-0.0079999999999991,9.234,9.224,-0.0159999999999982,9.236,69.025,3.6374999999999993,1.0,0.0,1.0,1.0,0.0,1.0,1.0,1.0
2020-05-29 13:42:38,-0.0079999999999991,9.22,9.208,-0.0180000000000006,9.222,69.15,3.6425,1.0,0.0,1.0,1.0,0.0,1.0,1.0,1.0
2020-05-29 13:42:48,-0.009999999999998,9.206,9.194,-0.0180000000000006,9.208,69.12499999999999,0.0375000000000005,1.0,0.0,1.0,1.0,0.0,1.0,1.0,1.0
2020-05-29 13:42:58,-0.0079999999999991,9.194,9.182,-0.0159999999999982,9.196,69.22500000000001,0.04,1.0,0.0,1.0,1.0,0.0,1.0,1.0,1.0
2020-05-29 13:43:08,-0.0079999999999991,9.18,9.168,-0.0180000000000006,9.18,69.12499999999999,0.04,1.0,0.0,1.0,1.0,0.0,1.0,1.0,1.0
2020-05-29 13:43:18,-0.0079999999999991,9.166,9.154,-0.0180000000000006,9.168,68.925,0.04,1.0,0.0,1.0,1.0,0.0,1.0,1.0,1.0
2020-05-29 13:43:28,-0.0079999999999991,9.152,9.14,-0.0159999999999982,9.152,68.775,0.0375000000000005,1.0,0.0,1.0,1.0,0.0,1.0,1.0,1.0
2020-05-29 13:43:38,-0.0079999999999991,9.14,9.128,-0.0159999999999982,9.14,68.35,0.04,1.0,0.0,1.0,1.0,0.0,1.0,1.0,1.0
2020-05-29 13:43:48,-0.0079999999999991,9.128,9.114,-0.0180000000000006,9.126,68.12499999999999,0.0375000000000005,1.0,0.0,1.0,1.0,0.0,1.0,1.0,1.0
2020-05-29 13:43:58,-0.0079999999999991,9.114,9.102,-0.0159999999999982,9.116,67.85000000000001,0.0375000000000005,1.0,0.0,1.0,1.0,0.0,1.0,1.0,1.0
2020-05-29 13:44:08,-0.0079999999999991,9.1,9.086,-0.0159999999999982,9.1,67.65,0.0375000000000005,1.0,0.0,1.0,1.0,0.0,1.0,1.0,1.0
2020-05-29 13:44:17,-0.0079999999999991,9.086,9.076,-0.0159999999999982,9.088,67.425,0.0375000000000005,1.0,0.0,1.0,1.0,0.0,1.0,1.0,1.0
2020-05-29 13:44:27,-0.0079999999999991,9.074,9.06,-0.0180000000000006,9.074,67.225,0.04,1.0,0.0,1.0,1.0,0.0,1.0,1.0,1.0
2020-05-29 13:44:37,-0.0079999999999991,9.058,9.046,-0.0159999999999982,9.06,66.92499999999998,0.0375000000000005,1.0,0.0,1.0,1.0,0.0,1.0,1.0,1.0
2020-05-29 13:44:47,-0.009999999999998,9.046,9.034,-0.0180000000000006,9.044,66.85000000000001,0.0375000000000005,1.0,0.0,1.0,1.0,0.0,1.0,1.0,1.0
2020-05-29 13:44:57,-0.0079999999999991,9.032,9.02,-0.0159999999999982,9.034,66.725,0.0375000000000005,1.0,0.0,1.0,1.0,0.0,1.0,1.0,1.0
2020-05-29 13:45:07,-0.009999999999998,9.02,9.004,-0.0180000000000006,9.018,66.6,0.0375000000000005,1.0,0.0,1.0,1.0,0.0,1.0,1.0,1.0
2020-05-29 13:45:17,-0.009999999999998,9.006,8.99,-0.0180000000000006,9.004,66.52499999999999,0.0375000000000005,1.0,0.0,1.0,1.0,0.0,1.0,1.0,1.0
2020-05-29 13:45:27,-0.0079999999999991,8.992,8.98,-0.0159999999999982,8.992,66.425,0.0375000000000005,1.0,0.0,1.0,1.0,0.0,1.0,1.0,1.0
2020-05-29 13:45:37,-0.0079999999999991,8.978,8.964,-0.0159999999999982,8.98,66.225,0.0375000000000005,1.0,0.0,1.0,1.0,0.0,1.0,1.0,1.0
2020-05-29 13:45:47,-0.0079999999999991,8.966,8.952,-0.0180000000000006,8.966,66.225,0.0375000000000005,1.0,0.0,1.0,1.0,0.0,1.0,1.0,1.0
2020-05-29 13:45:57,-0.009999999999998,8.954,8.938,-0.0180000000000006,8.954,66.12499999999999,0.0375000000000005,1.0,0.0,1.0,1.0,0.0,1.0,1.0,1.0
2020-05-29 13:46:07,-0.0079999999999991,8.94,8.928,-0.0159999999999982,8.94,66.14999999999999,0.0375000000000005,1.0,0.0,1.0,1.0,0.0,1.0,1.0,1.0
2020-05-29 13:46:16,-0.0079999999999991,8.926,8.914,-0.0180000000000006,8.926,66.025,0.0375000000000005,1.0,0.0,1.0,1.0,0.0,1.0,1.0,1.0
2020-05-29 13:46:26,-0.0120000000000004,8.912,8.9,-0.0180000000000006,8.914,65.95,0.0375000000000005,1.0,0.0,1.0,1.0,0.0,1.0,1.0,1.0
2020-05-29 13:46:36,-0.0079999999999991,8.904,8.888,-0.0159999999999982,8.904,65.825,0.0375000000000005,1.0,0.0,1.0,1.0,0.0,1.0,1.0,1.0
2020-05-29 13:46:46,-0.0079999999999991,8.888,8.876,-0.0139999999999993,8.888,65.75,0.0375000000000005,1.0,0.0,1.0,1.0,0.0,1.0,1.0,1.0
2020-05-29 13:46:56,-0.009999999999998,8.866,8.854,-0.0180000000000006,8.868,65.65,0.0375000000000005,1.0,0.0,1.0,1.0,0.0,1.0,1.0,1.0
2020-05-29 13:47:06,-0.0079999999999991,8.854,8.84,-0.0159999999999982,8.856,65.525,0.0375000000000005,1.0,0.0,1.0,1.0,0.0,1.0,1.0,1.0
2020-05-29 13:47:16,-0.0079999999999991,8.83,8.818,-0.0180000000000006,8.832,65.45,0.04,1.0,0.0,1.0,1.0,0.0,1.0,1.0,1.0
2020-05-29 13:47:26,-0.0120000000000004,8.816,8.804,-0.0180000000000006,8.818,65.425,0.0375000000000005,1.0,0.0,1.0,1.0,0.0,1.0,1.0,1.0
2020-05-29 13:47:36,-0.009999999999998,8.804,8.792,-0.0180000000000006,8.808,65.425,0.0375000000000005,1.0,0.0,1.0,1.0,0.0,1.0,1.0,1.0
2020-05-29 13:47:46,-0.009999999999998,8.794,8.782,-0.0159999999999982,8.796,65.375,0.0375000000000005,1.0,0.0,1.0,1.0,0.0,1.0,1.0,1.0
2020-05-29 13:47:56,-0.009999999999998,8.776,8.764,-0.0159999999999982,8.778,65.17500000000001,0.0375000000000005,1.0,0.0,1.0,1.0,0.0,1.0,1.0,1.0
2020-05-29 13:48:05,-0.009999999999998,8.764,8.75,-0.0159999999999982,8.766,65.07499999999999,0.0375000000000005,1.0,0.0,1.0,1.0,0.0,1.0,1.0,1.0
2020-05-29 13:48:15,-0.0079999999999991,8.73,8.718,-0.0159999999999982,8.732,64.95,0.0375000000000005,1.0,0.0,1.0,1.0,0.0,1.0,1.0,1.0
2020-05-29 13:48:25,-0.0079999999999991,8.706,8.694,-0.0159999999999982,8.706,64.97500000000001,0.0349999999999992,1.0,0.0,1.0,1.0,0.0,1.0,1.0,1.0
2020-05-29 13:48:35,-0.009999999999998,8.668,8.656,-0.0180000000000006,8.67,64.92500000000001,0.0375000000000005,1.0,0.0,1.0,1.0,0.0,1.0,1.0,1.0
2020-05-29 13:48:45,-0.009999999999998,8.66,8.648,-0.0180000000000006,8.66,64.775,0.0375000000000005,1.0,0.0,1.0,1.0,0.0,1.0,1.0,1.0
2020-05-29 13:48:55,-0.009999999999998,8.648,8.636,-0.0180000000000006,8.65,64.775,0.0375000000000005,1.0,0.0,1.0,1.0,0.0,1.0,1.0,1.0
2020-05-29 13:49:05,-0.009999999999998,8.638,8.628,-0.0180000000000006,8.64,64.75,0.0375000000000005,1.0,0.0,1.0,1.0,0.0,1.0,1.0,1.0
2020-05-29 13:49:15,-0.009999999999998,8.628,8.616,-0.0159999999999982,8.628,64.75,0.04,1.0,0.0,1.0,1.0,0.0,1.0,1.0,1.0
2020-05-29 13:49:25,-0.009999999999998,8.616,8.606,-0.0159999999999982,8.618,64.65,0.0375000000000005,1.0,0.0,1.0,1.0,0.0,1.0,1.0,1.0
2020-05-29 13:49:35,-0.0120000000000004,8.606,8.592,-0.0159999999999982,8.606,64.525,0.0375000000000005,1.0,0.0,1.0,1.0,0.0,1.0,1.0,1.0
2020-05-29 13:49:45,-0.009999999999998,8.592,8.582,-0.0139999999999993,8.594,64.55,0.0375000000000005,1.0,0.0,1.0,1.0,0.0,1.0,1.0,1.0
2020-05-29 13:49:54,-0.009999999999998,8.582,8.57,-0.0139999999999993,8.582,64.425,0.0375000000000005,1.0,0.0,1.0,1.0,0.0,1.0,1.0,1.0
2020-05-29 13:50:04,-0.0079999999999991,8.57,8.558,-0.0159999999999982,8.572,64.32500000000002,0.0375000000000005,1.0,0.0,1.0,1.0,0.0,1.0,1.0,1.0
2020-05-29 13:50:14,-0.009999999999998,8.556,8.546,-0.0159999999999982,8.56,64.35,0.0375000000000005,1.0,0.0,1.0,1.0,0.0,1.0,1.0,1.0
2020-05-29 13:50:24,-0.009999999999998,8.546,8.534,-0.0180000000000006,8.548,64.12500000000001,0.0375000000000005,1.0,0.0,1.0,1.0,0.0,1.0,1.0,1.0
2020-05-29 13:50:34,-0.009999999999998,8.536,8.524,-0.0180000000000006,8.538,64.17500000000001,0.04,1.0,0.0,1.0,1.0,0.0,1.0,1.0,1.0
2020-05-29 13:50:44,-0.009999999999998,8.522,8.512,-0.0199999999999995,8.522,64.14999999999999,0.0375000000000005,1.0,0.0,1.0,1.0,0.0,1.0,1.0,1.0
2020-05-29 13:50:54,-0.009999999999998,8.51,8.5,-0.0159999999999982,8.514,64.1,0.04,1.0,0.0,1.0,1.0,0.0,1.0,1.0,1.0
2020-05-29 13:51:04,-0.0120000000000004,8.498,8.488,-0.0180000000000006,8.5,64.05000000000001,0.04,1.0,0.0,1.0,1.0,0.0,1.0,1.0,1.0
2020-05-29 13:51:14,-0.0120000000000004,8.484,8.472,-0.0180000000000006,8.486,64.025,0.0375000000000005,1.0,0.0,1.0,1.0,0.0,1.0,1.0,1.0
2020-05-29 13:51:24,-0.0079999999999991,8.476,8.464,-0.0159999999999982,8.476,63.85000000000001,0.0375000000000005,1.0,0.0,1.0,1.0,0.0,1.0,1.0,1.0
2020-05-29 13:51:34,-0.009999999999998,8.462,8.45,-0.0159999999999982,8.466,63.775000000000006,0.0375000000000005,1.0,0.0,1.0,1.0,0.0,1.0,1.0,1.0
2020-05-29 13:51:43,-0.009999999999998,8.45,8.436,-0.0159999999999982,8.452,63.72500000000001,0.0375000000000005,1.0,0.0,1.0,1.0,0.0,1.0,1.0,1.0
2020-05-29 13:51:53,-0.009999999999998,8.436,8.426,-0.0180000000000006,8.44,63.55,0.0375000000000005,1.0,0.0,1.0,1.0,0.0,1.0,1.0,1.0
2020-05-29 13:52:03,-0.0120000000000004,8.426,8.414,-0.0180000000000006,8.428,63.575,0.0375000000000005,1.0,0.0,1.0,1.0,0.0,1.0,1.0,1.0
2020-05-29 13:52:13,-0.009999999999998,8.412,8.4,-0.0159999999999982,8.414,63.55,0.0375000000000005,1.0,0.0,1.0,1.0,0.0,1.0,1.0,1.0
2020-05-29 13:52:23,-0.009999999999998,8.4,8.386,-0.0159999999999982,8.402,63.55,0.0375000000000005,1.0,0.0,1.0,1.0,0.0,1.0,1.0,1.0
2020-05-29 13:52:33,-0.0120000000000004,8.388,8.376,-0.0159999999999982,8.392,63.425,0.04,1.0,0.0,1.0,1.0,0.0,1.0,1.0,1.0
2020-05-29 13:52:43,-0.009999999999998,8.376,8.364,-0.0159999999999982,8.38,63.325,0.0349999999999992,1.0,0.0,1.0,1.0,0.0,1.0,1.0,1.0
2020-05-29 13:52:53,-0.0120000000000004,8.362,8.35,-0.0180000000000006,8.366,63.25,0.0349999999999992,1.0,0.0,1.0,1.0,0.0,1.0,1.0,1.0
2020-05-29 13:53:03,-0.0120000000000004,8.35,8.338,-0.0180000000000006,8.354,63.225,0.0375000000000005,1.0,0.0,1.0,1.0,0.0,1.0,1.0,1.0
2020-05-29 13:53:13,-0.009999999999998,8.34,8.328,-0.0139999999999993,8.344,63.1,0.0375000000000005,1.0,0.0,1.0,1.0,0.0,1.0,1.0,1.0
2020-05-29 13:53:23,-0.009999999999998,8.328,8.316,-0.0159999999999982,8.33,63.14999999999999,0.0375000000000005,1.0,0.0,1.0,1.0,0.0,1.0,1.0,1.0
2020-05-29 13:53:33,-0.009999999999998,8.314,8.302,-0.0159999999999982,8.318,62.97500000000001,0.0375000000000005,1.0,0.0,1.0,1.0,0.0,1.0,1.0,1.0
2020-05-29 13:53:42,-0.009999999999998,8.302,8.29,-0.0159999999999982,8.306,62.85000000000001,0.0375000000000005,1.0,0.0,1.0,1.0,0.0,1.0,1.0,1.0
2020-05-29 13:53:52,-0.009999999999998,8.29,8.278,-0.0159999999999982,8.294,62.85000000000001,0.04,1.0,0.0,1.0,1.0,0.0,1.0,1.0,1.0
2020-05-29 13:54:02,-0.0120000000000004,8.28,8.268,-0.0159999999999982,8.282,62.825,0.0375000000000005,1.0,0.0,1.0,1.0,0.0,1.0,1.0,1.0
2020-05-29 13:54:12,-0.0120000000000004,8.266,8.256,-0.0180000000000006,8.27,62.85000000000001,0.0375000000000005,1.0,0.0,1.0,1.0,0.0,1.0,1.0,1.0
2020-05-29 13:54:22,-0.0120000000000004,8.254,8.242,-0.0180000000000006,8.258,62.75,0.0375000000000005,1.0,0.0,1.0,1.0,0.0,1.0,1.0,1.0
2020-05-29 13:54:32,-0.0120000000000004,8.242,8.232,-0.0159999999999982,8.246,62.675,0.0375000000000005,1.0,0.0,1.0,1.0,0.0,1.0,1.0,1.0
2020-05-29 13:54:42,-0.0120000000000004,8.232,8.22,-0.0159999999999982,8.236,62.650000000000006,0.0375000000000005,1.0,0.0,1.0,1.0,0.0,1.0,1.0,1.0
2020-05-29 13:54:52,-0.0079999999999991,8.222,8.21,-0.0159999999999982,8.224,62.575,0.0375000000000005,1.0,0.0,1.0,1.0,0.0,1.0,1.0,1.0
2020-05-29 13:55:02,-0.009999999999998,8.208,8.198,-0.0159999999999982,8.21,62.55,0.04,1.0,0.0,1.0,1.0,0.0,1.0,1.0,1.0
2020-05-29 13:55:12,-0.0120000000000004,8.196,8.184,-0.0159999999999982,8.2,62.525000000000006,0.0375000000000005,1.0,0.0,1.0,1.0,0.0,1.0,1.0,1.0
2020-05-29 13:55:22,-0.0120000000000004,8.186,8.174,-0.0180000000000006,8.188,62.5,0.0375000000000005,1.0,0.0,1.0,1.0,0.0,1.0,1.0,1.0
2020-05-29 13:55:31,-0.0120000000000004,8.174,8.162,-0.0180000000000006,8.178,62.45,0.0375000000000005,1.0,0.0,1.0,1.0,0.0,1.0,1.0,1.0
2020-05-29 13:55:41,-0.0120000000000004,8.162,8.15,-0.0180000000000006,8.164,62.3,0.0375000000000005,1.0,0.0,1.0,1.0,0.0,1.0,1.0,1.0
2020-05-29 13:55:51,-0.0120000000000004,8.148,8.138,-0.0180000000000006,8.152,62.35,0.0375000000000005,1.0,0.0,1.0,1.0,0.0,1.0,1.0,1.0
2020-05-29 13:56:01,-0.0120000000000004,8.138,8.128,-0.0180000000000006,8.14,62.25,0.04,1.0,0.0,1.0,1.0,0.0,1.0,1.0,1.0
2020-05-29 13:56:11,-0.0120000000000004,8.126,8.116,-0.0180000000000006,8.13,62.14999999999999,0.04,1.0,0.0,1.0,1.0,0.0,1.0,1.0,1.0
2020-05-29 13:56:21,-0.009999999999998,8.114,8.104,-0.0159999999999982,8.118,62.07499999999999,0.0375000000000005,1.0,0.0,1.0,1.0,0.0,1.0,1.0,1.0
2020-05-29 13:56:31,-0.0120000000000004,8.104,8.094,-0.0159999999999982,8.108,62.07499999999999,0.0375000000000005,1.0,0.0,1.0,1.0,0.0,1.0,1.0,1.0
2020-05-29 13:56:41,-0.0120000000000004,8.09,8.082,-0.0180000000000006,8.096,62.05000000000001,0.0375000000000005,1.0,0.0,1.0,1.0,0.0,1.0,1.0,1.0
2020-05-29 13:56:51,5.818,8.078,-0.0240000000000009,-0.0180000000000006,8.08,62.05000000000001,5.164999999999999,0.0,1.0,0.0,0.0,0.0,1.0,1.0,1.0
2020-05-29 13:57:01,8.166,8.11,-0.0219999999999984,-0.0180000000000006,8.114,62.05000000000001,5.649999999999999,0.0,1.0,1.0,0.0,0.0,1.0,1.0,1.0
2020-05-29 13:57:11,8.806,8.356,-0.0180000000000006,-0.0180000000000006,8.356,62.27499999999999,5.7475000000000005,0.0,1.0,1.0,0.0,0.0,1.0,1.0,1.0
2020-05-29 13:57:20,9.018,8.586,-0.0159999999999982,-0.0180000000000006,8.586,62.72500000000001,5.789999999999999,0.0,1.0,1.0,0.0,0.0,1.0,1.0,1.0
2020-05-29 13:57:30,9.216,8.8,-0.0139999999999993,-0.0159999999999982,8.8,63.45,5.852500000000001,0.0,1.0,1.0,0.0,0.0,1.0,1.0,1.0
2020-05-29 13:57:40,9.418,9.022,-0.009999999999998,-0.0159999999999982,9.018,64.35,5.862499999999999,0.0,1.0,1.0,0.0,0.0,1.0,1.0,1.0
2020-05-29 13:57:50,9.594,9.212,-0.0120000000000004,-0.0159999999999982,9.208,65.5,5.865,0.0,1.0,1.0,0.0,0.0,1.0,1.0,1.0
2020-05-29 13:58:00,8.584,9.294,-0.009999999999998,-0.0180000000000006,9.292,66.425,5.6325,0.0,1.0,0.0,0.0,0.0,1.0,1.0,1.0
2020-05-29 13:58:10,9.806,9.418,-0.009999999999998,-0.0159999999999982,9.418,67.52499999999999,5.9,0.0,1.0,0.0,0.0,0.0,1.0,1.0,1.0
2020-05-29 13:58:20,9.984,9.604,-0.009999999999998,-0.0159999999999982,9.602,68.7,5.93,0.0,1.0,0.0,0.0,0.0,1.0,1.0,1.0
2020-05-29 13:58:30,10.134,9.766,-0.009999999999998,-0.0180000000000006,9.764,69.725,6.09,0.0,1.0,0.0,0.0,0.0,1.0,1.0,1.0
2020-05-29 13:58:40,10.282,9.924,-0.009999999999998,-0.0159999999999982,9.92,70.55,6.1775,0.0,1.0,0.0,0.0,0.0,1.0,1.0,1.0
2020-05-29 13:58:50,10.438,10.09,-0.009999999999998,-0.0159999999999982,10.088,71.22500000000001,6.100000000000001,0.0,1.0,0.0,0.0,0.0,1.0,1.0,1.0
2020-05-29 13:59:00,-0.0240000000000009,10.14,10.142,-0.0159999999999982,10.138,71.52499999999999,3.8225,1.0,0.0,1.0,1.0,0.0,1.0,1.0,1.0
2020-05-29 13:59:10,-0.0240000000000009,10.09,10.09,-0.0159999999999982,10.09,71.95,3.85,1.0,0.0,1.0,1.0,0.0,1.0,1.0,1.0
2020-05-29 13:59:19,-0.0199999999999995,10.046,10.044,-0.0159999999999982,10.044,71.725,3.8025,1.0,0.0,1.0,1.0,0.0,1.0,1.0,1.0
2020-05-29 13:59:29,-0.0180000000000006,10.014,10.008,-0.0180000000000006,10.012,71.7,3.7200000000000006,1.0,0.0,1.0,1.0,0.0,1.0,1.0,1.0
2020-05-29 13:59:39,-0.0159999999999982,9.984,9.976,-0.0159999999999982,9.982,71.9,3.745000000000001,1.0,0.0,1.0,1.0,0.0,1.0,1.0,1.0
2020-05-29 13:59:49,-0.0139999999999993,9.956,9.946,-0.0159999999999982,9.956,72.15,3.7425,1.0,0.0,1.0,1.0,0.0,1.0,1.0,1.0
2020-05-29 13:59:59,-0.0139999999999993,9.928,9.918,-0.0159999999999982,9.928,72.05,3.772499999999999,1.0,0.0,1.0,1.0,0.0,1.0,1.0,1.0
2020-05-29 14:00:09,-0.0120000000000004,9.906,9.896,-0.0159999999999982,9.908,71.9,3.795,1.0,0.0,1.0,1.0,0.0,1.0,1.0,1.0
2020-05-29 14:00:19,-0.0120000000000004,9.884,9.872,-0.0159999999999982,9.884,71.7,3.855,1.0,0.0,1.0,1.0,0.0,1.0,1.0,1.0
2020-05-29 14:00:29,-0.0120000000000004,9.86,9.848,-0.0159999999999982,9.862,71.32499999999999,3.7775,1.0,0.0,1.0,1.0,0.0,1.0,1.0,1.0
2020-05-29 14:00:39,-0.0079999999999991,9.842,9.828,-0.0159999999999982,9.842,71.125,3.7200000000000006,1.0,0.0,1.0,1.0,0.0,1.0,1.0,1.0
2020-05-29 14:00:49,-0.009999999999998,9.822,9.81,-0.0159999999999982,9.82,70.925,3.705,1.0,0.0,1.0,1.0,0.0,1.0,1.0,1.0
2020-05-29 14:00:59,-0.009999999999998,9.8,9.788,-0.0159999999999982,9.8,70.64999999999999,3.7225,1.0,0.0,1.0,1.0,0.0,1.0,1.0,1.0
2020-05-29 14:01:09,-0.009999999999998,9.782,9.77,-0.0159999999999982,9.784,70.37500000000001,3.807500000000001,1.0,0.0,1.0,1.0,0.0,1.0,1.0,1.0
2020-05-29 14:01:18,-0.009999999999998,9.766,9.752,-0.0159999999999982,9.766,70.15,3.795,1.0,0.0,1.0,1.0,0.0,1.0,1.0,1.0
2020-05-29 14:01:28,-0.009999999999998,9.746,9.732,-0.0159999999999982,9.748,69.925,3.817500000000001,1.0,0.0,1.0,1.0,0.0,1.0,1.0,1.0
2020-05-29 14:01:38,-0.009999999999998,9.726,9.714,-0.0139999999999993,9.728,69.675,3.795,1.0,0.0,1.0,1.0,0.0,1.0,1.0,1.0
2020-05-29 14:01:48,-0.009999999999998,9.616,9.604,-0.0159999999999982,9.616,69.37500000000001,3.7675,1.0,0.0,1.0,1.0,0.0,1.0,1.0,1.0
2020-05-29 14:01:58,-0.009999999999998,9.58,9.568,-0.0159999999999982,9.582,69.35,3.772499999999999,1.0,0.0,1.0,1.0,0.0,1.0,1.0,1.0
2020-05-29 14:02:08,-0.009999999999998,9.566,9.554,-0.0180000000000006,9.57,69.12499999999999,3.782499999999999,1.0,0.0,1.0,1.0,0.0,1.0,1.0,1.0
2020-05-29 14:02:18,-0.0079999999999991,9.552,9.54,-0.0159999999999982,9.554,69.15,3.7575,1.0,0.0,1.0,1.0,0.0,1.0,1.0,1.0
2020-05-29 14:02:28,-0.0120000000000004,9.536,9.524,-0.0180000000000006,9.538,69.0,3.7425,1.0,0.0,1.0,1.0,0.0,1.0,1.0,1.0
2020-05-29 14:02:38,-0.009999999999998,9.46,9.448,-0.0159999999999982,9.462,69.075,3.7225,1.0,0.0,1.0,1.0,0.0,1.0,1.0,1.0
2020-05-29 14:02:48,-0.009999999999998,9.306,9.294,-0.0159999999999982,9.312,68.825,3.747500000000001,1.0,0.0,1.0,1.0,0.0,1.0,1.0,1.0
2020-05-29 14:02:58,-0.009999999999998,9.302,9.29,-0.0180000000000006,9.304,68.725,3.807500000000001,1.0,0.0,1.0,1.0,0.0,1.0,1.0,1.0
2020-05-29 14:03:08,-0.009999999999998,9.294,9.282,-0.0159999999999982,9.298,68.7,3.810000000000001,1.0,0.0,1.0,1.0,0.0,1.0,1.0,1.0
2020-05-29 14:03:17,-0.009999999999998,9.284,9.272,-0.0180000000000006,9.286,68.6,3.7675,1.0,0.0,1.0,1.0,0.0,1.0,1.0,1.0
2020-05-29 14:03:27,-0.009999999999998,9.274,9.26,-0.0180000000000006,9.278,68.775,3.710000000000001,1.0,0.0,1.0,1.0,0.0,1.0,1.0,1.0
2020-05-29 14:03:37,-0.009999999999998,9.262,9.25,-0.0159999999999982,9.266,68.85,3.7425,1.0,0.0,1.0,1.0,0.0,1.0,1.0,1.0
2020-05-29 14:03:47,-0.009999999999998,9.248,9.236,-0.0180000000000006,9.25,68.85,3.810000000000001,1.0,0.0,1.0,1.0,0.0,1.0,1.0,1.0
2020-05-29 14:03:57,-0.0079999999999991,9.238,9.224,-0.0159999999999982,9.24,69.0,3.805,1.0,0.0,1.0,1.0,0.0,1.0,1.0,1.0
2020-05-29 14:04:07,-0.009999999999998,9.116,9.102,-0.0159999999999982,9.12,68.97500000000001,3.7675,1.0,0.0,1.0,1.0,0.0,1.0,1.0,1.0
2020-05-29 14:04:17,-0.009999999999998,8.938,8.926,-0.0180000000000006,8.942,69.15,3.7575,1.0,0.0,1.0,1.0,0.0,1.0,1.0,1.0
2020-05-29 14:04:27,-0.009999999999998,8.938,8.926,-0.0159999999999982,8.94,69.19999999999999,3.789999999999999,1.0,0.0,1.0,1.0,0.0,1.0,1.0,1.0
2020-05-29 14:04:37,-0.0079999999999991,8.934,8.922,-0.0159999999999982,8.936,69.12499999999999,3.782499999999999,1.0,0.0,1.0,1.0,0.0,1.0,1.0,1.0
2020-05-29 14:04:47,-0.009999999999998,8.926,8.916,-0.0159999999999982,8.93,69.22500000000001,3.7775,1.0,0.0,1.0,1.0,0.0,1.0,1.0,1.0
2020-05-29 14:04:57,-0.009999999999998,8.9,8.89,-0.0180000000000006,8.902,69.025,3.764999999999999,1.0,0.0,1.0,1.0,0.0,1.0,1.0,1.0
2020-05-29 14:05:07,-0.009999999999998,8.786,8.776,-0.0159999999999982,8.79,69.025,3.785,1.0,0.0,1.0,1.0,0.0,1.0,1.0,1.0
2020-05-29 14:05:17,-0.009999999999998,8.782,8.772,-0.0159999999999982,8.786,68.925,3.745000000000001,1.0,0.0,1.0,1.0,0.0,1.0,1.0,1.0
2020-05-29 14:05:26,-0.009999999999998,8.774,8.764,-0.0180000000000006,8.778,68.75,3.7425,1.0,0.0,1.0,1.0,0.0,1.0,1.0,1.0
2020-05-29 14:05:36,-0.0079999999999991,8.762,8.752,-0.0139999999999993,8.766,68.675,3.692499999999999,1.0,0.0,1.0,1.0,0.0,1.0,1.0,1.0
2020-05-29 14:05:46,-0.0079999999999991,8.752,8.744,-0.0180000000000006,8.758,68.825,3.68,1.0,0.0,1.0,1.0,0.0,1.0,1.0,1.0
2020-05-29 14:05:56,-0.0079999999999991,8.744,8.732,-0.0159999999999982,8.748,69.075,0.0424999999999995,1.0,0.0,1.0,1.0,0.0,1.0,1.0,1.0
2020-05-29 14:06:06,-0.0079999999999991,8.734,8.724,-0.0159999999999982,8.736,69.15,0.04,1.0,0.0,1.0,1.0,0.0,1.0,1.0,1.0
2020-05-29 14:06:16,-0.0079999999999991,8.722,8.712,-0.0159999999999982,8.728,69.15,0.04,1.0,0.0,1.0,1.0,0.0,1.0,1.0,1.0
2020-05-29 14:06:26,-0.009999999999998,8.684,8.67,-0.0159999999999982,8.686,68.875,0.04,1.0,0.0,1.0,1.0,0.0,1.0,1.0,1.0
2020-05-29 14:06:36,-0.0079999999999991,8.67,8.656,-0.0159999999999982,8.674,68.55,0.04,1.0,0.0,1.0,1.0,0.0,1.0,1.0,1.0
2020-05-29 14:06:46,-0.009999999999998,8.658,8.646,-0.0159999999999982,8.662,68.22500000000001,0.0375000000000005,1.0,0.0,1.0,1.0,0.0,1.0,1.0,1.0
2020-05-29 14:06:56,-0.009999999999998,8.642,8.632,-0.0180000000000006,8.648,67.875,0.0375000000000005,1.0,0.0,1.0,1.0,0.0,1.0,1.0,1.0
2020-05-29 14:07:06,-0.009999999999998,8.626,8.616,-0.0159999999999982,8.63,67.75,0.0375000000000005,1.0,0.0,1.0,1.0,0.0,1.0,1.0,1.0
2020-05-29 14:07:16,-0.009999999999998,8.616,8.604,-0.0159999999999982,8.62,67.625,0.04,1.0,0.0,1.0,1.0,0.0,1.0,1.0,1.0
2020-05-29 14:07:25,-0.0079999999999991,8.604,8.592,-0.0159999999999982,8.608,67.52499999999999,0.04,1.0,0.0,1.0,1.0,0.0,1.0,1.0,1.0
2020-05-29 14:07:35,-0.0079999999999991,8.592,8.58,-0.0159999999999982,8.596,67.39999999999999,0.04,1.0,0.0,1.0,1.0,0.0,1.0,1.0,1.0
2020-05-29 14:07:45,-0.0120000000000004,8.578,8.566,-0.0180000000000006,8.582,67.32499999999999,0.0349999999999992,1.0,0.0,1.0,1.0,0.0,1.0,1.0,1.0
2020-05-29 14:07:55,-0.009999999999998,8.558,8.546,-0.0159999999999982,8.56,67.19999999999999,0.0375000000000005,1.0,0.0,1.0,1.0,0.0,1.0,1.0,1.0
2020-05-29 14:08:05,-0.009999999999998,8.532,8.52,-0.0159999999999982,8.536,67.0,0.0375000000000005,1.0,0.0,1.0,1.0,0.0,1.0,1.0,1.0
2020-05-29 14:08:15,-0.0079999999999991,8.522,8.508,-0.0159999999999982,8.524,66.7,0.04,1.0,0.0,1.0,1.0,0.0,1.0,1.0,1.0
2020-05-29 14:08:25,-0.009999999999998,8.508,8.496,-0.0159999999999982,8.514,66.52499999999999,0.04,1.0,0.0,1.0,1.0,0.0,1.0,1.0,1.0
2020-05-29 14:08:35,-0.009999999999998,8.496,8.482,-0.0180000000000006,8.5,66.32499999999999,0.0375000000000005,1.0,0.0,1.0,1.0,0.0,1.0,1.0,1.0
2020-05-29 14:08:45,-0.009999999999998,8.484,8.47,-0.0159999999999982,8.486,66.12499999999999,0.0375000000000005,1.0,0.0,1.0,1.0,0.0,1.0,1.0,1.0
2020-05-29 14:08:55,-0.009999999999998,8.472,8.46,-0.0159999999999982,8.476,65.95,0.0375000000000005,1.0,0.0,1.0,1.0,0.0,1.0,1.0,1.0
2020-05-29 14:09:05,-0.0079999999999991,8.462,8.448,-0.0159999999999982,8.466,65.92499999999998,0.0375000000000005,1.0,0.0,1.0,1.0,0.0,1.0,1.0,1.0
2020-05-29 14:09:14,-0.0079999999999991,8.448,8.436,-0.0159999999999982,8.45,65.775,0.0375000000000005,1.0,0.0,1.0,1.0,0.0,1.0,1.0,1.0
2020-05-29 14:09:24,-0.009999999999998,8.434,8.424,-0.0180000000000006,8.44,65.725,0.0375000000000005,1.0,0.0,1.0,1.0,0.0,1.0,1.0,1.0
2020-05-29 14:09:34,-0.009999999999998,8.424,8.412,-0.0159999999999982,8.428,65.525,0.0349999999999992,1.0,0.0,1.0,1.0,0.0,1.0,1.0,1.0
2020-05-29 14:09:44,-0.0120000000000004,8.412,8.398,-0.0180000000000006,8.414,65.45,0.0375000000000005,1.0,0.0,1.0,1.0,0.0,1.0,1.0,1.0
2020-05-29 14:09:54,-0.009999999999998,8.388,8.376,-0.0159999999999982,8.392,65.35,0.0375000000000005,1.0,0.0,1.0,1.0,0.0,1.0,1.0,1.0
2020-05-29 14:10:04,-0.009999999999998,8.376,8.366,-0.0159999999999982,8.38,65.25000000000001,0.0375000000000005,1.0,0.0,1.0,1.0,0.0,1.0,1.0,1.0
2020-05-29 14:10:14,-0.009999999999998,8.366,8.354,-0.0159999999999982,8.37,65.12500000000001,0.0375000000000005,1.0,0.0,1.0,1.0,0.0,1.0,1.0,1.0
2020-05-29 14:10:24,-0.009999999999998,8.354,8.342,-0.0159999999999982,8.358,64.95,0.0375000000000005,1.0,0.0,1.0,1.0,0.0,1.0,1.0,1.0
2020-05-29 14:10:34,-0.009999999999998,8.344,8.33,-0.0159999999999982,8.346,64.9,0.0375000000000005,1.0,0.0,1.0,1.0,0.0,1.0,1.0,1.0
2020-05-29 14:10:44,-0.009999999999998,8.33,8.318,-0.0159999999999982,8.334,64.72500000000001,0.0375000000000005,1.0,0.0,1.0,1.0,0.0,1.0,1.0,1.0
2020-05-29 14:10:54,-0.009999999999998,8.316,8.304,-0.0159999999999982,8.32,64.65,0.04,1.0,0.0,1.0,1.0,0.0,1.0,1.0,1.0
2020-05-29 14:11:04,-0.009999999999998,8.304,8.292,-0.0159999999999982,8.31,64.65,0.0375000000000005,1.0,0.0,1.0,1.0,0.0,1.0,1.0,1.0
2020-05-29 14:11:13,-0.009999999999998,8.292,8.28,-0.0180000000000006,8.296,64.55,0.0375000000000005,1.0,0.0,1.0,1.0,0.0,1.0,1.0,1.0
2020-05-29 14:11:23,-0.009999999999998,8.278,8.268,-0.0180000000000006,8.284,64.39999999999999,0.0375000000000005,1.0,0.0,1.0,1.0,0.0,1.0,1.0,1.0
2020-05-29 14:11:33,-0.009999999999998,8.268,8.256,-0.0159999999999982,8.272,64.32500000000002,0.0375000000000005,1.0,0.0,1.0,1.0,0.0,1.0,1.0,1.0
2020-05-29 14:11:43,-0.009999999999998,8.254,8.244,-0.0159999999999982,8.26,64.25,0.04,1.0,0.0,1.0,1.0,0.0,1.0,1.0,1.0
2020-05-29 14:11:53,-0.0120000000000004,8.194,8.182,-0.0159999999999982,8.198,64.12500000000001,0.0375000000000005,1.0,0.0,1.0,1.0,0.0,1.0,1.0,1.0
2020-05-29 14:12:03,-0.009999999999998,8.102,8.092,-0.0180000000000006,8.108,63.94999999999999,0.0349999999999992,1.0,0.0,1.0,1.0,0.0,1.0,1.0,1.0
2020-05-29 14:12:13,-0.009999999999998,8.098,8.088,-0.0139999999999993,8.104,63.94999999999999,0.0375000000000005,1.0,0.0,1.0,1.0,0.0,1.0,1.0,1.0
2020-05-29 14:12:23,3.872,8.082,-0.0240000000000009,-0.0159999999999982,8.086,63.94999999999999,4.8225,0.0,1.0,1.0,0.0,0.0,1.0,1.0,1.0
2020-05-29 14:12:33,8.608,8.156,-0.0219999999999984,-0.0159999999999982,8.158,63.79999999999998,5.772500000000001,0.0,1.0,1.0,0.0,0.0,1.0,1.0,1.0
2020-05-29 14:12:43,8.84,8.398,-0.0199999999999995,-0.0159999999999982,8.4,64.32500000000002,5.809999999999999,0.0,1.0,1.0,0.0,0.0,1.0,1.0,1.0
2020-05-29 14:12:53,9.05,8.628,-0.0159999999999982,-0.0159999999999982,8.626,65.25000000000001,5.860000000000001,0.0,1.0,1.0,0.0,0.0,1.0,1.0,1.0
2020-05-29 14:13:02,9.26,8.852,-0.0139999999999993,-0.0159999999999982,8.852,66.25000000000001,5.91,0.0,1.0,1.0,0.0,0.0,1.0,1.0,1.0
2020-05-29 14:13:12,9.416,9.026,-0.0120000000000004,-0.0180000000000006,9.024,67.30000000000001,5.922499999999999,0.0,1.0,1.0,0.0,0.0,1.0,1.0,1.0
2020-05-29 14:13:22,9.256,9.08,-0.0139999999999993,-0.0180000000000006,9.08,68.17500000000001,5.834999999999999,0.0,1.0,0.0,0.0,0.0,1.0,1.0,1.0
2020-05-29 14:13:32,9.664,9.272,-0.009999999999998,-0.0180000000000006,9.27,69.32499999999999,5.932500000000001,0.0,1.0,0.0,0.0,0.0,1.0,1.0,1.0
2020-05-29 14:13:42,9.83,9.45,-0.0120000000000004,-0.0180000000000006,9.448,70.22500000000001,5.98,0.0,1.0,0.0,0.0,0.0,1.0,1.0,1.0
2020-05-29 14:13:52,9.986,9.612,-0.0079999999999991,-0.0180000000000006,9.612,71.125,5.969999999999999,0.0,1.0,0.0,0.0,0.0,1.0,1.0,1.0
2020-05-29 14:14:02,10.152,9.79,-0.0079999999999991,-0.0159999999999982,9.788,71.57500000000002,6.067499999999999,0.0,1.0,0.0,0.0,0.0,1.0,1.0,1.0
2020-05-29 14:14:12,10.302,9.948,-0.0079999999999991,-0.0159999999999982,9.946,72.32499999999999,6.16,0.0,1.0,0.0,0.0,0.0,1.0,1.0,1.0
2020-05-29 14:14:22,10.268,9.982,-0.0079999999999991,-0.0159999999999982,9.98,72.9,6.100000000000001,0.0,1.0,1.0,0.0,0.0,1.0,1.0,1.0
2020-05-29 14:14:32,10.492,10.128,-0.0079999999999991,-0.0159999999999982,10.128,73.22500000000001,6.072500000000002,0.0,1.0,1.0,0.0,0.0,1.0,1.0,1.0
2020-05-29 14:14:42,-0.0240000000000009,10.13,10.134,-0.0159999999999982,10.13,73.32499999999999,3.834999999999999,1.0,0.0,1.0,1.0,0.0,1.0,1.0,1.0
2020-05-29 14:14:52,-0.0219999999999984,10.088,10.09,-0.0159999999999982,10.088,73.125,3.807500000000001,1.0,0.0,1.0,1.0,0.0,1.0,1.0,1.0
2020-05-29 14:15:01,-0.0199999999999995,10.048,10.046,-0.0159999999999982,10.048,72.32499999999999,3.69,1.0,0.0,1.0,1.0,0.0,1.0,1.0,1.0
2020-05-29 14:15:11,-0.0180000000000006,10.004,9.998,-0.0180000000000006,10.004,71.825,3.789999999999999,1.0,0.0,1.0,1.0,0.0,1.0,1.0,1.0
2020-05-29 14:15:21,-0.0159999999999982,9.976,9.97,-0.0159999999999982,9.976,71.725,3.717500000000001,1.0,0.0,1.0,1.0,0.0,1.0,1.0,1.0
2020-05-29 14:15:31,-0.0139999999999993,9.946,9.938,-0.0159999999999982,9.946,71.95,3.665000000000001,1.0,0.0,1.0,1.0,0.0,1.0,1.0,1.0
2020-05-29 14:15:41,-0.0159999999999982,9.92,9.912,-0.0159999999999982,9.922,72.125,3.6525,1.0,0.0,1.0,1.0,0.0,1.0,1.0,1.0
2020-05-29 14:15:51,-0.0120000000000004,9.898,9.888,-0.0159999999999982,9.9,72.30000000000001,3.65,1.0,0.0,1.0,1.0,0.0,1.0,1.0,1.0
2020-05-29 14:16:01,-0.0120000000000004,9.876,9.864,-0.0180000000000006,9.876,72.025,3.745000000000001,1.0,0.0,1.0,1.0,0.0,1.0,1.0,1.0
2020-05-29 14:16:11,-0.0120000000000004,9.852,9.842,-0.0180000000000006,9.854,71.825,3.685000000000001,1.0,0.0,1.0,1.0,0.0,1.0,1.0,1.0
2020-05-29 14:16:21,-0.009999999999998,9.834,9.822,-0.0159999999999982,9.834,71.64999999999999,3.6625,1.0,0.0,1.0,1.0,0.0,1.0,1.0,1.0
2020-05-29 14:16:31,-0.009999999999998,9.814,9.802,-0.0159999999999982,9.814,71.35000000000001,3.6875,1.0,0.0,1.0,1.0,0.0,1.0,1.0,1.0
2020-05-29 14:16:41,-0.009999999999998,9.792,9.782,-0.0159999999999982,9.794,70.925,3.745000000000001,1.0,0.0,1.0,1.0,0.0,1.0,1.0,1.0
2020-05-29 14:16:51,-0.0079999999999991,9.774,9.762,-0.0159999999999982,9.776,70.52499999999999,3.75,1.0,0.0,1.0,1.0,0.0,1.0,1.0,1.0
2020-05-29 14:17:01,-0.009999999999998,9.756,9.742,-0.0139999999999993,9.756,70.22500000000001,3.7125,1.0,0.0,1.0,1.0,0.0,1.0,1.0,1.0
2020-05-29 14:17:10,-0.0079999999999991,9.734,9.722,-0.0159999999999982,9.736,70.30000000000001,3.6999999999999993,1.0,0.0,1.0,1.0,0.0,1.0,1.0,1.0
2020-05-29 14:17:20,-0.009999999999998,9.716,9.702,-0.0159999999999982,9.716,70.22500000000001,3.6775,1.0,0.0,1.0,1.0,0.0,1.0,1.0,1.0
2020-05-29 14:17:30,-0.009999999999998,9.696,9.686,-0.0159999999999982,9.7,69.97500000000001,3.6750000000000007,1.0,0.0,1.0,1.0,0.0,1.0,1.0,1.0
2020-05-29 14:17:40,-0.009999999999998,9.678,9.666,-0.0180000000000006,9.68,69.725,3.66,1.0,0.0,1.0,1.0,0.0,1.0,1.0,1.0
2020-05-29 14:17:50,-0.009999999999998,9.662,9.65,-0.0159999999999982,9.662,69.35,3.682499999999999,1.0,0.0,1.0,1.0,0.0,1.0,1.0,1.0
2020-05-29 14:18:00,-0.0079999999999991,9.646,9.634,-0.0159999999999982,9.646,68.925,3.68,1.0,0.0,1.0,1.0,0.0,1.0,1.0,1.0
2020-05-29 14:18:10,-0.009999999999998,9.626,9.614,-0.0180000000000006,9.626,68.45000000000002,3.6725,1.0,0.0,1.0,1.0,0.0,1.0,1.0,1.0
2020-05-29 14:18:20,-0.0079999999999991,9.608,9.598,-0.0159999999999982,9.61,68.22500000000001,3.67,1.0,0.0,1.0,1.0,0.0,1.0,1.0,1.0
2020-05-29 14:18:30,-0.0079999999999991,9.592,9.578,-0.0159999999999982,9.592,68.32499999999999,3.705,1.0,0.0,1.0,1.0,0.0,1.0,1.0,1.0
2020-05-29 14:18:40,-0.0079999999999991,9.574,9.562,-0.0139999999999993,9.576,68.52499999999999,3.7075,1.0,0.0,1.0,1.0,0.0,1.0,1.0,1.0
2020-05-29 14:18:50,-0.0079999999999991,9.556,9.544,-0.0159999999999982,9.558,68.5,3.7375000000000007,1.0,0.0,1.0,1.0,0.0,1.0,1.0,1.0
2020-05-29 14:19:00,-0.0079999999999991,9.538,9.526,-0.0180000000000006,9.54,68.725,3.774999999999999,1.0,0.0,1.0,1.0,0.0,1.0,1.0,1.0
2020-05-29 14:19:09,-0.009999999999998,9.52,9.508,-0.0180000000000006,9.524,68.775,3.77,1.0,0.0,1.0,1.0,0.0,1.0,1.0,1.0
2020-05-29 14:19:19,-0.0079999999999991,9.504,9.492,-0.0159999999999982,9.506,68.52499999999999,3.8025,1.0,0.0,1.0,1.0,0.0,1.0,1.0,1.0
2020-05-29 14:19:29,-0.0079999999999991,9.486,9.474,-0.0159999999999982,9.49,68.32499999999999,3.76,1.0,0.0,1.0,1.0,0.0,1.0,1.0,1.0
2020-05-29 14:19:39,-0.0079999999999991,9.466,9.454,-0.0180000000000006,9.47,68.5,3.7425,1.0,0.0,1.0,1.0,0.0,1.0,1.0,1.0
2020-05-29 14:19:49,-0.0079999999999991,9.45,9.438,-0.0159999999999982,9.452,68.6,3.692499999999999,1.0,0.0,1.0,1.0,0.0,1.0,1.0,1.0
2020-05-29 14:19:59,-0.0079999999999991,9.432,9.42,-0.0180000000000006,9.434,68.925,3.6775,1.0,0.0,1.0,1.0,0.0,1.0,1.0,1.0
2020-05-29 14:20:09,-0.009999999999998,9.414,9.402,-0.0180000000000006,9.416,69.32499999999999,3.6975,1.0,0.0,1.0,1.0,0.0,1.0,1.0,1.0
2020-05-29 14:20:19,-0.0079999999999991,9.398,9.386,-0.0159999999999982,9.4,69.32499999999999,3.77,1.0,0.0,1.0,1.0,0.0,1.0,1.0,1.0
2020-05-29 14:20:29,-0.009999999999998,9.38,9.368,-0.0180000000000006,9.384,69.44999999999999,3.7425,1.0,0.0,1.0,1.0,0.0,1.0,1.0,1.0
2020-05-29 14:20:39,-0.0079999999999991,9.364,9.352,-0.0159999999999982,9.366,69.32499999999999,3.695,1.0,0.0,1.0,1.0,0.0,1.0,1.0,1.0
2020-05-29 14:20:49,-0.0079999999999991,9.346,9.334,-0.0159999999999982,9.35,69.04999999999998,3.6999999999999993,1.0,0.0,1.0,1.0,0.0,1.0,1.0,1.0
2020-05-29 14:20:59,-0.0079999999999991,9.328,9.318,-0.0159999999999982,9.332,68.95,3.78,1.0,0.0,1.0,1.0,0.0,1.0,1.0,1.0
2020-05-29 14:21:08,-0.0079999999999991,9.31,9.298,-0.0159999999999982,9.316,69.22500000000001,3.747500000000001,1.0,0.0,1.0,1.0,0.0,1.0,1.0,1.0
2020-05-29 14:21:18,-0.0079999999999991,9.296,9.284,-0.0159999999999982,9.3,69.625,3.6775,1.0,0.0,1.0,1.0,0.0,1.0,1.0,1.0
2020-05-29 14:21:28,-0.009999999999998,9.278,9.266,-0.0180000000000006,9.282,69.8,0.0424999999999995,1.0,0.0,1.0,1.0,0.0,1.0,1.0,1.0
2020-05-29 14:21:38,-0.0079999999999991,9.262,9.25,-0.0159999999999982,9.266,69.625,0.04,1.0,0.0,1.0,1.0,0.0,1.0,1.0,1.0
2020-05-29 14:21:48,-0.0079999999999991,9.244,9.232,-0.0159999999999982,9.25,69.52499999999999,0.04,1.0,0.0,1.0,1.0,0.0,1.0,1.0,1.0
2020-05-29 14:21:58,-0.0079999999999991,9.228,9.216,-0.0180000000000006,9.232,69.19999999999999,0.04,1.0,0.0,1.0,1.0,0.0,1.0,1.0,1.0
2020-05-29 14:22:08,-0.0079999999999991,9.214,9.2,-0.0159999999999982,9.216,68.825,0.0375000000000005,1.0,0.0,1.0,1.0,0.0,1.0,1.0,1.0
2020-05-29 14:22:18,-0.0079999999999991,9.194,9.182,-0.0159999999999982,9.198,68.425,0.04,1.0,0.0,1.0,1.0,0.0,1.0,1.0,1.0
2020-05-29 14:22:28,-0.009999999999998,9.066,9.052,-0.0180000000000006,9.068,67.95,0.04,1.0,0.0,1.0,1.0,0.0,1.0,1.0,1.0
2020-05-29 14:22:38,-0.009999999999998,8.988,8.974,-0.0180000000000006,8.99,67.95,0.0375000000000005,1.0,0.0,1.0,1.0,0.0,1.0,1.0,1.0
2020-05-29 14:22:48,-0.009999999999998,8.976,8.964,-0.0180000000000006,8.978,68.0,0.0375000000000005,1.0,0.0,1.0,1.0,0.0,1.0,1.0,1.0
2020-05-29 14:22:57,-0.0060000000000002,8.972,8.958,-0.0139999999999993,8.972,68.10000000000001,0.0349999999999992,1.0,0.0,1.0,1.0,0.0,1.0,1.0,1.0
2020-05-29 14:23:07,-0.009999999999998,8.958,8.946,-0.0180000000000006,8.958,67.925,0.0375000000000005,1.0,0.0,1.0,1.0,0.0,1.0,1.0,1.0
2020-05-29 14:23:17,-0.0079999999999991,8.946,8.932,-0.0159999999999982,8.948,67.825,0.0375000000000005,1.0,0.0,1.0,1.0,0.0,1.0,1.0,1.0
2020-05-29 14:23:27,-0.009999999999998,8.932,8.92,-0.0159999999999982,8.936,67.725,0.0375000000000005,1.0,0.0,1.0,1.0,0.0,1.0,1.0,1.0
2020-05-29 14:23:37,-0.009999999999998,8.918,8.904,-0.0180000000000006,8.92,67.35,0.0375000000000005,1.0,0.0,1.0,1.0,0.0,1.0,1.0,1.0
2020-05-29 14:23:47,-0.009999999999998,8.906,8.892,-0.0180000000000006,8.908,67.025,0.0375000000000005,1.0,0.0,1.0,1.0,0.0,1.0,1.0,1.0
2020-05-29 14:23:57,-0.009999999999998,8.878,8.864,-0.0180000000000006,8.88,66.875,0.0375000000000005,1.0,0.0,1.0,1.0,0.0,1.0,1.0,1.0
2020-05-29 14:24:07,-0.0079999999999991,8.704,8.692,-0.0159999999999982,8.708,66.65,0.0375000000000005,1.0,0.0,1.0,1.0,0.0,1.0,1.0,1.0
2020-05-29 14:24:17,-0.0079999999999991,8.7,8.688,-0.0159999999999982,8.704,66.45,0.04,1.0,0.0,1.0,1.0,0.0,1.0,1.0,1.0
2020-05-29 14:24:27,-0.0079999999999991,8.694,8.682,-0.0159999999999982,8.698,66.32499999999999,0.0375000000000005,1.0,0.0,1.0,1.0,0.0,1.0,1.0,1.0
2020-05-29 14:24:37,-0.009999999999998,8.684,8.672,-0.0180000000000006,8.686,66.14999999999999,0.0375000000000005,1.0,0.0,1.0,1.0,0.0,1.0,1.0,1.0
2020-05-29 14:24:47,-0.009999999999998,8.562,8.548,-0.0159999999999982,8.566,66.05000000000001,0.04,1.0,0.0,1.0,1.0,0.0,1.0,1.0,1.0
2020-05-29 14:24:57,-0.0079999999999991,8.416,8.404,-0.0159999999999982,8.42,65.95,0.0375000000000005,1.0,0.0,1.0,1.0,0.0,1.0,1.0,1.0
2020-05-29 14:25:06,-0.009999999999998,8.418,8.404,-0.0159999999999982,8.42,65.75,0.0375000000000005,1.0,0.0,1.0,1.0,0.0,1.0,1.0,1.0
2020-05-29 14:25:16,-0.009999999999998,8.414,8.4,-0.0159999999999982,8.416,65.525,0.0375000000000005,1.0,0.0,1.0,1.0,0.0,1.0,1.0,1.0
2020-05-29 14:25:26,-0.0079999999999991,8.41,8.398,-0.0159999999999982,8.414,65.45,0.0375000000000005,1.0,0.0,1.0,1.0,0.0,1.0,1.0,1.0
2020-05-29 14:25:36,-0.009999999999998,8.402,8.392,-0.0159999999999982,8.406,65.35,0.0375000000000005,1.0,0.0,1.0,1.0,0.0,1.0,1.0,1.0
2020-05-29 14:25:46,-0.0079999999999991,8.396,8.384,-0.0159999999999982,8.4,65.3,0.04,1.0,0.0,1.0,1.0,0.0,1.0,1.0,1.0
2020-05-29 14:25:56,-0.009999999999998,8.386,8.374,-0.0159999999999982,8.39,65.32500000000002,0.0375000000000005,1.0,0.0,1.0,1.0,0.0,1.0,1.0,1.0
2020-05-29 14:26:06,-0.0079999999999991,8.378,8.366,-0.0159999999999982,8.382,65.05000000000001,0.0375000000000005,1.0,0.0,1.0,1.0,0.0,1.0,1.0,1.0
2020-05-29 14:26:16,-0.009999999999998,8.364,8.35,-0.0180000000000006,8.368,65.025,0.0375000000000005,1.0,0.0,1.0,1.0,0.0,1.0,1.0,1.0
2020-05-29 14:26:26,-0.009999999999998,8.356,8.342,-0.0159999999999982,8.358,64.97500000000001,0.0375000000000005,1.0,0.0,1.0,1.0,0.0,1.0,1.0,1.0
2020-05-29 14:26:36,-0.009999999999998,8.344,8.332,-0.0159999999999982,8.346,64.825,0.0375000000000005,1.0,0.0,1.0,1.0,0.0,1.0,1.0,1.0
2020-05-29 14:26:46,-0.0079999999999991,8.226,8.214,-0.0159999999999982,8.23,64.72500000000001,0.0375000000000005,1.0,0.0,1.0,1.0,0.0,1.0,1.0,1.0
2020-05-29 14:26:56,0.7579999999999991,8.056,-0.0240000000000009,-0.0159999999999982,8.06,64.5,4.715,0.0,1.0,1.0,0.0,0.0,1.0,1.0,1.0
2020-05-29 14:27:05,8.146,7.896000000000001,-0.0240000000000009,-0.0180000000000006,7.898,64.425,5.622499999999999,0.0,1.0,1.0,0.0,0.0,1.0,1.0,1.0
2020-05-29 14:27:15,8.592,8.14,-0.0180000000000006,-0.0159999999999982,8.142,64.425,5.7125,0.0,1.0,1.0,0.0,0.0,1.0,1.0,1.0
2020-05-29 14:27:25,8.814,8.382,-0.0159999999999982,-0.0159999999999982,8.382,65.10000000000001,5.700000000000001,0.0,1.0,1.0,0.0,0.0,1.0,1.0,1.0
2020-05-29 14:27:35,6.470000000000001,8.572,-0.0139999999999993,-0.0159999999999982,8.574,65.95,5.172499999999999,0.0,1.0,0.0,0.0,0.0,1.0,1.0,1.0
2020-05-29 14:27:45,9.11,8.696,-0.0120000000000004,-0.0180000000000006,8.694,67.15,5.787500000000001,0.0,1.0,0.0,0.0,0.0,1.0,1.0,1.0
2020-05-29 14:27:55,9.298,8.896,-0.0120000000000004,-0.0159999999999982,8.896,68.22500000000001,5.8375,0.0,1.0,0.0,0.0,0.0,1.0,1.0,1.0
2020-05-29 14:28:05,9.474,9.086,-0.009999999999998,-0.0159999999999982,9.084,69.12499999999999,5.897500000000001,0.0,1.0,0.0,0.0,0.0,1.0,1.0,1.0
2020-05-29 14:28:15,9.658,9.28,-0.0079999999999991,-0.0159999999999982,9.28,70.04999999999998,5.84,0.0,1.0,0.0,0.0,0.0,1.0,1.0,1.0
2020-05-29 14:28:25,9.82,9.454,-0.0060000000000002,-0.0139999999999993,9.452,70.825,5.907500000000001,0.0,1.0,0.0,0.0,0.0,1.0,1.0,1.0
2020-05-29 14:28:35,7.788,9.584,-0.0079999999999991,-0.0159999999999982,9.582,71.52499999999999,5.487500000000001,0.0,1.0,1.0,0.0,0.0,1.0,1.0,1.0
2020-05-29 14:28:45,10.058,9.678,-0.009999999999998,-0.0159999999999982,9.676,72.2,6.112500000000001,0.0,1.0,1.0,0.0,0.0,1.0,1.0,1.0
2020-05-29 14:28:54,10.222,9.848,-0.0079999999999991,-0.0159999999999982,9.846,72.52499999999999,6.140000000000001,0.0,1.0,1.0,0.0,0.0,1.0,1.0,1.0
2020-05-29 14:29:04,10.376,10.012,-0.0079999999999991,-0.0180000000000006,10.01,72.85,6.045,0.0,1.0,1.0,0.0,0.0,1.0,1.0,1.0
2020-05-29 14:29:14,10.536,10.184,-0.0120000000000004,-0.0180000000000006,10.182,73.075,6.07,0.0,1.0,1.0,0.0,0.0,1.0,1.0,1.0
2020-05-29 14:29:24,-0.0219999999999984,10.128,10.13,-0.0159999999999982,10.128,73.22500000000001,3.7125,1.0,0.0,1.0,1.0,0.0,1.0,1.0,1.0
2020-05-29 14:29:34,-0.0219999999999984,10.082,10.082,-0.0159999999999982,10.084,73.35000000000001,3.7075,1.0,0.0,1.0,1.0,0.0,1.0,1.0,1.0
2020-05-29 14:29:44,-0.0180000000000006,10.048,10.044,-0.0159999999999982,10.048,73.32499999999999,3.695,1.0,0.0,1.0,1.0,0.0,1.0,1.0,1.0
2020-05-29 14:29:54,-0.0159999999999982,10.016,10.01,-0.0159999999999982,10.016,73.4,3.695,1.0,0.0,1.0,1.0,0.0,1.0,1.0,1.0
2020-05-29 14:30:04,-0.0159999999999982,9.984,9.978,-0.0159999999999982,9.984,73.625,3.6775,1.0,0.0,1.0,1.0,0.0,1.0,1.0,1.0
2020-05-29 14:30:14,-0.0120000000000004,9.96,9.95,-0.0159999999999982,9.96,73.625,3.717500000000001,1.0,0.0,1.0,1.0,0.0,1.0,1.0,1.0
2020-05-29 14:30:24,-0.0120000000000004,9.932,9.924,-0.0159999999999982,9.934,73.52499999999999,3.665000000000001,1.0,0.0,1.0,1.0,0.0,1.0,1.0,1.0
2020-05-29 14:30:34,-0.0120000000000004,9.91,9.9,-0.0180000000000006,9.912,73.4,3.647500000000001,1.0,0.0,1.0,1.0,0.0,1.0,1.0,1.0
2020-05-29 14:30:43,-0.0120000000000004,9.89,9.88,-0.0159999999999982,9.89,72.925,3.66,1.0,0.0,1.0,1.0,0.0,1.0,1.0,1.0
2020-05-29 14:30:53,-0.009999999999998,9.87,9.858,-0.0159999999999982,9.87,72.42500000000001,3.715,1.0,0.0,1.0,1.0,0.0,1.0,1.0,1.0
2020-05-29 14:31:03,-0.009999999999998,9.848,9.836,-0.0159999999999982,9.85,72.2,3.75,1.0,0.0,1.0,1.0,0.0,1.0,1.0,1.0
2020-05-29 14:31:13,-0.009999999999998,9.832,9.818,-0.0159999999999982,9.832,72.0,3.7624999999999993,1.0,0.0,1.0,1.0,0.0,1.0,1.0,1.0
2020-05-29 14:31:23,-0.0079999999999991,9.804,9.792,-0.0159999999999982,9.806,71.875,3.75,1.0,0.0,1.0,1.0,0.0,1.0,1.0,1.0
2020-05-29 14:31:33,-0.0120000000000004,9.784,9.774,-0.0180000000000006,9.786,71.75,3.6975,1.0,0.0,1.0,1.0,0.0,1.0,1.0,1.0
2020-05-29 14:31:43,-0.009999999999998,9.77,9.756,-0.0139999999999993,9.77,71.42500000000001,3.647500000000001,1.0,0.0,1.0,1.0,0.0,1.0,1.0,1.0
2020-05-29 14:31:53,-0.009999999999998,9.754,9.74,-0.0159999999999982,9.752,71.2,3.640000000000001,1.0,0.0,1.0,1.0,0.0,1.0,1.0,1.0
2020-05-29 14:32:03,-0.009999999999998,9.736,9.724,-0.0159999999999982,9.736,70.725,3.6625,1.0,0.0,1.0,1.0,0.0,1.0,1.0,1.0
2020-05-29 14:32:13,-0.009999999999998,9.72,9.706,-0.0180000000000006,9.72,70.39999999999999,3.715,1.0,0.0,1.0,1.0,0.0,1.0,1.0,1.0
2020-05-29 14:32:23,-0.0079999999999991,9.704,9.692,-0.0159999999999982,9.706,70.15,3.7525,1.0,0.0,1.0,1.0,0.0,1.0,1.0,1.0
2020-05-29 14:32:32,-0.0079999999999991,9.688,9.676,-0.0159999999999982,9.69,69.85,3.764999999999999,1.0,0.0,1.0,1.0,0.0,1.0,1.0,1.0
2020-05-29 14:32:42,-0.0079999999999991,9.672,9.658,-0.0139999999999993,9.672,69.425,3.695,1.0,0.0,1.0,1.0,0.0,1.0,1.0,1.0
2020-05-29 14:32:52,-0.009999999999998,9.654,9.642,-0.0159999999999982,9.656,69.025,3.692499999999999,1.0,0.0,1.0,1.0,0.0,1.0,1.0,1.0
2020-05-29 14:33:02,-0.009999999999998,9.64,9.626,-0.0180000000000006,9.64,68.775,3.6625,1.0,0.0,1.0,1.0,0.0,1.0,1.0,1.0
2020-05-29 14:33:12,-0.0079999999999991,9.626,9.612,-0.0159999999999982,9.628,68.65,3.66,1.0,0.0,1.0,1.0,0.0,1.0,1.0,1.0
2020-05-29 14:33:22,-0.0079999999999991,9.608,9.594,-0.0159999999999982,9.608,68.675,3.6725,1.0,0.0,1.0,1.0,0.0,1.0,1.0,1.0
2020-05-29 14:33:32,-0.009999999999998,9.592,9.578,-0.0159999999999982,9.596,68.75,3.727500000000001,1.0,0.0,1.0,1.0,0.0,1.0,1.0,1.0
2020-05-29 14:33:42,-0.009999999999998,9.578,9.564,-0.0159999999999982,9.58,68.9,3.817500000000001,1.0,0.0,1.0,1.0,0.0,1.0,1.0,1.0
2020-05-29 14:33:52,-0.0079999999999991,9.564,9.548,-0.0139999999999993,9.562,68.925,3.727500000000001,1.0,0.0,1.0,1.0,0.0,1.0,1.0,1.0
2020-05-29 14:34:02,-0.009999999999998,9.546,9.534,-0.0180000000000006,9.548,68.85,3.6775,1.0,0.0,1.0,1.0,0.0,1.0,1.0,1.0
2020-05-29 14:34:12,-0.0079999999999991,9.532,9.518,-0.0159999999999982,9.534,68.825,3.6625,1.0,0.0,1.0,1.0,0.0,1.0,1.0,1.0
2020-05-29 14:34:21,-0.0079999999999991,9.518,9.504,-0.0159999999999982,9.518,68.8,3.7624999999999993,1.0,0.0,1.0,1.0,0.0,1.0,1.0,1.0
2020-05-29 14:34:31,-0.009999999999998,9.5,9.486,-0.0159999999999982,9.502,68.875,3.764999999999999,1.0,0.0,1.0,1.0,0.0,1.0,1.0,1.0
2020-05-29 14:34:41,-0.009999999999998,9.486,9.474,-0.0159999999999982,9.488,68.75,3.7200000000000006,1.0,0.0,1.0,1.0,0.0,1.0,1.0,1.0
2020-05-29 14:34:51,-0.0079999999999991,9.472,9.458,-0.0159999999999982,9.472,68.875,3.6625,1.0,0.0,1.0,1.0,0.0,1.0,1.0,1.0
2020-05-29 14:35:01,-0.009999999999998,9.456,9.444,-0.0159999999999982,9.456,69.32499999999999,3.6425,1.0,0.0,1.0,1.0,0.0,1.0,1.0,1.0
2020-05-29 14:35:11,-0.009999999999998,9.442,9.428,-0.0180000000000006,9.44,69.725,3.6625,1.0,0.0,1.0,1.0,0.0,1.0,1.0,1.0
2020-05-29 14:35:21,-0.0079999999999991,9.424,9.412,-0.0180000000000006,9.424,69.775,3.6775,1.0,0.0,1.0,1.0,0.0,1.0,1.0,1.0
2020-05-29 14:35:31,-0.009999999999998,9.406,9.392,-0.0159999999999982,9.408,69.575,3.717500000000001,1.0,0.0,1.0,1.0,0.0,1.0,1.0,1.0
2020-05-29 14:35:41,-0.009999999999998,9.39,9.378,-0.0159999999999982,9.392,69.52499999999999,3.735000000000001,1.0,0.0,1.0,1.0,0.0,1.0,1.0,1.0
2020-05-29 14:35:51,-0.009999999999998,9.374,9.362,-0.0159999999999982,9.376,69.5,3.7575,1.0,0.0,1.0,1.0,0.0,1.0,1.0,1.0
2020-05-29 14:36:01,-0.009999999999998,9.356,9.346,-0.0180000000000006,9.358,69.575,3.7375000000000007,1.0,0.0,1.0,1.0,0.0,1.0,1.0,1.0
2020-05-29 14:36:10,-0.0079999999999991,9.344,9.33,-0.0159999999999982,9.344,69.52499999999999,0.0424999999999995,1.0,0.0,1.0,1.0,0.0,1.0,1.0,1.0
2020-05-29 14:36:20,-0.009999999999998,9.324,9.312,-0.0180000000000006,9.328,69.52499999999999,0.04,1.0,0.0,1.0,1.0,0.0,1.0,1.0,1.0
2020-05-29 14:36:30,-0.0079999999999991,9.312,9.298,-0.0139999999999993,9.314,69.425,0.0375000000000005,1.0,0.0,1.0,1.0,0.0,1.0,1.0,1.0
2020-05-29 14:36:40,-0.0079999999999991,9.292,9.28,-0.0159999999999982,9.296,69.12499999999999,0.04,1.0,0.0,1.0,1.0,0.0,1.0,1.0,1.0
2020-05-29 14:36:50,-0.0079999999999991,9.278,9.266,-0.0139999999999993,9.28,68.95,0.0375000000000005,1.0,0.0,1.0,1.0,0.0,1.0,1.0,1.0
2020-05-29 14:37:00,-0.0079999999999991,9.262,9.248,-0.0159999999999982,9.264,68.625,0.0349999999999992,1.0,0.0,1.0,1.0,0.0,1.0,1.0,1.0
2020-05-29 14:37:10,-0.0079999999999991,9.244,9.232,-0.0159999999999982,9.246,68.425,0.0375000000000005,1.0,0.0,1.0,1.0,0.0,1.0,1.0,1.0
2020-05-29 14:37:20,-0.009999999999998,9.228,9.214,-0.0159999999999982,9.228,68.17500000000001,0.0375000000000005,1.0,0.0,1.0,1.0,0.0,1.0,1.0,1.0
2020-05-29 14:37:30,-0.0079999999999991,9.21,9.198,-0.0159999999999982,9.214,67.925,0.0375000000000005,1.0,0.0,1.0,1.0,0.0,1.0,1.0,1.0
2020-05-29 14:37:40,-0.009999999999998,9.192,9.18,-0.0159999999999982,9.196,67.8,0.0375000000000005,1.0,0.0,1.0,1.0,0.0,1.0,1.0,1.0
2020-05-29 14:37:50,-0.009999999999998,9.178,9.164,-0.0159999999999982,9.18,67.575,0.0375000000000005,1.0,0.0,1.0,1.0,0.0,1.0,1.0,1.0
2020-05-29 14:38:00,-0.009999999999998,9.16,9.148,-0.0180000000000006,9.166,67.52499999999999,0.0375000000000005,1.0,0.0,1.0,1.0,0.0,1.0,1.0,1.0
2020-05-29 14:38:09,-0.009999999999998,9.144,9.132,-0.0180000000000006,9.144,67.39999999999999,0.0375000000000005,1.0,0.0,1.0,1.0,0.0,1.0,1.0,1.0
2020-05-29 14:38:19,-0.009999999999998,9.128,9.114,-0.0159999999999982,9.128,67.32499999999999,0.0375000000000005,1.0,0.0,1.0,1.0,0.0,1.0,1.0,1.0
2020-05-29 14:38:29,-0.0079999999999991,9.11,9.098,-0.0159999999999982,9.112,67.225,0.0375000000000005,1.0,0.0,1.0,1.0,0.0,1.0,1.0,1.0
2020-05-29 14:38:39,-0.009999999999998,9.094,9.08,-0.0159999999999982,9.094,67.17500000000001,0.0375000000000005,1.0,0.0,1.0,1.0,0.0,1.0,1.0,1.0
2020-05-29 14:38:49,-0.009999999999998,9.076,9.064,-0.0159999999999982,9.078,66.95,0.04,1.0,0.0,1.0,1.0,0.0,1.0,1.0,1.0
2020-05-29 14:38:59,-0.0079999999999991,9.062,9.048,-0.0159999999999982,9.062,66.825,0.0375000000000005,1.0,0.0,1.0,1.0,0.0,1.0,1.0,1.0
2020-05-29 14:39:09,-0.009999999999998,9.04,9.028,-0.0159999999999982,9.042,66.725,0.0375000000000005,1.0,0.0,1.0,1.0,0.0,1.0,1.0,1.0
2020-05-29 14:39:19,-0.0120000000000004,9.022,9.01,-0.0159999999999982,9.026,66.52499999999999,0.0375000000000005,1.0,0.0,1.0,1.0,0.0,1.0,1.0,1.0
2020-05-29 14:39:29,-0.009999999999998,8.996,8.982,-0.0159999999999982,8.996,66.375,0.0375000000000005,1.0,0.0,1.0,1.0,0.0,1.0,1.0,1.0
2020-05-29 14:39:39,-0.009999999999998,8.974,8.962,-0.0159999999999982,8.976,66.12499999999999,0.0375000000000005,1.0,0.0,1.0,1.0,0.0,1.0,1.0,1.0
2020-05-29 14:39:49,-0.009999999999998,8.956,8.942,-0.0159999999999982,8.956,65.825,0.0375000000000005,1.0,0.0,1.0,1.0,0.0,1.0,1.0,1.0
2020-05-29 14:39:58,-0.009999999999998,8.94,8.928,-0.0159999999999982,8.94,65.75,0.0375000000000005,1.0,0.0,1.0,1.0,0.0,1.0,1.0,1.0
2020-05-29 14:40:08,-0.009999999999998,8.926,8.912,-0.0159999999999982,8.928,65.6,0.0375000000000005,1.0,0.0,1.0,1.0,0.0,1.0,1.0,1.0
2020-05-29 14:40:18,-0.009999999999998,8.906,8.894,-0.0159999999999982,8.908,65.525,0.0375000000000005,1.0,0.0,1.0,1.0,0.0,1.0,1.0,1.0
2020-05-29 14:40:28,-0.009999999999998,8.848,8.836,-0.0159999999999982,8.852,65.525,0.0375000000000005,1.0,0.0,1.0,1.0,0.0,1.0,1.0,1.0
2020-05-29 14:40:38,-0.009999999999998,8.832,8.818,-0.0180000000000006,8.834,65.55,0.0375000000000005,1.0,0.0,1.0,1.0,0.0,1.0,1.0,1.0
2020-05-29 14:40:48,-0.0079999999999991,8.816,8.802,-0.0139999999999993,8.816,65.475,0.0349999999999992,1.0,0.0,1.0,1.0,0.0,1.0,1.0,1.0
2020-05-29 14:40:58,-0.009999999999998,8.786,8.772,-0.0139999999999993,8.788,65.5,0.0375000000000005,1.0,0.0,1.0,1.0,0.0,1.0,1.0,1.0
2020-05-29 14:41:08,-0.009999999999998,8.764,8.75,-0.0159999999999982,8.766,65.425,0.0375000000000005,1.0,0.0,1.0,1.0,0.0,1.0,1.0,1.0
2020-05-29 14:41:18,-0.009999999999998,8.738,8.726,-0.0159999999999982,8.74,65.425,0.0375000000000005,1.0,0.0,1.0,1.0,0.0,1.0,1.0,1.0
2020-05-29 14:41:28,-0.009999999999998,8.726,8.71,-0.0159999999999982,8.724,65.32500000000002,0.0375000000000005,1.0,0.0,1.0,1.0,0.0,1.0,1.0,1.0
2020-05-29 14:41:38,-0.009999999999998,8.712,8.7,-0.0159999999999982,8.714,65.27499999999999,0.04,1.0,0.0,1.0,1.0,0.0,1.0,1.0,1.0
2020-05-29 14:41:47,-0.009999999999998,8.698,8.684,-0.0159999999999982,8.698,65.14999999999999,0.04,1.0,0.0,1.0,1.0,0.0,1.0,1.0,1.0
2020-05-29 14:41:57,-0.009999999999998,8.684,8.67,-0.0139999999999993,8.686,65.05000000000001,0.04,1.0,0.0,1.0,1.0,0.0,1.0,1.0,1.0
2020-05-29 14:42:07,-0.0120000000000004,8.668,8.656,-0.0159999999999982,8.672,65.025,0.0375000000000005,1.0,0.0,1.0,1.0,0.0,1.0,1.0,1.0
2020-05-29 14:42:17,-0.009999999999998,8.658,8.644,-0.0159999999999982,8.658,64.95,0.0375000000000005,1.0,0.0,1.0,1.0,0.0,1.0,1.0,1.0
2020-05-29 14:42:27,-0.009999999999998,8.642,8.63,-0.0159999999999982,8.646,64.95,0.04,1.0,0.0,1.0,1.0,0.0,1.0,1.0,1.0
2020-05-29 14:42:37,-0.009999999999998,8.628,8.616,-0.0159999999999982,8.632,64.97500000000001,0.0375000000000005,1.0,0.0,1.0,1.0,0.0,1.0,1.0,1.0
2020-05-29 14:42:47,-0.009999999999998,8.614,8.602,-0.0159999999999982,8.618,64.825,0.0375000000000005,1.0,0.0,1.0,1.0,0.0,1.0,1.0,1.0
2020-05-29 14:42:57,-0.0079999999999991,8.602,8.588,-0.0159999999999982,8.606,64.72500000000001,0.0375000000000005,1.0,0.0,1.0,1.0,0.0,1.0,1.0,1.0
2020-05-29 14:43:07,-0.009999999999998,8.586,8.572,-0.0159999999999982,8.59,64.75,0.0375000000000005,1.0,0.0,1.0,1.0,0.0,1.0,1.0,1.0
2020-05-29 14:43:17,-0.009999999999998,8.536,8.524,-0.0159999999999982,8.54,64.72500000000001,0.0375000000000005,1.0,0.0,1.0,1.0,0.0,1.0,1.0,1.0
2020-05-29 14:43:27,-0.009999999999998,8.526,8.512,-0.0180000000000006,8.528,64.525,0.0375000000000005,1.0,0.0,1.0,1.0,0.0,1.0,1.0,1.0
2020-05-29 14:43:36,-0.009999999999998,8.51,8.498,-0.0180000000000006,8.512,64.35,0.0375000000000005,1.0,0.0,1.0,1.0,0.0,1.0,1.0,1.0
2020-05-29 14:43:46,-0.0120000000000004,8.496,8.484,-0.0159999999999982,8.498,64.375,0.0375000000000005,1.0,0.0,1.0,1.0,0.0,1.0,1.0,1.0
2020-05-29 14:43:56,-0.0120000000000004,8.462,8.45,-0.0180000000000006,8.464,64.3,0.0349999999999992,1.0,0.0,1.0,1.0,0.0,1.0,1.0,1.0
2020-05-29 14:44:06,-0.009999999999998,8.454,8.438,-0.0159999999999982,8.452,64.225,0.0375000000000005,1.0,0.0,1.0,1.0,0.0,1.0,1.0,1.0
2020-05-29 14:44:16,-0.0120000000000004,8.44,8.426,-0.0180000000000006,8.44,64.07499999999999,0.0375000000000005,1.0,0.0,1.0,1.0,0.0,1.0,1.0,1.0
2020-05-29 14:44:26,-0.009999999999998,8.426,8.412,-0.0159999999999982,8.428,63.97500000000001,0.0375000000000005,1.0,0.0,1.0,1.0,0.0,1.0,1.0,1.0
2020-05-29 14:44:36,-0.009999999999998,8.412,8.4,-0.0159999999999982,8.414,63.94999999999999,0.04,1.0,0.0,1.0,1.0,0.0,1.0,1.0,1.0
2020-05-29 14:44:46,-0.009999999999998,8.352,8.34,-0.0159999999999982,8.354,63.94999999999999,0.0375000000000005,1.0,0.0,1.0,1.0,0.0,1.0,1.0,1.0
2020-05-29 14:44:56,-0.0120000000000004,8.332,8.318,-0.0180000000000006,8.334,63.875,0.0375000000000005,1.0,0.0,1.0,1.0,0.0,1.0,1.0,1.0
2020-05-29 14:45:06,-0.009999999999998,8.32,8.308,-0.0180000000000006,8.322,63.775000000000006,0.0375000000000005,1.0,0.0,1.0,1.0,0.0,1.0,1.0,1.0
2020-05-29 14:45:16,-0.009999999999998,8.308,8.296,-0.0159999999999982,8.308,63.72500000000001,0.0375000000000005,1.0,0.0,1.0,1.0,0.0,1.0,1.0,1.0
2020-05-29 14:45:25,-0.009999999999998,8.258,8.246,-0.0180000000000006,8.26,63.55,0.0375000000000005,1.0,0.0,1.0,1.0,0.0,1.0,1.0,1.0
2020-05-29 14:45:35,-0.0079999999999991,8.248,8.238,-0.0159999999999982,8.25,63.55,0.0375000000000005,1.0,0.0,1.0,1.0,0.0,1.0,1.0,1.0
2020-05-29 14:45:45,-0.009999999999998,8.238,8.226,-0.0139999999999993,8.238,63.575,0.0375000000000005,1.0,0.0,1.0,1.0,0.0,1.0,1.0,1.0
2020-05-29 14:45:55,-0.009999999999998,8.224,8.212,-0.0159999999999982,8.226,63.45,0.0375000000000005,1.0,0.0,1.0,1.0,0.0,1.0,1.0,1.0
2020-05-29 14:46:05,-0.009999999999998,8.21,8.198,-0.0159999999999982,8.214,63.5,0.0375000000000005,1.0,0.0,1.0,1.0,0.0,1.0,1.0,1.0
2020-05-29 14:46:15,-0.009999999999998,8.198,8.186,-0.0180000000000006,8.2,63.5,0.0375000000000005,1.0,0.0,1.0,1.0,0.0,1.0,1.0,1.0
2020-05-29 14:46:25,-0.009999999999998,8.186,8.176,-0.0159999999999982,8.188,63.425,0.0375000000000005,1.0,0.0,1.0,1.0,0.0,1.0,1.0,1.0
2020-05-29 14:46:35,-0.0120000000000004,8.152,8.142,-0.0180000000000006,8.156,63.55,0.0375000000000005,1.0,0.0,1.0,1.0,0.0,1.0,1.0,1.0
2020-05-29 14:46:45,-0.009999999999998,8.116,8.104,-0.0159999999999982,8.116,63.55,0.0375000000000005,1.0,0.0,1.0,1.0,0.0,1.0,1.0,1.0
2020-05-29 14:46:55,-0.009999999999998,8.104,8.094,-0.0159999999999982,8.106,63.525000000000006,0.04,1.0,0.0,1.0,1.0,0.0,1.0,1.0,1.0
2020-05-29 14:47:05,-0.009999999999998,8.094,8.082,-0.0159999999999982,8.094,63.325,0.0375000000000005,1.0,0.0,1.0,1.0,0.0,1.0,1.0,1.0
2020-05-29 14:47:14,4.438000000000001,8.082,-0.0240000000000009,-0.0180000000000006,8.084,63.45,4.82,0.0,1.0,1.0,0.0,0.0,1.0,1.0,1.0
2020-05-29 14:47:24,8.616,8.158,-0.0199999999999995,-0.0159999999999982,8.158,63.325,5.6775,0.0,1.0,1.0,0.0,0.0,1.0,1.0,1.0
2020-05-29 14:47:34,8.714,8.266,-0.0159999999999982,-0.0159999999999982,8.264,63.525000000000006,5.67,0.0,1.0,0.0,0.0,0.0,1.0,1.0,1.0
2020-05-29 14:47:44,8.952,8.516,-0.0139999999999993,-0.0180000000000006,8.514,64.14999999999999,5.725,0.0,1.0,0.0,0.0,0.0,1.0,1.0,1.0
2020-05-29 14:47:54,9.146,8.73,-0.0120000000000004,-0.0159999999999982,8.724,65.025,5.780000000000001,0.0,1.0,0.0,0.0,0.0,1.0,1.0,1.0
2020-05-29 14:48:04,9.332,8.932,-0.009999999999998,-0.0159999999999982,8.928,65.8,5.824999999999999,0.0,1.0,0.0,0.0,0.0,1.0,1.0,1.0
2020-05-29 14:48:14,9.522,9.138,-0.0079999999999991,-0.0159999999999982,9.134,66.775,5.845000000000001,0.0,1.0,0.0,0.0,0.0,1.0,1.0,1.0
2020-05-29 14:48:24,9.684,9.312,-0.0079999999999991,-0.0180000000000006,9.31,67.825,5.8925,0.0,1.0,0.0,0.0,0.0,1.0,1.0,1.0
2020-05-29 14:48:34,9.754,9.366,-0.0060000000000002,-0.0180000000000006,9.364,68.675,5.905000000000001,0.0,1.0,1.0,0.0,0.0,1.0,1.0,1.0
2020-05-29 14:48:44,9.95,9.562,-0.0079999999999991,-0.0159999999999982,9.556,70.125,5.947499999999998,0.0,1.0,1.0,0.0,0.0,1.0,1.0,1.0
2020-05-29 14:48:54,10.112,9.734,-0.0079999999999991,-0.0180000000000006,9.73,70.925,6.0,0.0,1.0,1.0,0.0,0.0,1.0,1.0,1.0
2020-05-29 14:49:03,10.272,9.9,-0.0079999999999991,-0.0159999999999982,9.896,71.57500000000002,6.087499999999999,0.0,1.0,1.0,0.0,0.0,1.0,1.0,1.0
2020-05-29 14:49:13,10.424,10.064,-0.0079999999999991,-0.0159999999999982,10.058,72.2,6.210000000000001,0.0,1.0,1.0,0.0,0.0,1.0,1.0,1.0
2020-05-29 14:49:23,-0.0219999999999984,10.15,10.152,-0.0139999999999993,10.146,72.675,3.774999999999999,1.0,0.0,1.0,1.0,0.0,1.0,1.0,1.0
2020-05-29 14:49:33,-0.0199999999999995,10.1,10.1,-0.0159999999999982,10.096,73.125,3.6999999999999993,1.0,0.0,1.0,1.0,0.0,1.0,1.0,1.0
2020-05-29 14:49:43,-0.0219999999999984,10.056,10.052,-0.0180000000000006,10.05,73.35000000000001,3.6775,1.0,0.0,1.0,1.0,0.0,1.0,1.0,1.0
2020-05-29 14:49:53,-0.0180000000000006,10.02,10.014,-0.0159999999999982,10.016,73.625,3.685000000000001,1.0,0.0,1.0,1.0,0.0,1.0,1.0,1.0
2020-05-29 14:50:03,-0.0159999999999982,9.988,9.98,-0.0180000000000006,9.986,73.50000000000001,3.715,1.0,0.0,1.0,1.0,0.0,1.0,1.0,1.0
2020-05-29 14:50:13,-0.0139999999999993,9.962,9.952,-0.0159999999999982,9.956,73.35000000000001,3.7425,1.0,0.0,1.0,1.0,0.0,1.0,1.0,1.0
2020-05-29 14:50:23,-0.0139999999999993,9.932,9.92,-0.0180000000000006,9.928,73.125,3.7200000000000006,1.0,0.0,1.0,1.0,0.0,1.0,1.0,1.0
2020-05-29 14:50:33,-0.0120000000000004,9.908,9.898,-0.0180000000000006,9.906,72.925,3.6975,1.0,0.0,1.0,1.0,0.0,1.0,1.0,1.0
2020-05-29 14:50:43,-0.009999999999998,9.886,9.876,-0.0159999999999982,9.884,72.75,3.6875,1.0,0.0,1.0,1.0,0.0,1.0,1.0,1.0
2020-05-29 14:50:52,-0.0120000000000004,9.868,9.854,-0.0159999999999982,9.862,72.50000000000001,3.73,1.0,0.0,1.0,1.0,0.0,1.0,1.0,1.0
2020-05-29 14:51:02,-0.009999999999998,9.844,9.834,-0.0159999999999982,9.842,72.35000000000001,3.7425,1.0,0.0,1.0,1.0,0.0,1.0,1.0,1.0
2020-05-29 14:51:12,-0.009999999999998,9.826,9.812,-0.0180000000000006,9.822,72.2,3.7575,1.0,0.0,1.0,1.0,0.0,1.0,1.0,1.0
2020-05-29 14:51:22,-0.009999999999998,9.808,9.794,-0.0159999999999982,9.804,71.975,3.7525,1.0,0.0,1.0,1.0,0.0,1.0,1.0,1.0
2020-05-29 14:51:32,-0.009999999999998,9.786,9.774,-0.0159999999999982,9.784,71.625,3.735000000000001,1.0,0.0,1.0,1.0,0.0,1.0,1.0,1.0
2020-05-29 14:51:42,-0.009999999999998,9.768,9.754,-0.0180000000000006,9.766,71.22500000000001,3.685000000000001,1.0,0.0,1.0,1.0,0.0,1.0,1.0,1.0
2020-05-29 14:51:52,-0.009999999999998,9.75,9.736,-0.0180000000000006,9.748,70.95,3.6575000000000006,1.0,0.0,1.0,1.0,0.0,1.0,1.0,1.0
2020-05-29 14:52:02,-0.009999999999998,9.732,9.72,-0.0180000000000006,9.73,70.55,3.67,1.0,0.0,1.0,1.0,0.0,1.0,1.0,1.0
2020-05-29 14:52:12,-0.009999999999998,9.718,9.704,-0.0180000000000006,9.716,70.24999999999999,3.66,1.0,0.0,1.0,1.0,0.0,1.0,1.0,1.0
2020-05-29 14:52:22,-0.009999999999998,9.7,9.686,-0.0180000000000006,9.698,69.825,3.69,1.0,0.0,1.0,1.0,0.0,1.0,1.0,1.0
2020-05-29 14:52:32,-0.009999999999998,9.682,9.668,-0.0180000000000006,9.68,69.64999999999999,3.735000000000001,1.0,0.0,1.0,1.0,0.0,1.0,1.0,1.0
2020-05-29 14:52:41,-0.009999999999998,9.666,9.652,-0.0199999999999995,9.664,69.425,3.764999999999999,1.0,0.0,1.0,1.0,0.0,1.0,1.0,1.0
2020-05-29 14:52:51,-0.009999999999998,9.648,9.636,-0.0159999999999982,9.648,69.15,3.7425,1.0,0.0,1.0,1.0,0.0,1.0,1.0,1.0
2020-05-29 14:53:01,-0.009999999999998,9.634,9.62,-0.0180000000000006,9.632,69.04999999999998,3.74,1.0,0.0,1.0,1.0,0.0,1.0,1.0,1.0
2020-05-29 14:53:11,-0.0079999999999991,9.618,9.606,-0.0159999999999982,9.616,68.85,3.68,1.0,0.0,1.0,1.0,0.0,1.0,1.0,1.0
2020-05-29 14:53:21,-0.0079999999999991,9.602,9.588,-0.0180000000000006,9.598,68.7,3.685000000000001,1.0,0.0,1.0,1.0,0.0,1.0,1.0,1.0
2020-05-29 14:53:31,-0.0079999999999991,9.586,9.574,-0.0159999999999982,9.586,68.625,3.715,1.0,0.0,1.0,1.0,0.0,1.0,1.0,1.0
2020-05-29 14:53:41,-0.0060000000000002,9.572,9.56,-0.0180000000000006,9.57,68.65,3.6725,1.0,0.0,1.0,1.0,0.0,1.0,1.0,1.0
2020-05-29 14:53:51,-0.009999999999998,9.554,9.542,-0.0180000000000006,9.554,68.75,3.6675,1.0,0.0,1.0,1.0,0.0,1.0,1.0,1.0
2020-05-29 14:54:01,-0.009999999999998,9.538,9.526,-0.0199999999999995,9.538,68.825,3.67,1.0,0.0,1.0,1.0,0.0,1.0,1.0,1.0
2020-05-29 14:54:11,-0.0079999999999991,9.528,9.514,-0.0159999999999982,9.526,69.025,3.67,1.0,0.0,1.0,1.0,0.0,1.0,1.0,1.0
2020-05-29 14:54:21,-0.009999999999998,9.512,9.496,-0.0199999999999995,9.508,69.12499999999999,3.6975,1.0,0.0,1.0,1.0,0.0,1.0,1.0,1.0
2020-05-29 14:54:30,-0.0079999999999991,9.498,9.484,-0.0159999999999982,9.498,69.30000000000001,3.7200000000000006,1.0,0.0,1.0,1.0,0.0,1.0,1.0,1.0
2020-05-29 14:54:40,-0.009999999999998,9.48,9.468,-0.0159999999999982,9.48,69.32499999999999,3.735000000000001,1.0,0.0,1.0,1.0,0.0,1.0,1.0,1.0
2020-05-29 14:54:50,-0.009999999999998,9.466,9.454,-0.0180000000000006,9.464,69.19999999999999,3.74,1.0,0.0,1.0,1.0,0.0,1.0,1.0,1.0
2020-05-29 14:55:00,-0.009999999999998,9.45,9.438,-0.0180000000000006,9.45,69.15,3.7525,1.0,0.0,1.0,1.0,0.0,1.0,1.0,1.0
2020-05-29 14:55:10,-0.009999999999998,9.432,9.42,-0.0159999999999982,9.434,69.15,3.747500000000001,1.0,0.0,1.0,1.0,0.0,1.0,1.0,1.0
2020-05-29 14:55:20,-0.0079999999999991,9.416,9.404,-0.0159999999999982,9.418,69.15,3.635,1.0,0.0,1.0,1.0,0.0,1.0,1.0,1.0
2020-05-29 14:55:30,-0.009999999999998,9.402,9.39,-0.0180000000000006,9.404,69.12499999999999,3.65,1.0,0.0,1.0,1.0,0.0,1.0,1.0,1.0
2020-05-29 14:55:40,-0.0079999999999991,9.388,9.378,-0.0180000000000006,9.388,69.22500000000001,3.705,1.0,0.0,1.0,1.0,0.0,1.0,1.0,1.0
2020-05-29 14:55:50,-0.0079999999999991,9.374,9.362,-0.0159999999999982,9.374,69.22500000000001,3.68,1.0,0.0,1.0,1.0,0.0,1.0,1.0,1.0
2020-05-29 14:56:00,-0.0079999999999991,9.358,9.346,-0.0180000000000006,9.358,69.17500000000001,3.7375000000000007,1.0,0.0,1.0,1.0,0.0,1.0,1.0,1.0
2020-05-29 14:56:10,-0.0079999999999991,9.344,9.332,-0.0159999999999982,9.344,69.35,3.76,1.0,0.0,1.0,1.0,0.0,1.0,1.0,1.0
2020-05-29 14:56:19,-0.009999999999998,9.328,9.316,-0.0180000000000006,9.328,69.32499999999999,0.0424999999999995,1.0,0.0,1.0,1.0,0.0,1.0,1.0,1.0
2020-05-29 14:56:29,-0.0079999999999991,9.314,9.3,-0.0159999999999982,9.312,69.35,0.0424999999999995,1.0,0.0,1.0,1.0,0.0,1.0,1.0,1.0
2020-05-29 14:56:39,-0.0079999999999991,9.298,9.286,-0.0159999999999982,9.298,69.04999999999998,0.04,1.0,0.0,1.0,1.0,0.0,1.0,1.0,1.0
2020-05-29 14:56:49,-0.0079999999999991,9.282,9.268,-0.0180000000000006,9.282,68.825,0.04,1.0,0.0,1.0,1.0,0.0,1.0,1.0,1.0
2020-05-29 14:56:59,-0.009999999999998,9.266,9.254,-0.0180000000000006,9.268,68.425,0.0375000000000005,1.0,0.0,1.0,1.0,0.0,1.0,1.0,1.0
2020-05-29 14:57:09,-0.009999999999998,9.252,9.24,-0.0180000000000006,9.252,68.15,0.04,1.0,0.0,1.0,1.0,0.0,1.0,1.0,1.0
2020-05-29 14:57:19,-0.0079999999999991,9.238,9.222,-0.0180000000000006,9.238,67.825,0.04,1.0,0.0,1.0,1.0,0.0,1.0,1.0,1.0
2020-05-29 14:57:29,-0.0079999999999991,9.222,9.208,-0.0159999999999982,9.222,67.52499999999999,0.0375000000000005,1.0,0.0,1.0,1.0,0.0,1.0,1.0,1.0
2020-05-29 14:57:39,-0.009999999999998,9.208,9.194,-0.0159999999999982,9.208,67.25000000000001,0.0375000000000005,1.0,0.0,1.0,1.0,0.0,1.0,1.0,1.0
2020-05-29 14:57:49,-0.0079999999999991,9.192,9.178,-0.0180000000000006,9.194,67.12499999999999,0.0375000000000005,1.0,0.0,1.0,1.0,0.0,1.0,1.0,1.0
2020-05-29 14:57:59,-0.009999999999998,9.176,9.162,-0.0180000000000006,9.176,66.85000000000001,0.0375000000000005,1.0,0.0,1.0,1.0,0.0,1.0,1.0,1.0
2020-05-29 14:58:08,-0.0079999999999991,9.164,9.15,-0.0159999999999982,9.162,66.52499999999999,0.04,1.0,0.0,1.0,1.0,0.0,1.0,1.0,1.0
2020-05-29 14:58:18,-0.0079999999999991,9.148,9.136,-0.0159999999999982,9.148,66.35,0.0375000000000005,1.0,0.0,1.0,1.0,0.0,1.0,1.0,1.0
2020-05-29 14:58:28,-0.0079999999999991,9.132,9.12,-0.0159999999999982,9.132,66.225,0.04,1.0,0.0,1.0,1.0,0.0,1.0,1.0,1.0
2020-05-29 14:58:38,-0.0079999999999991,9.12,9.106,-0.0159999999999982,9.12,66.025,0.04,1.0,0.0,1.0,1.0,0.0,1.0,1.0,1.0
2020-05-29 14:58:48,-0.009999999999998,9.104,9.092,-0.0180000000000006,9.106,65.97500000000001,0.04,1.0,0.0,1.0,1.0,0.0,1.0,1.0,1.0
2020-05-29 14:58:58,-0.009999999999998,9.09,9.078,-0.0159999999999982,9.09,65.75,0.04,1.0,0.0,1.0,1.0,0.0,1.0,1.0,1.0
2020-05-29 14:59:08,-0.009999999999998,9.076,9.062,-0.0159999999999982,9.076,65.65,0.0375000000000005,1.0,0.0,1.0,1.0,0.0,1.0,1.0,1.0
2020-05-29 14:59:18,-0.0079999999999991,9.062,9.048,-0.0159999999999982,9.062,65.625,0.0375000000000005,1.0,0.0,1.0,1.0,0.0,1.0,1.0,1.0
2020-05-29 14:59:28,-0.009999999999998,9.046,9.034,-0.0159999999999982,9.048,65.55,0.0375000000000005,1.0,0.0,1.0,1.0,0.0,1.0,1.0,1.0
2020-05-29 14:59:38,-0.009999999999998,9.032,9.018,-0.0159999999999982,9.034,65.35,0.04,1.0,0.0,1.0,1.0,0.0,1.0,1.0,1.0
2020-05-29 14:59:48,-0.009999999999998,9.018,9.006,-0.0159999999999982,9.02,65.35,0.04,1.0,0.0,1.0,1.0,0.0,1.0,1.0,1.0
2020-05-29 14:59:58,-0.009999999999998,9.004,8.99,-0.0159999999999982,9.004,65.225,0.0375000000000005,1.0,0.0,1.0,1.0,0.0,1.0,1.0,1.0
2020-05-29 15:00:07,-0.009999999999998,8.99,8.976,-0.0159999999999982,8.992,65.17500000000001,0.0375000000000005,1.0,0.0,1.0,1.0,0.0,1.0,1.0,1.0
2020-05-29 15:00:17,-0.0079999999999991,8.976,8.964,-0.0139999999999993,8.978,65.07499999999999,0.0375000000000005,1.0,0.0,1.0,1.0,0.0,1.0,1.0,1.0
2020-05-29 15:00:27,-0.009999999999998,8.962,8.95,-0.0159999999999982,8.964,64.95,0.0375000000000005,1.0,0.0,1.0,1.0,0.0,1.0,1.0,1.0
2020-05-29 15:00:37,-0.009999999999998,8.948,8.936,-0.0180000000000006,8.95,64.825,0.04,1.0,0.0,1.0,1.0,0.0,1.0,1.0,1.0
2020-05-29 15:00:47,-0.009999999999998,8.936,8.922,-0.0159999999999982,8.936,64.85000000000001,0.0375000000000005,1.0,0.0,1.0,1.0,0.0,1.0,1.0,1.0
2020-05-29 15:00:57,-0.009999999999998,8.92,8.908,-0.0159999999999982,8.922,64.75,0.0375000000000005,1.0,0.0,1.0,1.0,0.0,1.0,1.0,1.0
2020-05-29 15:01:07,-0.0120000000000004,8.906,8.894,-0.0180000000000006,8.908,64.72500000000001,0.0375000000000005,1.0,0.0,1.0,1.0,0.0,1.0,1.0,1.0
2020-05-29 15:01:17,-0.009999999999998,8.892,8.88,-0.0180000000000006,8.894,64.7,0.04,1.0,0.0,1.0,1.0,0.0,1.0,1.0,1.0
2020-05-29 15:01:27,-0.009999999999998,8.88,8.866,-0.0159999999999982,8.882,64.525,0.0375000000000005,1.0,0.0,1.0,1.0,0.0,1.0,1.0,1.0
2020-05-29 15:01:37,-0.009999999999998,8.866,8.852,-0.0180000000000006,8.868,64.425,0.0375000000000005,1.0,0.0,1.0,1.0,0.0,1.0,1.0,1.0
2020-05-29 15:01:47,-0.009999999999998,8.85,8.838,-0.0180000000000006,8.854,64.225,0.0375000000000005,1.0,0.0,1.0,1.0,0.0,1.0,1.0,1.0
2020-05-29 15:01:56,-0.009999999999998,8.838,8.826,-0.0159999999999982,8.84,64.25,0.0375000000000005,1.0,0.0,1.0,1.0,0.0,1.0,1.0,1.0
2020-05-29 15:02:06,-0.009999999999998,8.828,8.816,-0.0159999999999982,8.828,64.14999999999999,0.0375000000000005,1.0,0.0,1.0,1.0,0.0,1.0,1.0,1.0
2020-05-29 15:02:16,-0.0120000000000004,8.812,8.8,-0.0180000000000006,8.816,64.12500000000001,0.04,1.0,0.0,1.0,1.0,0.0,1.0,1.0,1.0
2020-05-29 15:02:26,-0.0120000000000004,8.798,8.786,-0.0180000000000006,8.8,64.1,0.04,1.0,0.0,1.0,1.0,0.0,1.0,1.0,1.0
2020-05-29 15:02:36,-0.009999999999998,8.784,8.774,-0.0159999999999982,8.788,64.025,0.0375000000000005,1.0,0.0,1.0,1.0,0.0,1.0,1.0,1.0
2020-05-29 15:02:46,-0.009999999999998,8.774,8.762,-0.0180000000000006,8.776,63.94999999999999,0.0375000000000005,1.0,0.0,1.0,1.0,0.0,1.0,1.0,1.0
2020-05-29 15:02:56,-0.0079999999999991,8.76,8.748,-0.0159999999999982,8.762,63.94999999999999,0.04,1.0,0.0,1.0,1.0,0.0,1.0,1.0,1.0
2020-05-29 15:03:06,-0.009999999999998,8.746,8.736,-0.0159999999999982,8.748,63.85000000000001,0.04,1.0,0.0,1.0,1.0,0.0,1.0,1.0,1.0
2020-05-29 15:03:16,-0.009999999999998,8.732,8.72,-0.0159999999999982,8.734,63.85000000000001,0.04,1.0,0.0,1.0,1.0,0.0,1.0,1.0,1.0
2020-05-29 15:03:26,-0.0120000000000004,8.718,8.706,-0.0159999999999982,8.72,63.75,0.0375000000000005,1.0,0.0,1.0,1.0,0.0,1.0,1.0,1.0
2020-05-29 15:03:36,-0.009999999999998,8.706,8.692,-0.0159999999999982,8.708,63.650000000000006,0.0375000000000005,1.0,0.0,1.0,1.0,0.0,1.0,1.0,1.0
2020-05-29 15:03:45,-0.009999999999998,8.696,8.68,-0.0180000000000006,8.696,63.625,0.0375000000000005,1.0,0.0,1.0,1.0,0.0,1.0,1.0,1.0
2020-05-29 15:03:55,-0.009999999999998,8.68,8.668,-0.0159999999999982,8.68,63.55,0.0375000000000005,1.0,0.0,1.0,1.0,0.0,1.0,1.0,1.0
2020-05-29 15:04:05,-0.0120000000000004,8.666,8.654,-0.0180000000000006,8.668,63.625,0.0375000000000005,1.0,0.0,1.0,1.0,0.0,1.0,1.0,1.0
2020-05-29 15:04:15,-0.009999999999998,8.652,8.64,-0.0180000000000006,8.654,63.325,0.0375000000000005,1.0,0.0,1.0,1.0,0.0,1.0,1.0,1.0
2020-05-29 15:04:25,-0.009999999999998,8.64,8.628,-0.0159999999999982,8.642,63.425,0.04,1.0,0.0,1.0,1.0,0.0,1.0,1.0,1.0
2020-05-29 15:04:35,-0.009999999999998,8.626,8.614,-0.0139999999999993,8.628,63.39999999999999,0.04,1.0,0.0,1.0,1.0,0.0,1.0,1.0,1.0
2020-05-29 15:04:45,-0.0120000000000004,8.612,8.602,-0.0159999999999982,8.614,63.25,0.04,1.0,0.0,1.0,1.0,0.0,1.0,1.0,1.0
2020-05-29 15:04:55,-0.009999999999998,8.6,8.586,-0.0180000000000006,8.6,63.35,0.0375000000000005,1.0,0.0,1.0,1.0,0.0,1.0,1.0,1.0
2020-05-29 15:05:05,-0.009999999999998,8.586,8.574,-0.0159999999999982,8.588,63.225,0.0375000000000005,1.0,0.0,1.0,1.0,0.0,1.0,1.0,1.0
2020-05-29 15:05:15,-0.009999999999998,8.574,8.562,-0.0159999999999982,8.576,63.14999999999999,0.0375000000000005,1.0,0.0,1.0,1.0,0.0,1.0,1.0,1.0
2020-05-29 15:05:25,-0.009999999999998,8.562,8.548,-0.0159999999999982,8.562,63.14999999999999,0.04,1.0,0.0,1.0,1.0,0.0,1.0,1.0,1.0
2020-05-29 15:05:34,-0.009999999999998,8.548,8.536,-0.0159999999999982,8.55,63.14999999999999,0.0375000000000005,1.0,0.0,1.0,1.0,0.0,1.0,1.0,1.0
2020-05-29 15:05:44,-0.0120000000000004,8.536,8.522,-0.0159999999999982,8.536,63.125000000000014,0.04,1.0,0.0,1.0,1.0,0.0,1.0,1.0,1.0
2020-05-29 15:05:54,-0.009999999999998,8.522,8.512,-0.0139999999999993,8.524,63.05000000000001,0.04,1.0,0.0,1.0,1.0,0.0,1.0,1.0,1.0
2020-05-29 15:06:04,-0.009999999999998,8.508,8.496,-0.0159999999999982,8.51,63.05000000000001,0.0375000000000005,1.0,0.0,1.0,1.0,0.0,1.0,1.0,1.0
2020-05-29 15:06:14,-0.009999999999998,8.494,8.482,-0.0159999999999982,8.496,62.85000000000001,0.04,1.0,0.0,1.0,1.0,0.0,1.0,1.0,1.0
2020-05-29 15:06:24,-0.0120000000000004,8.482,8.468,-0.0159999999999982,8.482,62.825,0.0375000000000005,1.0,0.0,1.0,1.0,0.0,1.0,1.0,1.0
2020-05-29 15:06:34,-0.0120000000000004,8.468,8.458,-0.0159999999999982,8.47,62.85000000000001,0.04,1.0,0.0,1.0,1.0,0.0,1.0,1.0,1.0
2020-05-29 15:06:44,-0.009999999999998,8.458,8.446,-0.0159999999999982,8.46,62.79999999999998,0.04,1.0,0.0,1.0,1.0,0.0,1.0,1.0,1.0
2020-05-29 15:06:54,-0.009999999999998,8.442,8.432,-0.0159999999999982,8.446,62.72500000000001,0.04,1.0,0.0,1.0,1.0,0.0,1.0,1.0,1.0
2020-05-29 15:07:04,-0.0120000000000004,8.43,8.418,-0.0159999999999982,8.432,62.72500000000001,0.04,1.0,0.0,1.0,1.0,0.0,1.0,1.0,1.0
2020-05-29 15:07:14,-0.009999999999998,8.418,8.406,-0.0180000000000006,8.42,62.75,0.04,1.0,0.0,1.0,1.0,0.0,1.0,1.0,1.0
2020-05-29 15:07:23,-0.009999999999998,8.402,8.392,-0.0159999999999982,8.406,62.650000000000006,0.0375000000000005,1.0,0.0,1.0,1.0,0.0,1.0,1.0,1.0
2020-05-29 15:07:33,-0.0120000000000004,8.392,8.378,-0.0159999999999982,8.394,62.6,0.04,1.0,0.0,1.0,1.0,0.0,1.0,1.0,1.0
2020-05-29 15:07:43,-0.009999999999998,8.38,8.366,-0.0159999999999982,8.382,62.650000000000006,0.0375000000000005,1.0,0.0,1.0,1.0,0.0,1.0,1.0,1.0
2020-05-29 15:07:53,-0.009999999999998,8.366,8.354,-0.0159999999999982,8.368,62.45,0.0375000000000005,1.0,0.0,1.0,1.0,0.0,1.0,1.0,1.0
2020-05-29 15:08:03,-0.0120000000000004,8.354,8.34,-0.0159999999999982,8.354,62.55,0.0375000000000005,1.0,0.0,1.0,1.0,0.0,1.0,1.0,1.0
2020-05-29 15:08:13,-0.0120000000000004,8.338,8.326,-0.0199999999999995,8.34,62.45,0.0375000000000005,1.0,0.0,1.0,1.0,0.0,1.0,1.0,1.0
2020-05-29 15:08:23,-0.009999999999998,8.328,8.316,-0.0159999999999982,8.33,62.375,0.0349999999999992,1.0,0.0,1.0,1.0,0.0,1.0,1.0,1.0
2020-05-29 15:08:33,-0.0120000000000004,8.314,8.302,-0.0180000000000006,8.316,62.375,0.0375000000000005,1.0,0.0,1.0,1.0,0.0,1.0,1.0,1.0
2020-05-29 15:08:43,-0.0120000000000004,8.3,8.288,-0.0180000000000006,8.302,62.27499999999999,0.0375000000000005,1.0,0.0,1.0,1.0,0.0,1.0,1.0,1.0
2020-05-29 15:08:53,-0.0120000000000004,8.286,8.276,-0.0159999999999982,8.29,62.325,0.0375000000000005,1.0,0.0,1.0,1.0,0.0,1.0,1.0,1.0
2020-05-29 15:09:03,-0.0120000000000004,8.274,8.262,-0.0180000000000006,8.278,62.14999999999999,0.0375000000000005,1.0,0.0,1.0,1.0,0.0,1.0,1.0,1.0
2020-05-29 15:09:12,-0.0120000000000004,8.262,8.25,-0.0180000000000006,8.264,62.1,0.04,1.0,0.0,1.0,1.0,0.0,1.0,1.0,1.0
2020-05-29 15:09:22,-0.0120000000000004,8.19,8.18,-0.0199999999999995,8.194,62.07499999999999,0.0375000000000005,1.0,0.0,1.0,1.0,0.0,1.0,1.0,1.0
2020-05-29 15:09:32,-0.009999999999998,8.126,8.116,-0.0159999999999982,8.128,62.05000000000001,0.0375000000000005,1.0,0.0,1.0,1.0,0.0,1.0,1.0,1.0
2020-05-29 15:09:42,-0.009999999999998,8.116,8.108,-0.0159999999999982,8.122,62.14999999999999,0.0375000000000005,1.0,0.0,1.0,1.0,0.0,1.0,1.0,1.0
2020-05-29 15:09:52,-0.0120000000000004,8.106,8.096,-0.0180000000000006,8.11,62.07499999999999,0.0375000000000005,1.0,0.0,1.0,1.0,0.0,1.0,1.0,1.0
2020-05-29 15:10:02,-0.0120000000000004,8.098,8.088,-0.0159999999999982,8.1,62.05000000000001,0.0375000000000005,1.0,0.0,1.0,1.0,0.0,1.0,1.0,1.0
2020-05-29 15:10:12,2.193999999999999,8.062,-0.0240000000000009,-0.0159999999999982,8.064,61.97500000000001,4.795,0.0,1.0,0.0,0.0,0.0,1.0,1.0,1.0
2020-05-29 15:10:22,8.394,7.954000000000001,-0.0219999999999984,-0.0180000000000006,7.954000000000001,61.85000000000001,5.767500000000002,0.0,1.0,0.0,0.0,0.0,1.0,1.0,1.0
2020-05-29 15:10:32,8.656,8.204,-0.0180000000000006,-0.0159999999999982,8.204,62.14999999999999,5.715,0.0,1.0,0.0,0.0,0.0,1.0,1.0,1.0
2020-05-29 15:10:42,8.872,8.438,-0.0159999999999982,-0.0159999999999982,8.436,63.02499999999999,5.745000000000001,0.0,1.0,0.0,0.0,0.0,1.0,1.0,1.0
2020-05-29 15:10:52,9.094,8.672,-0.0139999999999993,-0.0159999999999982,8.672,63.94999999999999,5.800000000000001,0.0,1.0,0.0,0.0,0.0,1.0,1.0,1.0
2020-05-29 15:11:01,9.282,8.878,-0.0120000000000004,-0.0159999999999982,8.876,65.10000000000001,5.827500000000001,0.0,1.0,0.0,0.0,0.0,1.0,1.0,1.0
2020-05-29 15:11:11,6.901999999999999,9.05,-0.0120000000000004,-0.0180000000000006,9.052,66.05000000000001,5.272500000000001,0.0,1.0,1.0,0.0,0.0,1.0,1.0,1.0
2020-05-29 15:11:21,9.514,9.096,-0.0120000000000004,-0.0180000000000006,9.094,67.32499999999999,5.84,0.0,1.0,1.0,0.0,0.0,1.0,1.0,1.0
2020-05-29 15:11:31,9.528,9.114,-0.009999999999998,-0.0159999999999982,9.11,68.725,5.869999999999999,0.0,1.0,1.0,0.0,0.0,1.0,1.0,1.0
2020-05-29 15:11:41,9.682,9.298,-0.009999999999998,-0.0180000000000006,9.296,69.8,5.984999999999999,0.0,1.0,1.0,0.0,0.0,1.0,1.0,1.0
2020-05-29 15:11:51,9.86,9.484,-0.0060000000000002,-0.0159999999999982,9.48,70.675,6.007499999999999,0.0,1.0,1.0,0.0,0.0,1.0,1.0,1.0
2020-05-29 15:12:01,10.044,9.676,-0.0079999999999991,-0.0180000000000006,9.674,71.50000000000001,6.0625,0.0,1.0,1.0,0.0,0.0,1.0,1.0,1.0
2020-05-29 15:12:11,7.236000000000001,9.818,-0.0040000000000013,-0.0139999999999993,9.816,72.075,5.42,0.0,1.0,0.0,0.0,0.0,1.0,1.0,1.0
2020-05-29 15:12:21,10.152,9.77,-0.0079999999999991,-0.0180000000000006,9.764,72.52499999999999,6.074999999999999,0.0,1.0,0.0,0.0,0.0,1.0,1.0,1.0
2020-05-29 15:12:31,10.232,9.864,-0.0079999999999991,-0.0159999999999982,9.86,72.75,6.0975,0.0,1.0,0.0,0.0,0.0,1.0,1.0,1.0
2020-05-29 15:12:41,10.388,10.03,-0.009999999999998,-0.0199999999999995,10.028,72.825,6.1275,0.0,1.0,0.0,0.0,0.0,1.0,1.0,1.0
2020-05-29 15:12:50,4.83,10.176,9.632,3.766,10.176,72.925,4.4175,1.0,0.0,1.0,1.0,0.0,0.0,1.0,1.0
2020-05-29 15:13:00,-0.0219999999999984,10.126,10.128,-0.0159999999999982,10.124,73.2,3.772499999999999,1.0,0.0,1.0,1.0,0.0,1.0,1.0,1.0
2020-05-29 15:13:10,-0.0199999999999995,10.084,10.084,-0.0159999999999982,10.082,73.625,3.785,1.0,0.0,1.0,1.0,0.0,1.0,1.0,1.0
2020-05-29 15:13:20,-0.0199999999999995,10.05,10.048,-0.0159999999999982,10.048,74.0,3.8000000000000007,1.0,0.0,1.0,1.0,0.0,1.0,1.0,1.0
2020-05-29 15:13:30,-0.0180000000000006,10.022,10.018,-0.0159999999999982,10.018,74.175,3.817500000000001,1.0,0.0,1.0,1.0,0.0,1.0,1.0,1.0
2020-05-29 15:13:40,-0.0159999999999982,9.992,9.986,-0.0180000000000006,9.99,73.95,3.7525,1.0,0.0,1.0,1.0,0.0,1.0,1.0,1.0
2020-05-29 15:13:50,-0.0139999999999993,9.968,9.96,-0.0180000000000006,9.966,73.77499999999999,3.715,1.0,0.0,1.0,1.0,0.0,1.0,1.0,1.0
2020-05-29 15:14:00,-0.0139999999999993,9.942,9.934,-0.0159999999999982,9.942,73.30000000000001,3.7225,1.0,0.0,1.0,1.0,0.0,1.0,1.0,1.0
2020-05-29 15:14:10,-0.0120000000000004,9.92,9.91,-0.0159999999999982,9.92,72.7,3.815,1.0,0.0,1.0,1.0,0.0,1.0,1.0,1.0
2020-05-29 15:14:20,-0.0120000000000004,9.898,9.888,-0.0180000000000006,9.896,72.32499999999999,3.7875,1.0,0.0,1.0,1.0,0.0,1.0,1.0,1.0
2020-05-29 15:14:30,-0.0120000000000004,9.878,9.866,-0.0159999999999982,9.876,72.2,3.7425,1.0,0.0,1.0,1.0,0.0,1.0,1.0,1.0
2020-05-29 15:14:39,-0.0120000000000004,9.858,9.846,-0.0180000000000006,9.858,71.775,3.7125,1.0,0.0,1.0,1.0,0.0,1.0,1.0,1.0
2020-05-29 15:14:49,-0.0120000000000004,9.838,9.828,-0.0159999999999982,9.84,71.675,3.7225,1.0,0.0,1.0,1.0,0.0,1.0,1.0,1.0
2020-05-29 15:14:59,-0.009999999999998,9.82,9.808,-0.0180000000000006,9.822,71.55,3.665000000000001,1.0,0.0,1.0,1.0,0.0,1.0,1.0,1.0
2020-05-29 15:15:09,-0.0079999999999991,9.802,9.79,-0.0159999999999982,9.802,71.30000000000001,3.685000000000001,1.0,0.0,1.0,1.0,0.0,1.0,1.0,1.0
2020-05-29 15:15:19,-0.0079999999999991,9.782,9.768,-0.0180000000000006,9.78,71.10000000000001,3.6999999999999993,1.0,0.0,1.0,1.0,0.0,1.0,1.0,1.0
2020-05-29 15:15:29,-0.0079999999999991,9.764,9.752,-0.0180000000000006,9.762,70.725,3.7425,1.0,0.0,1.0,1.0,0.0,1.0,1.0,1.0
2020-05-29 15:15:39,-0.0079999999999991,9.748,9.734,-0.0159999999999982,9.746,70.24999999999999,3.73,1.0,0.0,1.0,1.0,0.0,1.0,1.0,1.0
2020-05-29 15:15:49,-0.0120000000000004,9.728,9.716,-0.0180000000000006,9.728,69.9,3.754999999999999,1.0,0.0,1.0,1.0,0.0,1.0,1.0,1.0
2020-05-29 15:15:59,-0.0079999999999991,9.712,9.7,-0.0159999999999982,9.714,69.6,3.77,1.0,0.0,1.0,1.0,0.0,1.0,1.0,1.0
2020-05-29 15:16:09,-0.0079999999999991,9.698,9.684,-0.0139999999999993,9.698,69.35,3.785,1.0,0.0,1.0,1.0,0.0,1.0,1.0,1.0
2020-05-29 15:16:19,-0.0079999999999991,9.68,9.67,-0.0159999999999982,9.682,69.12499999999999,3.7525,1.0,0.0,1.0,1.0,0.0,1.0,1.0,1.0
2020-05-29 15:16:29,-0.0079999999999991,9.664,9.652,-0.0180000000000006,9.664,68.95,3.7250000000000014,1.0,0.0,1.0,1.0,0.0,1.0,1.0,1.0
2020-05-29 15:16:38,-0.0079999999999991,9.648,9.636,-0.0159999999999982,9.65,68.95,3.6750000000000007,1.0,0.0,1.0,1.0,0.0,1.0,1.0,1.0
2020-05-29 15:16:48,-0.0079999999999991,9.632,9.62,-0.0159999999999982,9.632,68.7,3.6750000000000007,1.0,0.0,1.0,1.0,0.0,1.0,1.0,1.0
2020-05-29 15:16:58,-0.009999999999998,9.604,9.592,-0.0180000000000006,9.606,68.65,3.7075,1.0,0.0,1.0,1.0,0.0,1.0,1.0,1.0
2020-05-29 15:17:08,-0.0079999999999991,9.59,9.578,-0.0180000000000006,9.59,68.675,3.7250000000000014,1.0,0.0,1.0,1.0,0.0,1.0,1.0,1.0
2020-05-29 15:17:18,-0.0079999999999991,9.576,9.564,-0.0159999999999982,9.578,68.52499999999999,3.727500000000001,1.0,0.0,1.0,1.0,0.0,1.0,1.0,1.0
2020-05-29 15:17:28,-0.0120000000000004,9.56,9.548,-0.0159999999999982,9.56,68.475,3.76,1.0,0.0,1.0,1.0,0.0,1.0,1.0,1.0
2020-05-29 15:17:38,-0.0079999999999991,9.544,9.534,-0.0180000000000006,9.546,68.45000000000002,3.764999999999999,1.0,0.0,1.0,1.0,0.0,1.0,1.0,1.0
2020-05-29 15:17:48,-0.009999999999998,9.53,9.518,-0.0159999999999982,9.532,68.425,3.6725,1.0,0.0,1.0,1.0,0.0,1.0,1.0,1.0
2020-05-29 15:17:58,-0.009999999999998,9.514,9.504,-0.0159999999999982,9.516,68.55,3.715,1.0,0.0,1.0,1.0,0.0,1.0,1.0,1.0
2020-05-29 15:18:08,-0.0079999999999991,9.5,9.488,-0.0180000000000006,9.5,68.52499999999999,3.8025,1.0,0.0,1.0,1.0,0.0,1.0,1.0,1.0
2020-05-29 15:18:18,-0.009999999999998,9.486,9.472,-0.0180000000000006,9.484,68.52499999999999,3.764999999999999,1.0,0.0,1.0,1.0,0.0,1.0,1.0,1.0
2020-05-29 15:18:27,-0.009999999999998,9.47,9.458,-0.0159999999999982,9.47,68.625,3.6775,1.0,0.0,1.0,1.0,0.0,1.0,1.0,1.0
2020-05-29 15:18:37,-0.0079999999999991,9.436,9.424,-0.0159999999999982,9.436,68.52499999999999,3.717500000000001,1.0,0.0,1.0,1.0,0.0,1.0,1.0,1.0
2020-05-29 15:18:47,-0.0079999999999991,9.352,9.34,-0.0139999999999993,9.352,68.52499999999999,3.754999999999999,1.0,0.0,1.0,1.0,0.0,1.0,1.0,1.0
2020-05-29 15:18:57,-0.0079999999999991,9.342,9.33,-0.0180000000000006,9.342,68.52499999999999,3.7624999999999993,1.0,0.0,1.0,1.0,0.0,1.0,1.0,1.0
2020-05-29 15:19:07,-0.0079999999999991,9.324,9.31,-0.0180000000000006,9.324,68.5,3.7675,1.0,0.0,1.0,1.0,0.0,1.0,1.0,1.0
2020-05-29 15:19:17,-0.0079999999999991,9.312,9.3,-0.0159999999999982,9.312,68.625,3.789999999999999,1.0,0.0,1.0,1.0,0.0,1.0,1.0,1.0
2020-05-29 15:19:27,-0.0079999999999991,9.298,9.286,-0.0180000000000006,9.298,68.95,3.782499999999999,1.0,0.0,1.0,1.0,0.0,1.0,1.0,1.0
2020-05-29 15:19:37,-0.009999999999998,9.284,9.272,-0.0180000000000006,9.286,69.12499999999999,3.7624999999999993,1.0,0.0,1.0,1.0,0.0,1.0,1.0,1.0
2020-05-29 15:19:47,-0.009999999999998,9.26,9.248,-0.0180000000000006,9.264,69.15,0.0424999999999995,1.0,0.0,1.0,1.0,0.0,1.0,1.0,1.0
2020-05-29 15:19:57,-0.009999999999998,9.238,9.228,-0.0180000000000006,9.24,69.15,0.0424999999999995,1.0,0.0,1.0,1.0,0.0,1.0,1.0,1.0
2020-05-29 15:20:07,-0.0079999999999991,9.226,9.216,-0.0139999999999993,9.23,68.925,0.04,1.0,0.0,1.0,1.0,0.0,1.0,1.0,1.0
2020-05-29 15:20:16,-0.009999999999998,9.214,9.202,-0.0159999999999982,9.216,68.5,0.04,1.0,0.0,1.0,1.0,0.0,1.0,1.0,1.0
2020-05-29 15:20:26,-0.009999999999998,9.198,9.186,-0.0180000000000006,9.2,68.12499999999999,0.04,1.0,0.0,1.0,1.0,0.0,1.0,1.0,1.0
2020-05-29 15:20:36,-0.009999999999998,9.186,9.174,-0.0159999999999982,9.186,68.025,0.0375000000000005,1.0,0.0,1.0,1.0,0.0,1.0,1.0,1.0
2020-05-29 15:20:46,-0.009999999999998,9.17,9.156,-0.0180000000000006,9.17,67.8,0.0375000000000005,1.0,0.0,1.0,1.0,0.0,1.0,1.0,1.0
2020-05-29 15:20:56,-0.009999999999998,9.156,9.144,-0.0180000000000006,9.158,67.52499999999999,0.04,1.0,0.0,1.0,1.0,0.0,1.0,1.0,1.0
2020-05-29 15:21:06,-0.0060000000000002,9.134,9.12,-0.0139999999999993,9.134,67.30000000000001,0.0349999999999992,1.0,0.0,1.0,1.0,0.0,1.0,1.0,1.0
2020-05-29 15:21:16,-0.009999999999998,9.118,9.104,-0.0180000000000006,9.12,67.025,0.0375000000000005,1.0,0.0,1.0,1.0,0.0,1.0,1.0,1.0
2020-05-29 15:21:26,-0.009999999999998,9.104,9.092,-0.0180000000000006,9.106,66.55,0.04,1.0,0.0,1.0,1.0,0.0,1.0,1.0,1.0
2020-05-29 15:21:36,-0.0079999999999991,9.094,9.08,-0.0159999999999982,9.094,66.425,0.0375000000000005,1.0,0.0,1.0,1.0,0.0,1.0,1.0,1.0
2020-05-29 15:21:46,-0.009999999999998,9.072,9.058,-0.0159999999999982,9.074,66.225,0.0375000000000005,1.0,0.0,1.0,1.0,0.0,1.0,1.0,1.0
2020-05-29 15:21:56,-0.0079999999999991,9.058,9.046,-0.0159999999999982,9.06,66.10000000000001,0.0375000000000005,1.0,0.0,1.0,1.0,0.0,1.0,1.0,1.0
2020-05-29 15:22:05,-0.009999999999998,9.044,9.032,-0.0180000000000006,9.046,65.97500000000001,0.04,1.0,0.0,1.0,1.0,0.0,1.0,1.0,1.0
2020-05-29 15:22:15,-0.0079999999999991,9.03,9.016,-0.0159999999999982,9.03,65.95,0.0375000000000005,1.0,0.0,1.0,1.0,0.0,1.0,1.0,1.0
2020-05-29 15:22:25,-0.009999999999998,9.016,9.004,-0.0180000000000006,9.016,65.85000000000001,0.04,1.0,0.0,1.0,1.0,0.0,1.0,1.0,1.0
2020-05-29 15:22:35,-0.009999999999998,9.0,8.988,-0.0180000000000006,9.002,65.8,0.0375000000000005,1.0,0.0,1.0,1.0,0.0,1.0,1.0,1.0
2020-05-29 15:22:45,-0.0079999999999991,8.986,8.972,-0.0180000000000006,8.988,65.65,0.0375000000000005,1.0,0.0,1.0,1.0,0.0,1.0,1.0,1.0
2020-05-29 15:22:55,-0.009999999999998,8.97,8.96,-0.0180000000000006,8.974,65.475,0.0375000000000005,1.0,0.0,1.0,1.0,0.0,1.0,1.0,1.0
2020-05-29 15:23:05,-0.0079999999999991,8.958,8.946,-0.0159999999999982,8.962,65.32500000000002,0.0375000000000005,1.0,0.0,1.0,1.0,0.0,1.0,1.0,1.0
2020-05-29 15:23:15,-0.0079999999999991,8.944,8.932,-0.0159999999999982,8.946,65.225,0.0375000000000005,1.0,0.0,1.0,1.0,0.0,1.0,1.0,1.0
2020-05-29 15:23:25,-0.0079999999999991,8.93,8.918,-0.0159999999999982,8.936,65.10000000000001,0.0375000000000005,1.0,0.0,1.0,1.0,0.0,1.0,1.0,1.0
2020-05-29 15:23:35,-0.009999999999998,8.916,8.904,-0.0159999999999982,8.918,64.85000000000001,0.0375000000000005,1.0,0.0,1.0,1.0,0.0,1.0,1.0,1.0
2020-05-29 15:23:45,-0.009999999999998,8.904,8.892,-0.0159999999999982,8.904,64.75,0.0375000000000005,1.0,0.0,1.0,1.0,0.0,1.0,1.0,1.0
2020-05-29 15:23:54,-0.009999999999998,8.888,8.876,-0.0180000000000006,8.89,64.55,0.0375000000000005,1.0,0.0,1.0,1.0,0.0,1.0,1.0,1.0
2020-05-29 15:24:04,-0.009999999999998,8.868,8.854,-0.0180000000000006,8.87,64.525,0.04,1.0,0.0,1.0,1.0,0.0,1.0,1.0,1.0
2020-05-29 15:24:14,-0.0079999999999991,8.856,8.842,-0.0180000000000006,8.856,64.45,0.04,1.0,0.0,1.0,1.0,0.0,1.0,1.0,1.0
2020-05-29 15:24:24,-0.009999999999998,8.84,8.826,-0.0159999999999982,8.842,64.425,0.04,1.0,0.0,1.0,1.0,0.0,1.0,1.0,1.0
2020-05-29 15:24:34,-0.009999999999998,8.826,8.814,-0.0180000000000006,8.828,64.32500000000002,0.0375000000000005,1.0,0.0,1.0,1.0,0.0,1.0,1.0,1.0
2020-05-29 15:24:44,-0.009999999999998,8.812,8.802,-0.0159999999999982,8.816,64.32500000000002,0.0375000000000005,1.0,0.0,1.0,1.0,0.0,1.0,1.0,1.0
2020-05-29 15:24:54,-0.009999999999998,8.802,8.788,-0.0159999999999982,8.802,64.25,0.0375000000000005,1.0,0.0,1.0,1.0,0.0,1.0,1.0,1.0
2020-05-29 15:25:04,-0.009999999999998,8.788,8.774,-0.0159999999999982,8.788,64.07499999999999,0.0375000000000005,1.0,0.0,1.0,1.0,0.0,1.0,1.0,1.0
2020-05-29 15:25:14,-0.009999999999998,8.774,8.76,-0.0159999999999982,8.774,63.75,0.04,1.0,0.0,1.0,1.0,0.0,1.0,1.0,1.0
2020-05-29 15:25:24,-0.0120000000000004,8.756,8.744,-0.0180000000000006,8.758,63.625,0.04,1.0,0.0,1.0,1.0,0.0,1.0,1.0,1.0
2020-05-29 15:25:34,-0.0120000000000004,8.744,8.73,-0.0180000000000006,8.744,63.650000000000006,0.0375000000000005,1.0,0.0,1.0,1.0,0.0,1.0,1.0,1.0
2020-05-29 15:25:43,-0.009999999999998,8.73,8.718,-0.0159999999999982,8.73,63.650000000000006,0.04,1.0,0.0,1.0,1.0,0.0,1.0,1.0,1.0
2020-05-29 15:25:53,-0.009999999999998,8.716,8.704,-0.0180000000000006,8.716,63.775000000000006,0.0375000000000005,1.0,0.0,1.0,1.0,0.0,1.0,1.0,1.0
2020-05-29 15:26:03,-0.009999999999998,8.702,8.688,-0.0159999999999982,8.702,63.775000000000006,0.0324999999999997,1.0,0.0,1.0,1.0,0.0,1.0,1.0,1.0
2020-05-29 15:26:13,-0.009999999999998,8.686,8.674,-0.0180000000000006,8.688,63.79999999999998,0.0375000000000005,1.0,0.0,1.0,1.0,0.0,1.0,1.0,1.0
2020-05-29 15:26:23,-0.0120000000000004,8.672,8.66,-0.0180000000000006,8.674,63.825,0.0375000000000005,1.0,0.0,1.0,1.0,0.0,1.0,1.0,1.0
2020-05-29 15:26:33,-0.009999999999998,8.658,8.646,-0.0159999999999982,8.66,63.85000000000001,0.0375000000000005,1.0,0.0,1.0,1.0,0.0,1.0,1.0,1.0
2020-05-29 15:26:43,-0.009999999999998,8.646,8.632,-0.0159999999999982,8.646,63.75,0.04,1.0,0.0,1.0,1.0,0.0,1.0,1.0,1.0
2020-05-29 15:26:53,-0.0079999999999991,8.632,8.618,-0.0139999999999993,8.634,63.85000000000001,0.04,1.0,0.0,1.0,1.0,0.0,1.0,1.0,1.0
2020-05-29 15:27:03,-0.009999999999998,8.616,8.604,-0.0180000000000006,8.618,63.92500000000001,0.04,1.0,0.0,1.0,1.0,0.0,1.0,1.0,1.0
2020-05-29 15:27:13,-0.009999999999998,8.602,8.588,-0.0180000000000006,8.602,63.97500000000001,0.04,1.0,0.0,1.0,1.0,0.0,1.0,1.0,1.0
2020-05-29 15:27:23,-0.0120000000000004,8.588,8.574,-0.0180000000000006,8.588,63.85000000000001,0.0375000000000005,1.0,0.0,1.0,1.0,0.0,1.0,1.0,1.0
2020-05-29 15:27:32,-0.009999999999998,8.574,8.56,-0.0180000000000006,8.574,63.94999999999999,0.04,1.0,0.0,1.0,1.0,0.0,1.0,1.0,1.0
2020-05-29 15:27:42,-0.0120000000000004,8.558,8.546,-0.0180000000000006,8.562,63.825,0.04,1.0,0.0,1.0,1.0,0.0,1.0,1.0,1.0
2020-05-29 15:27:52,-0.009999999999998,8.544,8.532,-0.0180000000000006,8.548,63.775000000000006,0.0375000000000005,1.0,0.0,1.0,1.0,0.0,1.0,1.0,1.0
2020-05-29 15:28:02,-0.0120000000000004,8.53,8.518,-0.0180000000000006,8.532,63.650000000000006,0.0375000000000005,1.0,0.0,1.0,1.0,0.0,1.0,1.0,1.0
2020-05-29 15:28:12,-0.009999999999998,8.518,8.504,-0.0159999999999982,8.52,63.55,0.0375000000000005,1.0,0.0,1.0,1.0,0.0,1.0,1.0,1.0
2020-05-29 15:28:22,-0.009999999999998,8.504,8.492,-0.0180000000000006,8.506,63.575,0.0375000000000005,1.0,0.0,1.0,1.0,0.0,1.0,1.0,1.0
2020-05-29 15:28:32,-0.009999999999998,8.492,8.478,-0.0159999999999982,8.492,63.525000000000006,0.04,1.0,0.0,1.0,1.0,0.0,1.0,1.0,1.0
2020-05-29 15:28:42,-0.0079999999999991,8.478,8.464,-0.0180000000000006,8.478,63.35,0.0375000000000005,1.0,0.0,1.0,1.0,0.0,1.0,1.0,1.0
2020-05-29 15:28:52,-0.009999999999998,8.466,8.452,-0.0159999999999982,8.466,63.325,0.0349999999999992,1.0,0.0,1.0,1.0,0.0,1.0,1.0,1.0
2020-05-29 15:29:02,-0.009999999999998,8.45,8.438,-0.0159999999999982,8.45,63.25,0.0349999999999992,1.0,0.0,1.0,1.0,0.0,1.0,1.0,1.0
2020-05-29 15:29:12,-0.009999999999998,8.436,8.422,-0.0180000000000006,8.436,63.14999999999999,0.0375000000000005,1.0,0.0,1.0,1.0,0.0,1.0,1.0,1.0
2020-05-29 15:29:22,-0.009999999999998,8.422,8.41,-0.0199999999999995,8.424,62.97500000000001,0.04,1.0,0.0,1.0,1.0,0.0,1.0,1.0,1.0
2020-05-29 15:29:31,-0.009999999999998,8.41,8.398,-0.0180000000000006,8.41,62.97500000000001,0.0375000000000005,1.0,0.0,1.0,1.0,0.0,1.0,1.0,1.0
2020-05-29 15:29:41,-0.009999999999998,8.396,8.382,-0.0180000000000006,8.398,62.87499999999999,0.0375000000000005,1.0,0.0,1.0,1.0,0.0,1.0,1.0,1.0
2020-05-29 15:29:51,-0.0120000000000004,8.198,8.184,-0.0180000000000006,8.198,62.85000000000001,0.0375000000000005,1.0,0.0,1.0,1.0,0.0,1.0,1.0,1.0
2020-05-29 15:30:01,-0.009999999999998,8.162,8.15,-0.0159999999999982,8.162,62.87499999999999,0.0375000000000005,1.0,0.0,1.0,1.0,0.0,1.0,1.0,1.0
2020-05-29 15:30:11,-0.009999999999998,8.156,8.144,-0.0180000000000006,8.156,62.900000000000006,0.0375000000000005,1.0,0.0,1.0,1.0,0.0,1.0,1.0,1.0
2020-05-29 15:30:21,-0.0120000000000004,8.148,8.136,-0.0180000000000006,8.148,62.87499999999999,0.04,1.0,0.0,1.0,1.0,0.0,1.0,1.0,1.0
2020-05-29 15:30:31,-0.0120000000000004,8.138,8.126,-0.0159999999999982,8.14,62.775000000000006,0.0375000000000005,1.0,0.0,1.0,1.0,0.0,1.0,1.0,1.0
2020-05-29 15:30:41,-0.0120000000000004,8.128,8.118,-0.0180000000000006,8.13,62.75,0.0375000000000005,1.0,0.0,1.0,1.0,0.0,1.0,1.0,1.0
2020-05-29 15:30:51,-0.0120000000000004,8.12,8.108,-0.0180000000000006,8.122,62.75,0.04,1.0,0.0,1.0,1.0,0.0,1.0,1.0,1.0
2020-05-29 15:31:01,-0.009999999999998,8.11,8.098,-0.0159999999999982,8.112,62.55,0.0375000000000005,1.0,0.0,1.0,1.0,0.0,1.0,1.0,1.0
2020-05-29 15:31:11,-0.009999999999998,8.098,8.088,-0.0180000000000006,8.1,62.35,0.0375000000000005,1.0,0.0,1.0,1.0,0.0,1.0,1.0,1.0
2020-05-29 15:31:20,4.864000000000001,7.960000000000001,-0.0240000000000009,-0.0180000000000006,7.960000000000001,62.325,5.032499999999999,0.0,1.0,0.0,0.0,0.0,1.0,1.0,1.0
2020-05-29 15:31:30,8.53,8.068,-0.0199999999999995,-0.0159999999999982,8.068,62.375,5.774999999999999,0.0,1.0,0.0,0.0,0.0,1.0,1.0,1.0
2020-05-29 15:31:40,8.656,8.2,-0.0180000000000006,-0.0159999999999982,8.2,62.45,5.8575,0.0,1.0,1.0,0.0,0.0,1.0,1.0,1.0
2020-05-29 15:31:50,8.884,8.442,-0.0159999999999982,-0.0180000000000006,8.44,62.85000000000001,5.8775,0.0,1.0,1.0,0.0,0.0,1.0,1.0,1.0
2020-05-29 15:32:00,9.09,8.662,-0.0139999999999993,-0.0180000000000006,8.66,63.72500000000001,5.869999999999999,0.0,1.0,1.0,0.0,0.0,1.0,1.0,1.0
2020-05-29 15:32:10,9.164,8.726,-0.009999999999998,-0.0159999999999982,8.726,64.525,5.842499999999999,0.0,1.0,1.0,0.0,0.0,1.0,1.0,1.0
2020-05-29 15:32:20,9.196,8.776,-0.009999999999998,-0.0159999999999982,8.774,65.5,5.827500000000001,0.0,1.0,1.0,0.0,0.0,1.0,1.0,1.0
2020-05-29 15:32:30,9.378,8.986,-0.0079999999999991,-0.0159999999999982,8.984,66.5,5.8325,0.0,1.0,1.0,0.0,0.0,1.0,1.0,1.0
2020-05-29 15:32:40,9.438,9.054,-0.0079999999999991,-0.0159999999999982,9.052,67.52499999999999,5.854999999999999,0.0,1.0,0.0,0.0,0.0,1.0,1.0,1.0
2020-05-29 15:32:50,9.638,9.24,-0.009999999999998,-0.0180000000000006,9.238,68.425,5.9575,0.0,1.0,0.0,0.0,0.0,1.0,1.0,1.0
2020-05-29 15:33:00,9.81,9.418,-0.0079999999999991,-0.0159999999999982,9.416,69.32499999999999,6.014999999999999,0.0,1.0,0.0,0.0,0.0,1.0,1.0,1.0
2020-05-29 15:33:10,9.984,9.608,-0.0079999999999991,-0.0159999999999982,9.604,70.44999999999999,6.135,0.0,1.0,0.0,0.0,0.0,1.0,1.0,1.0
2020-05-29 15:33:19,10.138,9.77,-0.0079999999999991,-0.0159999999999982,9.77,71.22500000000001,6.1625,0.0,1.0,0.0,0.0,0.0,1.0,1.0,1.0
2020-05-29 15:33:29,10.29,9.93,-0.0079999999999991,-0.0159999999999982,9.928,71.975,6.205,0.0,1.0,0.0,0.0,0.0,1.0,1.0,1.0
2020-05-29 15:33:39,10.318,9.962,-0.0079999999999991,-0.0180000000000006,9.96,72.30000000000001,6.2075,0.0,1.0,1.0,0.0,0.0,1.0,1.0,1.0
2020-05-29 15:33:49,10.508,10.144,-0.0079999999999991,-0.0159999999999982,10.142,72.44999999999999,6.105,0.0,1.0,1.0,0.0,0.0,1.0,1.0,1.0
2020-05-29 15:33:59,-0.0219999999999984,10.138,10.14,-0.0139999999999993,10.136,72.52499999999999,3.7375000000000007,1.0,0.0,1.0,1.0,0.0,1.0,1.0,1.0
2020-05-29 15:34:09,-0.0219999999999984,10.056,10.054,-0.0159999999999982,10.054,72.625,3.7525,1.0,0.0,1.0,1.0,0.0,1.0,1.0,1.0
2020-05-29 15:34:19,-0.0180000000000006,9.828,9.826,-0.0180000000000006,9.826,72.7,3.73,1.0,0.0,1.0,1.0,0.0,1.0,1.0,1.0
2020-05-29 15:34:29,-0.0159999999999982,9.636,9.63,-0.0159999999999982,9.634,72.6,3.682499999999999,1.0,0.0,1.0,1.0,0.0,1.0,1.0,1.0
2020-05-29 15:34:39,-0.0159999999999982,9.45,9.444,-0.0159999999999982,9.448,72.475,3.682499999999999,1.0,0.0,1.0,1.0,0.0,1.0,1.0,1.0
2020-05-29 15:34:49,-0.0139999999999993,9.328,9.322,-0.0199999999999995,9.328,72.52499999999999,3.692499999999999,1.0,0.0,1.0,1.0,0.0,1.0,1.0,1.0
2020-05-29 15:34:59,-0.0120000000000004,9.324,9.316,-0.0180000000000006,9.324,72.475,3.735000000000001,1.0,0.0,1.0,1.0,0.0,1.0,1.0,1.0
2020-05-29 15:35:09,-0.009999999999998,9.316,9.308,-0.0159999999999982,9.318,72.24999999999999,3.774999999999999,1.0,0.0,1.0,1.0,0.0,1.0,1.0,1.0
2020-05-29 15:35:18,-0.0120000000000004,9.308,9.298,-0.0159999999999982,9.31,71.9,3.774999999999999,1.0,0.0,1.0,1.0,0.0,1.0,1.0,1.0
2020-05-29 15:35:28,-0.009999999999998,9.296,9.286,-0.0180000000000006,9.298,71.625,3.717500000000001,1.0,0.0,1.0,1.0,0.0,1.0,1.0,1.0
2020-05-29 15:35:38,-0.009999999999998,9.286,9.278,-0.0180000000000006,9.288,71.22500000000001,3.7075,1.0,0.0,1.0,1.0,0.0,1.0,1.0,1.0
2020-05-29 15:35:48,-0.009999999999998,9.276,9.264,-0.0180000000000006,9.276,70.85,3.6675,1.0,0.0,1.0,1.0,0.0,1.0,1.0,1.0
2020-05-29 15:35:58,-0.009999999999998,9.264,9.254,-0.0159999999999982,9.266,70.725,3.7225,1.0,0.0,1.0,1.0,0.0,1.0,1.0,1.0
2020-05-29 15:36:08,-0.009999999999998,9.252,9.242,-0.0159999999999982,9.252,70.55,3.747500000000001,1.0,0.0,1.0,1.0,0.0,1.0,1.0,1.0
2020-05-29 15:36:18,-0.0079999999999991,9.242,9.23,-0.0159999999999982,9.242,70.35,3.7624999999999993,1.0,0.0,1.0,1.0,0.0,1.0,1.0,1.0
2020-05-29 15:36:28,-0.0079999999999991,9.228,9.218,-0.0159999999999982,9.228,69.97500000000001,3.774999999999999,1.0,0.0,1.0,1.0,0.0,1.0,1.0,1.0
2020-05-29 15:36:38,-0.009999999999998,9.214,9.202,-0.0159999999999982,9.216,69.725,3.7925,1.0,0.0,1.0,1.0,0.0,1.0,1.0,1.0
2020-05-29 15:36:48,-0.0079999999999991,9.206,9.192,-0.0180000000000006,9.206,69.425,3.785,1.0,0.0,1.0,1.0,0.0,1.0,1.0,1.0
2020-05-29 15:36:58,-0.0079999999999991,9.192,9.182,-0.0159999999999982,9.196,69.12499999999999,3.7875,1.0,0.0,1.0,1.0,0.0,1.0,1.0,1.0
2020-05-29 15:37:07,-0.0079999999999991,9.178,9.168,-0.0180000000000006,9.18,68.85,3.77,1.0,0.0,1.0,1.0,0.0,1.0,1.0,1.0
2020-05-29 15:37:17,-0.009999999999998,9.168,9.154,-0.0180000000000006,9.168,68.5,3.785,1.0,0.0,1.0,1.0,0.0,1.0,1.0,1.0
2020-05-29 15:37:27,-0.0060000000000002,9.154,9.144,-0.0180000000000006,9.158,68.35,3.7675,1.0,0.0,1.0,1.0,0.0,1.0,1.0,1.0
2020-05-29 15:37:37,-0.0079999999999991,9.142,9.132,-0.0139999999999993,9.144,68.10000000000001,3.695,1.0,0.0,1.0,1.0,0.0,1.0,1.0,1.0
2020-05-29 15:37:47,-0.0079999999999991,9.128,9.116,-0.0180000000000006,9.13,68.15,3.66,1.0,0.0,1.0,1.0,0.0,1.0,1.0,1.0
2020-05-29 15:37:57,-0.0079999999999991,9.116,9.104,-0.0159999999999982,9.118,68.0,3.6975,1.0,0.0,1.0,1.0,0.0,1.0,1.0,1.0
2020-05-29 15:38:07,-0.0079999999999991,9.104,9.092,-0.0159999999999982,9.106,68.025,3.754999999999999,1.0,0.0,1.0,1.0,0.0,1.0,1.0,1.0
2020-05-29 15:38:17,-0.0079999999999991,9.092,9.08,-0.0159999999999982,9.092,68.025,3.7675,1.0,0.0,1.0,1.0,0.0,1.0,1.0,1.0
2020-05-29 15:38:27,-0.0079999999999991,9.078,9.068,-0.0159999999999982,9.08,67.95,3.727500000000001,1.0,0.0,1.0,1.0,0.0,1.0,1.0,1.0
2020-05-29 15:38:37,-0.0079999999999991,9.066,9.056,-0.0159999999999982,9.068,67.85000000000001,3.68,1.0,0.0,1.0,1.0,0.0,1.0,1.0,1.0
2020-05-29 15:38:47,-0.009999999999998,9.052,9.04,-0.0180000000000006,9.054,67.97500000000001,3.6750000000000007,1.0,0.0,1.0,1.0,0.0,1.0,1.0,1.0
2020-05-29 15:38:57,-0.009999999999998,9.036,9.026,-0.0180000000000006,9.04,68.15,3.655000000000001,1.0,0.0,1.0,1.0,0.0,1.0,1.0,1.0
2020-05-29 15:39:06,-0.009999999999998,9.02,9.01,-0.0180000000000006,9.022,68.22500000000001,3.6525,1.0,0.0,1.0,1.0,0.0,1.0,1.0,1.0
2020-05-29 15:39:16,-0.0079999999999991,9.008,8.996,-0.0159999999999982,9.01,68.22500000000001,3.6999999999999993,1.0,0.0,1.0,1.0,0.0,1.0,1.0,1.0
2020-05-29 15:39:26,-0.0079999999999991,8.998,8.984,-0.0159999999999982,8.998,68.22500000000001,3.7250000000000014,1.0,0.0,1.0,1.0,0.0,1.0,1.0,1.0
2020-05-29 15:39:36,-0.009999999999998,8.982,8.972,-0.0180000000000006,8.986,68.37500000000001,3.7624999999999993,1.0,0.0,1.0,1.0,0.0,1.0,1.0,1.0
2020-05-29 15:39:46,-0.0079999999999991,8.972,8.96,-0.0159999999999982,8.976,68.30000000000001,3.7325,1.0,0.0,1.0,1.0,0.0,1.0,1.0,1.0
2020-05-29 15:39:56,-0.009999999999998,8.958,8.948,-0.0180000000000006,8.96,68.25000000000001,3.68,1.0,0.0,1.0,1.0,0.0,1.0,1.0,1.0
2020-05-29 15:40:06,-0.0079999999999991,8.946,8.936,-0.0159999999999982,8.948,68.35,3.695,1.0,0.0,1.0,1.0,0.0,1.0,1.0,1.0
2020-05-29 15:40:16,-0.009999999999998,8.934,8.924,-0.0159999999999982,8.936,68.425,3.69,1.0,0.0,1.0,1.0,0.0,1.0,1.0,1.0
2020-05-29 15:40:26,-0.009999999999998,8.92,8.91,-0.0159999999999982,8.924,68.425,3.6999999999999993,1.0,0.0,1.0,1.0,0.0,1.0,1.0,1.0
2020-05-29 15:40:36,-0.009999999999998,8.91,8.898,-0.0159999999999982,8.912,68.35,3.7325,1.0,0.0,1.0,1.0,0.0,1.0,1.0,1.0
2020-05-29 15:40:46,-0.009999999999998,8.898,8.886,-0.0159999999999982,8.9,68.22500000000001,0.0424999999999995,1.0,0.0,1.0,1.0,0.0,1.0,1.0,1.0
2020-05-29 15:40:55,-0.0120000000000004,8.882,8.872,-0.0180000000000006,8.886,68.25000000000001,0.0424999999999995,1.0,0.0,1.0,1.0,0.0,1.0,1.0,1.0
2020-05-29 15:41:05,-0.009999999999998,8.87,8.86,-0.0180000000000006,8.874,68.22500000000001,0.04,1.0,0.0,1.0,1.0,0.0,1.0,1.0,1.0
2020-05-29 15:41:15,-0.0079999999999991,8.858,8.85,-0.0159999999999982,8.862,68.10000000000001,0.04,1.0,0.0,1.0,1.0,0.0,1.0,1.0,1.0
2020-05-29 15:41:25,-0.009999999999998,8.846,8.834,-0.0159999999999982,8.848,67.8,0.0375000000000005,1.0,0.0,1.0,1.0,0.0,1.0,1.0,1.0
2020-05-29 15:41:35,-0.009999999999998,8.832,8.82,-0.0159999999999982,8.834,67.55,0.04,1.0,0.0,1.0,1.0,0.0,1.0,1.0,1.0
2020-05-29 15:41:45,-0.0079999999999991,8.82,8.808,-0.0159999999999982,8.822,67.25000000000001,0.0375000000000005,1.0,0.0,1.0,1.0,0.0,1.0,1.0,1.0
2020-05-29 15:41:55,-0.009999999999998,8.806,8.794,-0.0159999999999982,8.808,67.12499999999999,0.0375000000000005,1.0,0.0,1.0,1.0,0.0,1.0,1.0,1.0
2020-05-29 15:42:05,-0.009999999999998,8.79,8.78,-0.0159999999999982,8.794,66.75,0.04,1.0,0.0,1.0,1.0,0.0,1.0,1.0,1.0
2020-05-29 15:42:15,-0.009999999999998,8.78,8.766,-0.0159999999999982,8.782,66.52499999999999,0.04,1.0,0.0,1.0,1.0,0.0,1.0,1.0,1.0
2020-05-29 15:42:25,-0.009999999999998,8.764,8.752,-0.0159999999999982,8.768,66.32499999999999,0.0375000000000005,1.0,0.0,1.0,1.0,0.0,1.0,1.0,1.0
2020-05-29 15:42:35,-0.009999999999998,8.754,8.74,-0.0180000000000006,8.756,66.12499999999999,0.04,1.0,0.0,1.0,1.0,0.0,1.0,1.0,1.0
2020-05-29 15:42:44,-0.0079999999999991,8.742,8.728,-0.0139999999999993,8.744,66.05000000000001,0.0375000000000005,1.0,0.0,1.0,1.0,0.0,1.0,1.0,1.0
2020-05-29 15:42:54,-0.009999999999998,8.724,8.714,-0.0180000000000006,8.728,66.10000000000001,0.0375000000000005,1.0,0.0,1.0,1.0,0.0,1.0,1.0,1.0
2020-05-29 15:43:04,-0.009999999999998,8.712,8.7,-0.0180000000000006,8.716,66.05000000000001,0.04,1.0,0.0,1.0,1.0,0.0,1.0,1.0,1.0
2020-05-29 15:43:14,-0.0079999999999991,8.696,8.688,-0.0180000000000006,8.7,65.95,0.0375000000000005,1.0,0.0,1.0,1.0,0.0,1.0,1.0,1.0
2020-05-29 15:43:24,-0.009999999999998,8.684,8.672,-0.0159999999999982,8.686,66.05000000000001,0.04,1.0,0.0,1.0,1.0,0.0,1.0,1.0,1.0
2020-05-29 15:43:34,-0.009999999999998,8.67,8.658,-0.0159999999999982,8.672,66.025,0.04,1.0,0.0,1.0,1.0,0.0,1.0,1.0,1.0
2020-05-29 15:43:44,-0.009999999999998,8.656,8.646,-0.0159999999999982,8.658,66.12499999999999,0.0375000000000005,1.0,0.0,1.0,1.0,0.0,1.0,1.0,1.0
2020-05-29 15:43:54,-0.009999999999998,8.642,8.63,-0.0159999999999982,8.644,66.025,0.04,1.0,0.0,1.0,1.0,0.0,1.0,1.0,1.0
2020-05-29 15:44:04,-0.009999999999998,8.628,8.616,-0.0180000000000006,8.628,65.97500000000001,0.0375000000000005,1.0,0.0,1.0,1.0,0.0,1.0,1.0,1.0
2020-05-29 15:44:14,-0.009999999999998,8.614,8.602,-0.0180000000000006,8.618,65.85000000000001,0.0375000000000005,1.0,0.0,1.0,1.0,0.0,1.0,1.0,1.0
2020-05-29 15:44:24,-0.009999999999998,8.602,8.59,-0.0159999999999982,8.606,65.775,0.0375000000000005,1.0,0.0,1.0,1.0,0.0,1.0,1.0,1.0
2020-05-29 15:44:33,-0.009999999999998,8.586,8.576,-0.0180000000000006,8.59,65.85000000000001,0.0375000000000005,1.0,0.0,1.0,1.0,0.0,1.0,1.0,1.0
2020-05-29 15:44:43,-0.009999999999998,8.576,8.562,-0.0180000000000006,8.576,65.92499999999998,0.04,1.0,0.0,1.0,1.0,0.0,1.0,1.0,1.0
2020-05-29 15:44:53,-0.009999999999998,8.56,8.548,-0.0159999999999982,8.562,65.97500000000001,0.0375000000000005,1.0,0.0,1.0,1.0,0.0,1.0,1.0,1.0
2020-05-29 15:45:03,-0.0120000000000004,8.546,8.534,-0.0180000000000006,8.548,65.75,0.04,1.0,0.0,1.0,1.0,0.0,1.0,1.0,1.0
2020-05-29 15:45:13,-0.009999999999998,8.534,8.522,-0.0180000000000006,8.536,65.75,0.0375000000000005,1.0,0.0,1.0,1.0,0.0,1.0,1.0,1.0
2020-05-29 15:45:23,-0.0120000000000004,8.518,8.506,-0.0180000000000006,8.52,65.55,0.0375000000000005,1.0,0.0,1.0,1.0,0.0,1.0,1.0,1.0
2020-05-29 15:45:33,-0.0060000000000002,8.508,8.496,-0.0120000000000004,8.51,65.45,0.0349999999999992,1.0,0.0,1.0,1.0,0.0,1.0,1.0,1.0
2020-05-29 15:45:43,-0.009999999999998,8.492,8.48,-0.0159999999999982,8.496,65.375,0.0375000000000005,1.0,0.0,1.0,1.0,0.0,1.0,1.0,1.0
2020-05-29 15:45:53,-0.009999999999998,8.478,8.464,-0.0180000000000006,8.48,65.32500000000002,0.0375000000000005,1.0,0.0,1.0,1.0,0.0,1.0,1.0,1.0
2020-05-29 15:46:03,-0.009999999999998,8.464,8.452,-0.0159999999999982,8.466,65.27499999999999,0.0375000000000005,1.0,0.0,1.0,1.0,0.0,1.0,1.0,1.0
2020-05-29 15:46:13,-0.009999999999998,8.448,8.438,-0.0180000000000006,8.45,65.19999999999999,0.0375000000000005,1.0,0.0,1.0,1.0,0.0,1.0,1.0,1.0
2020-05-29 15:46:22,-0.0120000000000004,8.434,8.422,-0.0180000000000006,8.436,65.12500000000001,0.0375000000000005,1.0,0.0,1.0,1.0,0.0,1.0,1.0,1.0
2020-05-29 15:46:32,-0.009999999999998,8.42,8.408,-0.0159999999999982,8.422,65.05000000000001,0.0375000000000005,1.0,0.0,1.0,1.0,0.0,1.0,1.0,1.0
2020-05-29 15:46:42,-0.009999999999998,8.408,8.396,-0.0159999999999982,8.41,64.95,0.0375000000000005,1.0,0.0,1.0,1.0,0.0,1.0,1.0,1.0
2020-05-29 15:46:52,-0.0120000000000004,8.392,8.38,-0.0159999999999982,8.396,64.75,0.0375000000000005,1.0,0.0,1.0,1.0,0.0,1.0,1.0,1.0
2020-05-29 15:47:02,-0.0120000000000004,8.378,8.366,-0.0180000000000006,8.38,64.75,0.0375000000000005,1.0,0.0,1.0,1.0,0.0,1.0,1.0,1.0
2020-05-29 15:47:12,-0.0120000000000004,8.364,8.352,-0.0159999999999982,8.368,64.675,0.0375000000000005,1.0,0.0,1.0,1.0,0.0,1.0,1.0,1.0
2020-05-29 15:47:22,-0.009999999999998,8.35,8.34,-0.0180000000000006,8.35,64.475,0.0375000000000005,1.0,0.0,1.0,1.0,0.0,1.0,1.0,1.0
2020-05-29 15:47:32,-0.009999999999998,8.332,8.322,-0.0180000000000006,8.334,64.17500000000001,0.0375000000000005,1.0,0.0,1.0,1.0,0.0,1.0,1.0,1.0
2020-05-29 15:47:42,-0.009999999999998,8.32,8.308,-0.0159999999999982,8.32,63.94999999999999,0.0375000000000005,1.0,0.0,1.0,1.0,0.0,1.0,1.0,1.0
2020-05-29 15:47:52,-0.009999999999998,8.306,8.296,-0.0180000000000006,8.306,63.875,0.04,1.0,0.0,1.0,1.0,0.0,1.0,1.0,1.0
2020-05-29 15:48:02,-0.0120000000000004,8.292,8.282,-0.0159999999999982,8.294,63.875,0.04,1.0,0.0,1.0,1.0,0.0,1.0,1.0,1.0
2020-05-29 15:48:12,-0.009999999999998,8.28,8.266,-0.0180000000000006,8.28,63.825,0.0375000000000005,1.0,0.0,1.0,1.0,0.0,1.0,1.0,1.0
2020-05-29 15:48:21,-0.0120000000000004,8.238,8.226,-0.0180000000000006,8.242,63.79999999999998,0.0375000000000005,1.0,0.0,1.0,1.0,0.0,1.0,1.0,1.0
2020-05-29 15:48:31,-0.009999999999998,8.228,8.216,-0.0199999999999995,8.23,63.775000000000006,0.0375000000000005,1.0,0.0,1.0,1.0,0.0,1.0,1.0,1.0
2020-05-29 15:48:41,-0.009999999999998,8.214,8.198,-0.0159999999999982,8.214,63.85000000000001,0.0375000000000005,1.0,0.0,1.0,1.0,0.0,1.0,1.0,1.0
2020-05-29 15:48:51,-0.009999999999998,8.2,8.188,-0.0159999999999982,8.202,63.75,0.0375000000000005,1.0,0.0,1.0,1.0,0.0,1.0,1.0,1.0
2020-05-29 15:49:01,-0.009999999999998,8.186,8.172,-0.0180000000000006,8.186,63.75,0.0375000000000005,1.0,0.0,1.0,1.0,0.0,1.0,1.0,1.0
2020-05-29 15:49:11,-0.009999999999998,8.164,8.152,-0.0159999999999982,8.164,63.675,0.04,1.0,0.0,1.0,1.0,0.0,1.0,1.0,1.0
2020-05-29 15:49:21,-0.009999999999998,8.15,8.138,-0.0180000000000006,8.152,63.55,0.04,1.0,0.0,1.0,1.0,0.0,1.0,1.0,1.0
2020-05-29 15:49:31,-0.009999999999998,8.138,8.126,-0.0159999999999982,8.14,63.425,0.0375000000000005,1.0,0.0,1.0,1.0,0.0,1.0,1.0,1.0
2020-05-29 15:49:41,-0.009999999999998,8.126,8.116,-0.0159999999999982,8.13,63.425,0.0375000000000005,1.0,0.0,1.0,1.0,0.0,1.0,1.0,1.0
2020-05-29 15:49:51,-0.0120000000000004,8.112,8.102,-0.0180000000000006,8.118,63.375,0.0375000000000005,1.0,0.0,1.0,1.0,0.0,1.0,1.0,1.0
2020-05-29 15:50:01,-0.009999999999998,8.102,8.09,-0.0180000000000006,8.104,63.3,0.04,1.0,0.0,1.0,1.0,0.0,1.0,1.0,1.0
2020-05-29 15:50:11,-0.0120000000000004,8.088,8.078,-0.0180000000000006,8.092,63.35,0.0375000000000005,1.0,0.0,1.0,1.0,0.0,1.0,1.0,1.0
2020-05-29 15:50:20,3.494,8.076,-0.0259999999999998,-0.0180000000000006,8.082,63.19999999999999,4.675000000000001,0.0,1.0,1.0,0.0,0.0,1.0,1.0,1.0
2020-05-29 15:50:30,8.57,8.116,-0.0199999999999995,-0.0180000000000006,8.118,63.07499999999999,5.642499999999998,0.0,1.0,1.0,0.0,0.0,1.0,1.0,1.0
2020-05-29 15:50:40,8.758,8.306,-0.0199999999999995,-0.0180000000000006,8.306,63.14999999999999,5.694999999999999,0.0,1.0,1.0,0.0,0.0,1.0,1.0,1.0
2020-05-29 15:50:50,8.966,8.536,-0.0180000000000006,-0.0199999999999995,8.534,63.875,5.785,0.0,1.0,1.0,0.0,0.0,1.0,1.0,1.0
2020-05-29 15:51:00,8.946,8.636,-0.0139999999999993,-0.0180000000000006,8.636,64.55,5.860000000000001,0.0,1.0,0.0,0.0,0.0,1.0,1.0,1.0
2020-05-29 15:51:10,9.252,8.838,-0.0120000000000004,-0.0180000000000006,8.836,65.25000000000001,5.9375,0.0,1.0,0.0,0.0,0.0,1.0,1.0,1.0
2020-05-29 15:51:20,9.42,9.014,-0.0079999999999991,-0.0159999999999982,9.012,65.95,5.8775,0.0,1.0,0.0,0.0,0.0,1.0,1.0,1.0
2020-05-29 15:51:30,9.602,9.216,-0.0079999999999991,-0.0180000000000006,9.212,66.725,5.8725000000000005,0.0,1.0,0.0,0.0,0.0,1.0,1.0,1.0
2020-05-29 15:51:40,9.764,9.39,-0.0079999999999991,-0.0180000000000006,9.386,67.55,5.945,0.0,1.0,0.0,0.0,0.0,1.0,1.0,1.0
2020-05-29 15:51:50,9.926,9.556,-0.0079999999999991,-0.0180000000000006,9.554,68.575,6.0625,0.0,1.0,0.0,0.0,0.0,1.0,1.0,1.0
2020-05-29 15:52:00,9.826,9.576,-0.0079999999999991,-0.0180000000000006,9.576,69.55,6.0825,0.0,1.0,1.0,0.0,0.0,1.0,1.0,1.0
2020-05-29 15:52:10,10.13,9.748,-0.0079999999999991,-0.0180000000000006,9.746,70.7,6.085000000000001,0.0,1.0,1.0,0.0,0.0,1.0,1.0,1.0
2020-05-29 15:52:19,10.288,9.916,-0.0079999999999991,-0.0180000000000006,9.914,71.50000000000001,6.094999999999999,0.0,1.0,1.0,0.0,0.0,1.0,1.0,1.0
2020-05-29 15:52:29,10.444,10.082,-0.0079999999999991,-0.0180000000000006,10.076,71.95,6.0975,0.0,1.0,1.0,0.0,0.0,1.0,1.0,1.0
2020-05-29 15:52:39,-0.0199999999999995,10.138,10.142,-0.0159999999999982,10.136,72.37499999999999,3.795,1.0,0.0,1.0,1.0,0.0,1.0,1.0,1.0
2020-05-29 15:52:49,-0.0219999999999984,10.088,10.088,-0.0159999999999982,10.086,72.57499999999999,3.735000000000001,1.0,0.0,1.0,1.0,0.0,1.0,1.0,1.0
2020-05-29 15:52:59,-0.0219999999999984,10.048,10.044,-0.0180000000000006,10.046,72.52499999999999,3.727500000000001,1.0,0.0,1.0,1.0,0.0,1.0,1.0,1.0
2020-05-29 15:53:09,-0.0159999999999982,10.008,10.004,-0.0180000000000006,10.008,72.6,3.715,1.0,0.0,1.0,1.0,0.0,1.0,1.0,1.0
2020-05-29 15:53:19,-0.0159999999999982,9.978,9.97,-0.0180000000000006,9.976,72.7,3.727500000000001,1.0,0.0,1.0,1.0,0.0,1.0,1.0,1.0
2020-05-29 15:53:29,-0.0139999999999993,9.944,9.934,-0.0180000000000006,9.942,72.95,3.73,1.0,0.0,1.0,1.0,0.0,1.0,1.0,1.0
2020-05-29 15:53:39,-0.0139999999999993,9.92,9.91,-0.0180000000000006,9.92,73.0,3.7325,1.0,0.0,1.0,1.0,0.0,1.0,1.0,1.0
2020-05-29 15:53:49,-0.0120000000000004,9.894,9.886,-0.0180000000000006,9.894,72.95,3.7525,1.0,0.0,1.0,1.0,0.0,1.0,1.0,1.0
2020-05-29 15:53:59,-0.0120000000000004,9.846,9.836,-0.0180000000000006,9.846,72.825,3.7525,1.0,0.0,1.0,1.0,0.0,1.0,1.0,1.0
2020-05-29 15:54:09,-0.0120000000000004,9.78,9.77,-0.0159999999999982,9.78,72.825,3.6975,1.0,0.0,1.0,1.0,0.0,1.0,1.0,1.0
2020-05-29 15:54:19,-0.0120000000000004,9.76,9.748,-0.0180000000000006,9.758,72.44999999999999,3.65,1.0,0.0,1.0,1.0,0.0,1.0,1.0,1.0
2020-05-29 15:54:28,-0.009999999999998,9.744,9.732,-0.0180000000000006,9.742,72.2,3.7075,1.0,0.0,1.0,1.0,0.0,1.0,1.0,1.0
2020-05-29 15:54:38,-0.009999999999998,9.726,9.716,-0.0180000000000006,9.726,71.85,3.7775,1.0,0.0,1.0,1.0,0.0,1.0,1.0,1.0
2020-05-29 15:54:48,-0.009999999999998,9.706,9.698,-0.0180000000000006,9.706,71.52499999999999,3.75,1.0,0.0,1.0,1.0,0.0,1.0,1.0,1.0
2020-05-29 15:54:58,-0.009999999999998,9.692,9.68,-0.0180000000000006,9.69,71.30000000000001,3.6625,1.0,0.0,1.0,1.0,0.0,1.0,1.0,1.0
2020-05-29 15:55:08,-0.009999999999998,9.676,9.664,-0.0180000000000006,9.672,70.925,3.6750000000000007,1.0,0.0,1.0,1.0,0.0,1.0,1.0,1.0
2020-05-29 15:55:18,-0.009999999999998,9.658,9.648,-0.0180000000000006,9.656,70.625,3.695,1.0,0.0,1.0,1.0,0.0,1.0,1.0,1.0
2020-05-29 15:55:28,-0.009999999999998,9.64,9.63,-0.0180000000000006,9.638,70.15,3.717500000000001,1.0,0.0,1.0,1.0,0.0,1.0,1.0,1.0
2020-05-29 15:55:38,-0.009999999999998,9.624,9.612,-0.0199999999999995,9.622,69.825,3.754999999999999,1.0,0.0,1.0,1.0,0.0,1.0,1.0,1.0
2020-05-29 15:55:48,-0.0079999999999991,9.606,9.596,-0.0180000000000006,9.606,69.55,3.73,1.0,0.0,1.0,1.0,0.0,1.0,1.0,1.0
2020-05-29 15:55:58,-0.009999999999998,9.584,9.572,-0.0180000000000006,9.582,69.15,3.695,1.0,0.0,1.0,1.0,0.0,1.0,1.0,1.0
2020-05-29 15:56:08,-0.0120000000000004,9.568,9.556,-0.0180000000000006,9.568,68.9,3.6725,1.0,0.0,1.0,1.0,0.0,1.0,1.0,1.0
2020-05-29 15:56:18,-0.009999999999998,9.554,9.542,-0.0180000000000006,9.554,68.7,3.7225,1.0,0.0,1.0,1.0,0.0,1.0,1.0,1.0
2020-05-29 15:56:27,-0.009999999999998,9.538,9.526,-0.0180000000000006,9.536,68.575,3.78,1.0,0.0,1.0,1.0,0.0,1.0,1.0,1.0
2020-05-29 15:56:37,-0.009999999999998,9.52,9.508,-0.0180000000000006,9.522,68.5,3.772499999999999,1.0,0.0,1.0,1.0,0.0,1.0,1.0,1.0
2020-05-29 15:56:47,-0.009999999999998,9.51,9.496,-0.0180000000000006,9.51,68.52499999999999,3.6999999999999993,1.0,0.0,1.0,1.0,0.0,1.0,1.0,1.0
2020-05-29 15:56:57,-0.009999999999998,9.492,9.478,-0.0199999999999995,9.492,68.55,3.6775,1.0,0.0,1.0,1.0,0.0,1.0,1.0,1.0
2020-05-29 15:57:07,-0.0079999999999991,9.48,9.468,-0.0180000000000006,9.48,68.7,3.6975,1.0,0.0,1.0,1.0,0.0,1.0,1.0,1.0
2020-05-29 15:57:17,-0.009999999999998,9.466,9.452,-0.0159999999999982,9.466,68.75,3.7575,1.0,0.0,1.0,1.0,0.0,1.0,1.0,1.0
2020-05-29 15:57:27,-0.009999999999998,9.446,9.432,-0.0180000000000006,9.446,68.725,3.7425,1.0,0.0,1.0,1.0,0.0,1.0,1.0,1.0
2020-05-29 15:57:37,-0.0079999999999991,9.432,9.418,-0.0159999999999982,9.43,68.825,3.7200000000000006,1.0,0.0,1.0,1.0,0.0,1.0,1.0,1.0
2020-05-29 15:57:47,-0.0079999999999991,9.414,9.402,-0.0159999999999982,9.416,68.775,3.6775,1.0,0.0,1.0,1.0,0.0,1.0,1.0,1.0
2020-05-29 15:57:57,-0.009999999999998,9.396,9.384,-0.0199999999999995,9.396,68.85,3.640000000000001,1.0,0.0,1.0,1.0,0.0,1.0,1.0,1.0
2020-05-29 15:58:07,-0.009999999999998,9.38,9.37,-0.0180000000000006,9.382,68.725,3.6625,1.0,0.0,1.0,1.0,0.0,1.0,1.0,1.0
2020-05-29 15:58:16,-0.009999999999998,9.368,9.356,-0.0180000000000006,9.37,69.0,3.6675,1.0,0.0,1.0,1.0,0.0,1.0,1.0,1.0
2020-05-29 15:58:26,-0.0079999999999991,9.354,9.342,-0.0159999999999982,9.356,68.95,3.695,1.0,0.0,1.0,1.0,0.0,1.0,1.0,1.0
2020-05-29 15:58:36,-0.0120000000000004,9.34,9.328,-0.0180000000000006,9.34,69.10000000000001,3.6775,1.0,0.0,1.0,1.0,0.0,1.0,1.0,1.0
2020-05-29 15:58:46,-0.009999999999998,9.326,9.314,-0.0180000000000006,9.326,69.12499999999999,3.75,1.0,0.0,1.0,1.0,0.0,1.0,1.0,1.0
2020-05-29 15:58:56,-0.0079999999999991,9.312,9.3,-0.0199999999999995,9.312,69.15,3.7225,1.0,0.0,1.0,1.0,0.0,1.0,1.0,1.0
2020-05-29 15:59:06,-0.009999999999998,9.296,9.284,-0.0180000000000006,9.296,69.30000000000001,3.6775,1.0,0.0,1.0,1.0,0.0,1.0,1.0,1.0
2020-05-29 15:59:16,-0.009999999999998,9.28,9.268,-0.0180000000000006,9.282,69.19999999999999,3.6625,1.0,0.0,1.0,1.0,0.0,1.0,1.0,1.0
2020-05-29 15:59:26,-0.009999999999998,9.266,9.256,-0.0180000000000006,9.268,69.22500000000001,3.695,1.0,0.0,1.0,1.0,0.0,1.0,1.0,1.0
2020-05-29 15:59:36,-0.009999999999998,9.252,9.242,-0.0180000000000006,9.254,69.10000000000001,0.0424999999999995,1.0,0.0,1.0,1.0,0.0,1.0,1.0,1.0
2020-05-29 15:59:46,-0.009999999999998,9.238,9.226,-0.0180000000000006,9.24,69.15,0.0424999999999995,1.0,0.0,1.0,1.0,0.0,1.0,1.0,1.0
2020-05-29 15:59:56,-0.009999999999998,9.224,9.212,-0.0159999999999982,9.226,68.97500000000001,0.0424999999999995,1.0,0.0,1.0,1.0,0.0,1.0,1.0,1.0
2020-05-29 16:00:05,-0.009999999999998,9.21,9.198,-0.0180000000000006,9.212,68.725,0.0375000000000005,1.0,0.0,1.0,1.0,0.0,1.0,1.0,1.0
2020-05-29 16:00:15,-0.009999999999998,9.196,9.184,-0.0180000000000006,9.196,68.55,0.04,1.0,0.0,1.0,1.0,0.0,1.0,1.0,1.0
2020-05-29 16:00:25,-0.0079999999999991,9.18,9.168,-0.0180000000000006,9.18,68.22500000000001,0.0375000000000005,1.0,0.0,1.0,1.0,0.0,1.0,1.0,1.0
2020-05-29 16:00:35,-0.0079999999999991,9.168,9.154,-0.0180000000000006,9.17,68.0,0.04,1.0,0.0,1.0,1.0,0.0,1.0,1.0,1.0
2020-05-29 16:00:45,-0.009999999999998,9.144,9.132,-0.0180000000000006,9.146,67.52499999999999,0.04,1.0,0.0,1.0,1.0,0.0,1.0,1.0,1.0
2020-05-29 16:00:55,-0.009999999999998,9.132,9.118,-0.0159999999999982,9.132,67.35,0.0375000000000005,1.0,0.0,1.0,1.0,0.0,1.0,1.0,1.0
2020-05-29 16:01:05,-0.009999999999998,9.116,9.104,-0.0180000000000006,9.118,67.15,0.04,1.0,0.0,1.0,1.0,0.0,1.0,1.0,1.0
2020-05-29 16:01:15,-0.0079999999999991,9.104,9.094,-0.0139999999999993,9.104,66.825,0.0349999999999992,1.0,0.0,1.0,1.0,0.0,1.0,1.0,1.0
2020-05-29 16:01:25,-0.0079999999999991,9.086,9.074,-0.0159999999999982,9.088,66.625,0.0375000000000005,1.0,0.0,1.0,1.0,0.0,1.0,1.0,1.0
2020-05-29 16:01:35,-0.009999999999998,9.07,9.056,-0.0180000000000006,9.07,66.55,0.04,1.0,0.0,1.0,1.0,0.0,1.0,1.0,1.0
2020-05-29 16:01:45,-0.009999999999998,9.058,9.046,-0.0159999999999982,9.058,66.32499999999999,0.0375000000000005,1.0,0.0,1.0,1.0,0.0,1.0,1.0,1.0
2020-05-29 16:01:54,-0.009999999999998,9.044,9.032,-0.0180000000000006,9.046,66.225,0.04,1.0,0.0,1.0,1.0,0.0,1.0,1.0,1.0
2020-05-29 16:02:04,-0.009999999999998,9.03,9.018,-0.0159999999999982,9.03,66.07499999999999,0.0375000000000005,1.0,0.0,1.0,1.0,0.0,1.0,1.0,1.0
2020-05-29 16:02:14,-0.0079999999999991,9.02,9.008,-0.0159999999999982,9.02,66.10000000000001,0.04,1.0,0.0,1.0,1.0,0.0,1.0,1.0,1.0
2020-05-29 16:02:24,-0.009999999999998,9.004,8.992,-0.0159999999999982,9.006,65.875,0.04,1.0,0.0,1.0,1.0,0.0,1.0,1.0,1.0
2020-05-29 16:02:34,-0.0079999999999991,8.99,8.98,-0.0159999999999982,8.996,65.825,0.04,1.0,0.0,1.0,1.0,0.0,1.0,1.0,1.0
2020-05-29 16:02:44,-0.009999999999998,8.978,8.964,-0.0159999999999982,8.98,65.8,0.0375000000000005,1.0,0.0,1.0,1.0,0.0,1.0,1.0,1.0
2020-05-29 16:02:54,-0.0079999999999991,8.964,8.952,-0.0159999999999982,8.966,65.65,0.04,1.0,0.0,1.0,1.0,0.0,1.0,1.0,1.0
2020-05-29 16:03:04,-0.009999999999998,8.95,8.938,-0.0180000000000006,8.95,65.55,0.04,1.0,0.0,1.0,1.0,0.0,1.0,1.0,1.0
2020-05-29 16:03:14,-0.009999999999998,8.934,8.922,-0.0180000000000006,8.936,65.425,0.04,1.0,0.0,1.0,1.0,0.0,1.0,1.0,1.0
2020-05-29 16:03:24,-0.0120000000000004,8.92,8.908,-0.0199999999999995,8.922,65.35,0.0375000000000005,1.0,0.0,1.0,1.0,0.0,1.0,1.0,1.0
2020-05-29 16:03:34,-0.009999999999998,8.908,8.894,-0.0180000000000006,8.908,65.25000000000001,0.04,1.0,0.0,1.0,1.0,0.0,1.0,1.0,1.0
2020-05-29 16:03:43,-0.009999999999998,8.896,8.884,-0.0159999999999982,8.896,65.32500000000002,0.04,1.0,0.0,1.0,1.0,0.0,1.0,1.0,1.0
2020-05-29 16:03:53,-0.009999999999998,8.882,8.87,-0.0180000000000006,8.882,65.12500000000001,0.04,1.0,0.0,1.0,1.0,0.0,1.0,1.0,1.0
2020-05-29 16:04:03,-0.0120000000000004,8.868,8.856,-0.0180000000000006,8.87,65.025,0.04,1.0,0.0,1.0,1.0,0.0,1.0,1.0,1.0
2020-05-29 16:04:13,-0.009999999999998,8.854,8.842,-0.0180000000000006,8.856,64.95,0.0375000000000005,1.0,0.0,1.0,1.0,0.0,1.0,1.0,1.0
2020-05-29 16:04:23,-0.009999999999998,8.84,8.83,-0.0159999999999982,8.842,64.75,0.0375000000000005,1.0,0.0,1.0,1.0,0.0,1.0,1.0,1.0
2020-05-29 16:04:33,-0.009999999999998,8.828,8.816,-0.0180000000000006,8.828,64.72500000000001,0.04,1.0,0.0,1.0,1.0,0.0,1.0,1.0,1.0
2020-05-29 16:04:43,-0.009999999999998,8.814,8.802,-0.0180000000000006,8.816,64.65,0.04,1.0,0.0,1.0,1.0,0.0,1.0,1.0,1.0
2020-05-29 16:04:53,-0.009999999999998,8.8,8.788,-0.0159999999999982,8.802,64.525,0.04,1.0,0.0,1.0,1.0,0.0,1.0,1.0,1.0
2020-05-29 16:05:03,-0.009999999999998,8.786,8.774,-0.0180000000000006,8.788,64.45,0.0424999999999995,1.0,0.0,1.0,1.0,0.0,1.0,1.0,1.0
2020-05-29 16:05:13,-0.009999999999998,8.772,8.762,-0.0159999999999982,8.776,64.32500000000002,0.0375000000000005,1.0,0.0,1.0,1.0,0.0,1.0,1.0,1.0
2020-05-29 16:05:23,-0.009999999999998,8.758,8.748,-0.0180000000000006,8.76,64.25,0.04,1.0,0.0,1.0,1.0,0.0,1.0,1.0,1.0
2020-05-29 16:05:32,-0.009999999999998,8.746,8.734,-0.0180000000000006,8.746,64.14999999999999,0.04,1.0,0.0,1.0,1.0,0.0,1.0,1.0,1.0
2020-05-29 16:05:42,-0.009999999999998,8.73,8.72,-0.0180000000000006,8.734,64.05000000000001,0.04,1.0,0.0,1.0,1.0,0.0,1.0,1.0,1.0
2020-05-29 16:05:52,-0.009999999999998,8.72,8.708,-0.0159999999999982,8.722,63.97500000000001,0.04,1.0,0.0,1.0,1.0,0.0,1.0,1.0,1.0
2020-05-29 16:06:02,-0.009999999999998,8.706,8.694,-0.0159999999999982,8.708,63.875,0.0375000000000005,1.0,0.0,1.0,1.0,0.0,1.0,1.0,1.0
2020-05-29 16:06:12,-0.009999999999998,8.694,8.68,-0.0180000000000006,8.692,63.825,0.04,1.0,0.0,1.0,1.0,0.0,1.0,1.0,1.0
2020-05-29 16:06:22,-0.0120000000000004,8.68,8.668,-0.0159999999999982,8.682,63.650000000000006,0.0375000000000005,1.0,0.0,1.0,1.0,0.0,1.0,1.0,1.0
2020-05-29 16:06:32,-0.009999999999998,8.666,8.656,-0.0159999999999982,8.67,63.675,0.04,1.0,0.0,1.0,1.0,0.0,1.0,1.0,1.0
2020-05-29 16:06:42,-0.0120000000000004,8.652,8.642,-0.0180000000000006,8.656,63.55,0.0375000000000005,1.0,0.0,1.0,1.0,0.0,1.0,1.0,1.0
2020-05-29 16:06:52,-0.0120000000000004,8.64,8.628,-0.0180000000000006,8.642,63.55,0.04,1.0,0.0,1.0,1.0,0.0,1.0,1.0,1.0
2020-05-29 16:07:02,-0.0120000000000004,8.628,8.614,-0.0180000000000006,8.63,63.45,0.04,1.0,0.0,1.0,1.0,0.0,1.0,1.0,1.0
2020-05-29 16:07:12,-0.0120000000000004,8.614,8.602,-0.0180000000000006,8.616,63.25,0.04,1.0,0.0,1.0,1.0,0.0,1.0,1.0,1.0
2020-05-29 16:07:22,-0.0120000000000004,8.602,8.59,-0.0180000000000006,8.604,63.35,0.04,1.0,0.0,1.0,1.0,0.0,1.0,1.0,1.0
2020-05-29 16:07:32,-0.009999999999998,8.59,8.58,-0.0159999999999982,8.594,63.19999999999999,0.0375000000000005,1.0,0.0,1.0,1.0,0.0,1.0,1.0,1.0
2020-05-29 16:07:41,-0.009999999999998,8.578,8.566,-0.0180000000000006,8.58,63.25,0.04,1.0,0.0,1.0,1.0,0.0,1.0,1.0,1.0
2020-05-29 16:07:51,-0.0120000000000004,8.564,8.552,-0.0180000000000006,8.566,63.14999999999999,0.04,1.0,0.0,1.0,1.0,0.0,1.0,1.0,1.0
2020-05-29 16:08:01,-0.0120000000000004,8.552,8.542,-0.0159999999999982,8.556,63.14999999999999,0.04,1.0,0.0,1.0,1.0,0.0,1.0,1.0,1.0
2020-05-29 16:08:11,-0.0120000000000004,8.538,8.528,-0.0180000000000006,8.54,63.14999999999999,0.0375000000000005,1.0,0.0,1.0,1.0,0.0,1.0,1.0,1.0
2020-05-29 16:08:21,-0.0120000000000004,8.526,8.516,-0.0159999999999982,8.53,63.05000000000001,0.0375000000000005,1.0,0.0,1.0,1.0,0.0,1.0,1.0,1.0
2020-05-29 16:08:31,-0.0139999999999993,8.516,8.504,-0.0180000000000006,8.518,62.99999999999999,0.04,1.0,0.0,1.0,1.0,0.0,1.0,1.0,1.0
2020-05-29 16:08:41,-0.009999999999998,8.502,8.494,-0.0180000000000006,8.506,62.900000000000006,0.0375000000000005,1.0,0.0,1.0,1.0,0.0,1.0,1.0,1.0
2020-05-29 16:08:51,-0.0120000000000004,8.49,8.48,-0.0180000000000006,8.494,62.87499999999999,0.04,1.0,0.0,1.0,1.0,0.0,1.0,1.0,1.0
2020-05-29 16:09:01,-0.009999999999998,8.48,8.47,-0.0159999999999982,8.482,62.775000000000006,0.0375000000000005,1.0,0.0,1.0,1.0,0.0,1.0,1.0,1.0
2020-05-29 16:09:11,-0.0120000000000004,8.466,8.456,-0.0180000000000006,8.468,62.75,0.0375000000000005,1.0,0.0,1.0,1.0,0.0,1.0,1.0,1.0
2020-05-29 16:09:21,-0.0139999999999993,8.3,8.288,-0.0180000000000006,8.304,62.75,0.0375000000000005,1.0,0.0,1.0,1.0,0.0,1.0,1.0,1.0
2020-05-29 16:09:30,-0.0120000000000004,8.244,8.234,-0.0159999999999982,8.248,62.675,0.0375000000000005,1.0,0.0,1.0,1.0,0.0,1.0,1.0,1.0
2020-05-29 16:09:40,-0.0139999999999993,8.24,8.228,-0.0199999999999995,8.244,62.625,0.04,1.0,0.0,1.0,1.0,0.0,1.0,1.0,1.0
2020-05-29 16:09:50,-0.0120000000000004,8.234,8.224,-0.0180000000000006,8.238,62.475,0.04,1.0,0.0,1.0,1.0,0.0,1.0,1.0,1.0
2020-05-29 16:10:00,-0.0120000000000004,8.226,8.214,-0.0180000000000006,8.228,62.425,0.04,1.0,0.0,1.0,1.0,0.0,1.0,1.0,1.0
2020-05-29 16:10:10,-0.0120000000000004,8.22,8.208,-0.0180000000000006,8.222,62.25,0.0375000000000005,1.0,0.0,1.0,1.0,0.0,1.0,1.0,1.0
2020-05-29 16:10:20,-0.0120000000000004,8.21,8.198,-0.0180000000000006,8.212,62.35,0.04,1.0,0.0,1.0,1.0,0.0,1.0,1.0,1.0
2020-05-29 16:10:30,-0.0120000000000004,8.2,8.188,-0.0159999999999982,8.202,62.325,0.0375000000000005,1.0,0.0,1.0,1.0,0.0,1.0,1.0,1.0
2020-05-29 16:10:40,-0.0120000000000004,8.192,8.178,-0.0159999999999982,8.192,62.175,0.04,1.0,0.0,1.0,1.0,0.0,1.0,1.0,1.0
2020-05-29 16:10:50,-0.0120000000000004,8.18,8.168,-0.0180000000000006,8.182,62.20000000000002,0.04,1.0,0.0,1.0,1.0,0.0,1.0,1.0,1.0
2020-05-29 16:11:00,-0.0120000000000004,8.172,8.158,-0.0159999999999982,8.174,62.07499999999999,0.0375000000000005,1.0,0.0,1.0,1.0,0.0,1.0,1.0,1.0
2020-05-29 16:11:10,-0.0120000000000004,8.16,8.146,-0.0180000000000006,8.162,62.125000000000014,0.04,1.0,0.0,1.0,1.0,0.0,1.0,1.0,1.0
2020-05-29 16:11:19,-0.0120000000000004,8.148,8.138,-0.0159999999999982,8.15,62.07499999999999,0.04,1.0,0.0,1.0,1.0,0.0,1.0,1.0,1.0
2020-05-29 16:11:29,-0.009999999999998,8.136,8.126,-0.0159999999999982,8.14,62.02499999999999,0.04,1.0,0.0,1.0,1.0,0.0,1.0,1.0,1.0
2020-05-29 16:11:39,-0.0120000000000004,8.126,8.114,-0.0159999999999982,8.126,61.94999999999999,0.04,1.0,0.0,1.0,1.0,0.0,1.0,1.0,1.0
2020-05-29 16:11:49,-0.0120000000000004,8.114,8.104,-0.0180000000000006,8.118,61.97500000000001,0.0375000000000005,1.0,0.0,1.0,1.0,0.0,1.0,1.0,1.0
2020-05-29 16:11:59,-0.0120000000000004,8.104,8.092,-0.0159999999999982,8.106,61.85000000000001,0.0375000000000005,1.0,0.0,1.0,1.0,0.0,1.0,1.0,1.0
2020-05-29 16:12:09,-0.0139999999999993,8.092,8.08,-0.0180000000000006,8.094,61.87499999999999,0.04,1.0,0.0,1.0,1.0,0.0,1.0,1.0,1.0
2020-05-29 16:12:19,5.76,8.082,-0.0240000000000009,-0.0159999999999982,8.084,61.87499999999999,5.182500000000001,0.0,1.0,1.0,0.0,0.0,1.0,1.0,1.0
2020-05-29 16:12:29,5.99,8.2,-0.0219999999999984,-0.0159999999999982,8.198,61.75,5.3575,0.0,1.0,0.0,0.0,0.0,1.0,1.0,1.0
2020-05-29 16:12:39,8.762,8.314,-0.0180000000000006,-0.0159999999999982,8.31,62.175,5.7925,0.0,1.0,0.0,0.0,0.0,1.0,1.0,1.0
2020-05-29 16:12:49,8.994,8.558,-0.0159999999999982,-0.0180000000000006,8.556,62.775000000000006,5.805,0.0,1.0,0.0,0.0,0.0,1.0,1.0,1.0
2020-05-29 16:12:59,9.188,8.768,-0.0139999999999993,-0.0180000000000006,8.766,63.425,5.8675000000000015,0.0,1.0,0.0,0.0,0.0,1.0,1.0,1.0
2020-05-29 16:13:08,9.368,8.966,-0.0120000000000004,-0.0159999999999982,8.964,64.375,5.880000000000001,0.0,1.0,0.0,0.0,0.0,1.0,1.0,1.0
2020-05-29 16:13:18,9.562,9.17,0.3320000000000007,-0.0159999999999982,9.166,65.25000000000001,5.91,0.0,1.0,0.0,0.0,0.0,1.0,1.0,1.0
2020-05-29 16:13:28,6.965999999999999,9.188,-0.009999999999998,-0.0180000000000006,9.184,66.35,5.3575,0.0,1.0,1.0,0.0,0.0,1.0,1.0,1.0
2020-05-29 16:13:38,9.67,9.266,-0.009999999999998,-0.0159999999999982,9.266,67.5,5.940000000000001,0.0,1.0,1.0,0.0,0.0,1.0,1.0,1.0
2020-05-29 16:13:48,9.862,9.468,-0.009999999999998,-0.0159999999999982,9.466,68.6,5.9725,0.0,1.0,1.0,0.0,0.0,1.0,1.0,1.0
2020-05-29 16:13:58,10.024,9.642,-0.009999999999998,-0.0159999999999982,9.64,69.32499999999999,6.014999999999999,0.0,1.0,1.0,0.0,0.0,1.0,1.0,1.0
2020-05-29 16:14:08,10.182,9.806,-0.009999999999998,-0.0180000000000006,9.804,70.025,6.032500000000001,0.0,1.0,1.0,0.0,0.0,1.0,1.0,1.0
2020-05-29 16:14:18,10.338,9.97,-0.009999999999998,-0.0159999999999982,9.968,70.725,6.0600000000000005,0.0,1.0,1.0,0.0,0.0,1.0,1.0,1.0
2020-05-29 16:14:28,7.428000000000001,10.114,-0.0079999999999991,-0.0159999999999982,10.11,71.2,5.387500000000001,0.0,1.0,0.0,0.0,0.0,1.0,1.0,1.0
2020-05-29 16:14:38,10.496,10.142,-0.0079999999999991,-0.0159999999999982,10.142,71.675,6.067499999999999,0.0,1.0,0.0,0.0,0.0,1.0,1.0,1.0
2020-05-29 16:14:48,-0.0240000000000009,10.136,10.136,-0.0180000000000006,10.134,72.125,3.710000000000001,1.0,0.0,1.0,1.0,0.0,1.0,1.0,1.0
2020-05-29 16:14:57,-0.0219999999999984,10.094,10.092,-0.0180000000000006,10.092,72.025,3.6875,1.0,0.0,1.0,1.0,0.0,1.0,1.0,1.0
2020-05-29 16:15:07,-0.0180000000000006,10.054,10.052,-0.0180000000000006,10.054,71.75,3.7575,1.0,0.0,1.0,1.0,0.0,1.0,1.0,1.0
2020-05-29 16:15:17,-0.0180000000000006,10.024,10.02,-0.0159999999999982,10.022,71.64999999999999,3.8249999999999993,1.0,0.0,1.0,1.0,0.0,1.0,1.0,1.0
2020-05-29 16:15:27,-0.0139999999999993,9.998,9.99,-0.0159999999999982,9.996,71.725,3.7975,1.0,0.0,1.0,1.0,0.0,1.0,1.0,1.0
2020-05-29 16:15:37,-0.0139999999999993,9.97,9.962,-0.0180000000000006,9.97,71.825,3.7375000000000007,1.0,0.0,1.0,1.0,0.0,1.0,1.0,1.0
2020-05-29 16:15:47,-0.0120000000000004,9.944,9.936,-0.0159999999999982,9.946,71.95,3.727500000000001,1.0,0.0,1.0,1.0,0.0,1.0,1.0,1.0
2020-05-29 16:15:57,-0.0139999999999993,9.922,9.912,-0.0180000000000006,9.92,71.725,3.754999999999999,1.0,0.0,1.0,1.0,0.0,1.0,1.0,1.0
2020-05-29 16:16:07,-0.0139999999999993,9.902,9.89,-0.0180000000000006,9.902,71.42500000000001,3.7875,1.0,0.0,1.0,1.0,0.0,1.0,1.0,1.0
2020-05-29 16:16:17,-0.0120000000000004,9.88,9.87,-0.0180000000000006,9.882,71.025,3.817500000000001,1.0,0.0,1.0,1.0,0.0,1.0,1.0,1.0
2020-05-29 16:16:27,-0.009999999999998,9.858,9.846,-0.0180000000000006,9.858,70.64999999999999,3.782499999999999,1.0,0.0,1.0,1.0,0.0,1.0,1.0,1.0
2020-05-29 16:16:37,-0.009999999999998,9.824,9.812,-0.0159999999999982,9.824,70.52499999999999,3.74,1.0,0.0,1.0,1.0,0.0,1.0,1.0,1.0
2020-05-29 16:16:47,-0.009999999999998,9.724,9.712,-0.0180000000000006,9.726,70.42500000000001,3.68,1.0,0.0,1.0,1.0,0.0,1.0,1.0,1.0
2020-05-29 16:16:56,-0.0120000000000004,9.708,9.696,-0.0180000000000006,9.71,70.44999999999999,3.727500000000001,1.0,0.0,1.0,1.0,0.0,1.0,1.0,1.0
2020-05-29 16:17:06,-0.009999999999998,9.692,9.684,-0.0180000000000006,9.696,70.24999999999999,3.727500000000001,1.0,0.0,1.0,1.0,0.0,1.0,1.0,1.0
2020-05-29 16:17:16,-0.009999999999998,9.68,9.668,-0.0159999999999982,9.68,70.075,3.6999999999999993,1.0,0.0,1.0,1.0,0.0,1.0,1.0,1.0
2020-05-29 16:17:26,-0.009999999999998,9.664,9.652,-0.0180000000000006,9.664,69.8,3.717500000000001,1.0,0.0,1.0,1.0,0.0,1.0,1.0,1.0
2020-05-29 16:17:36,-0.0079999999999991,9.648,9.636,-0.0180000000000006,9.65,69.55,3.73,1.0,0.0,1.0,1.0,0.0,1.0,1.0,1.0
2020-05-29 16:17:46,-0.0079999999999991,9.482,9.47,-0.0159999999999982,9.484,69.17500000000001,3.7775,1.0,0.0,1.0,1.0,0.0,1.0,1.0,1.0
2020-05-29 16:17:56,-0.0079999999999991,9.474,9.462,-0.0159999999999982,9.476,68.825,3.7875,1.0,0.0,1.0,1.0,0.0,1.0,1.0,1.0
2020-05-29 16:18:06,-0.009999999999998,9.46,9.45,-0.0180000000000006,9.462,68.825,3.7775,1.0,0.0,1.0,1.0,0.0,1.0,1.0,1.0
2020-05-29 16:18:16,-0.0079999999999991,9.448,9.436,-0.0180000000000006,9.45,68.625,3.785,1.0,0.0,1.0,1.0,0.0,1.0,1.0,1.0
2020-05-29 16:18:26,-0.009999999999998,9.434,9.422,-0.0180000000000006,9.436,68.625,3.817500000000001,1.0,0.0,1.0,1.0,0.0,1.0,1.0,1.0
2020-05-29 16:18:36,-0.0079999999999991,9.422,9.41,-0.0180000000000006,9.422,68.625,3.7525,1.0,0.0,1.0,1.0,0.0,1.0,1.0,1.0
2020-05-29 16:18:45,-0.009999999999998,9.374,9.362,-0.0180000000000006,9.376,68.625,3.717500000000001,1.0,0.0,1.0,1.0,0.0,1.0,1.0,1.0
2020-05-29 16:18:55,-0.009999999999998,9.174,9.162,-0.0180000000000006,9.176,68.725,3.7225,1.0,0.0,1.0,1.0,0.0,1.0,1.0,1.0
2020-05-29 16:19:05,-0.009999999999998,9.158,9.146,-0.0180000000000006,9.16,68.9,3.7075,1.0,0.0,1.0,1.0,0.0,1.0,1.0,1.0
2020-05-29 16:19:15,-0.009999999999998,9.152,9.142,-0.0180000000000006,9.156,68.825,3.795,1.0,0.0,1.0,1.0,0.0,1.0,1.0,1.0
2020-05-29 16:19:25,-0.009999999999998,9.144,9.136,-0.0180000000000006,9.146,68.875,3.76,1.0,0.0,1.0,1.0,0.0,1.0,1.0,1.0
2020-05-29 16:19:35,-0.009999999999998,9.136,9.128,-0.0180000000000006,9.138,68.85,3.685000000000001,1.0,0.0,1.0,1.0,0.0,1.0,1.0,1.0
2020-05-29 16:19:45,-0.009999999999998,9.05,9.04,-0.0159999999999982,9.052,68.825,3.715,1.0,0.0,1.0,1.0,0.0,1.0,1.0,1.0
2020-05-29 16:19:55,-0.009999999999998,8.966,8.954,-0.0180000000000006,8.968,68.625,3.8325,1.0,0.0,1.0,1.0,0.0,1.0,1.0,1.0
2020-05-29 16:20:05,-0.009999999999998,8.958,8.95,-0.0180000000000006,8.962,68.52499999999999,3.8025,1.0,0.0,1.0,1.0,0.0,1.0,1.0,1.0
2020-05-29 16:20:15,-0.0079999999999991,8.954,8.944,-0.0159999999999982,8.956,68.45000000000002,3.7575,1.0,0.0,1.0,1.0,0.0,1.0,1.0,1.0
2020-05-29 16:20:25,-0.009999999999998,8.944,8.932,-0.0159999999999982,8.948,68.35,3.74,1.0,0.0,1.0,1.0,0.0,1.0,1.0,1.0
2020-05-29 16:20:34,-0.009999999999998,8.934,8.922,-0.0180000000000006,8.936,68.5,3.735000000000001,1.0,0.0,1.0,1.0,0.0,1.0,1.0,1.0
2020-05-29 16:20:44,-0.009999999999998,8.924,8.914,-0.0159999999999982,8.928,68.725,3.7675,1.0,0.0,1.0,1.0,0.0,1.0,1.0,1.0
2020-05-29 16:20:54,-0.009999999999998,8.914,8.904,-0.0180000000000006,8.916,68.825,3.7975,1.0,0.0,1.0,1.0,0.0,1.0,1.0,1.0
2020-05-29 16:21:04,-0.009999999999998,8.904,8.892,-0.0180000000000006,8.906,68.95,3.7975,1.0,0.0,1.0,1.0,0.0,1.0,1.0,1.0
2020-05-29 16:21:14,-0.009999999999998,8.884,8.872,-0.0180000000000006,8.886,68.925,3.795,1.0,0.0,1.0,1.0,0.0,1.0,1.0,1.0
2020-05-29 16:21:24,-0.009999999999998,8.872,8.86,-0.0180000000000006,8.876,68.85,3.8000000000000007,1.0,0.0,1.0,1.0,0.0,1.0,1.0,1.0
2020-05-29 16:21:34,-0.0079999999999991,8.858,8.848,-0.0180000000000006,8.862,68.9,0.0449999999999999,1.0,0.0,1.0,1.0,0.0,1.0,1.0,1.0
2020-05-29 16:21:44,-0.009999999999998,8.846,8.836,-0.0159999999999982,8.848,68.725,0.0424999999999995,1.0,0.0,1.0,1.0,0.0,1.0,1.0,1.0
2020-05-29 16:21:54,-0.0079999999999991,8.834,8.822,-0.0159999999999982,8.836,68.75,0.04,1.0,0.0,1.0,1.0,0.0,1.0,1.0,1.0
2020-05-29 16:22:04,-0.0079999999999991,8.822,8.808,-0.0180000000000006,8.824,68.675,0.04,1.0,0.0,1.0,1.0,0.0,1.0,1.0,1.0
2020-05-29 16:22:14,-0.009999999999998,8.806,8.796,-0.0180000000000006,8.81,68.625,0.0375000000000005,1.0,0.0,1.0,1.0,0.0,1.0,1.0,1.0
2020-05-29 16:22:23,-0.009999999999998,8.794,8.784,-0.0180000000000006,8.796,68.39999999999999,0.04,1.0,0.0,1.0,1.0,0.0,1.0,1.0,1.0
2020-05-29 16:22:33,-0.009999999999998,8.78,8.768,-0.0159999999999982,8.782,68.22500000000001,0.04,1.0,0.0,1.0,1.0,0.0,1.0,1.0,1.0
2020-05-29 16:22:43,-0.0079999999999991,8.768,8.756,-0.0159999999999982,8.77,68.025,0.0375000000000005,1.0,0.0,1.0,1.0,0.0,1.0,1.0,1.0
2020-05-29 16:22:53,-0.009999999999998,8.748,8.736,-0.0180000000000006,8.75,67.65,0.04,1.0,0.0,1.0,1.0,0.0,1.0,1.0,1.0
2020-05-29 16:23:03,-0.0079999999999991,8.736,8.726,-0.0180000000000006,8.74,67.30000000000001,0.0375000000000005,1.0,0.0,1.0,1.0,0.0,1.0,1.0,1.0
2020-05-29 16:23:13,-0.0079999999999991,8.724,8.71,-0.0159999999999982,8.726,66.92499999999998,0.04,1.0,0.0,1.0,1.0,0.0,1.0,1.0,1.0
2020-05-29 16:23:23,-0.009999999999998,8.708,8.698,-0.0180000000000006,8.714,66.7,0.0375000000000005,1.0,0.0,1.0,1.0,0.0,1.0,1.0,1.0
2020-05-29 16:23:33,-0.009999999999998,8.696,8.684,-0.0180000000000006,8.698,66.425,0.04,1.0,0.0,1.0,1.0,0.0,1.0,1.0,1.0
2020-05-29 16:23:43,-0.009999999999998,8.682,8.672,-0.0180000000000006,8.686,66.25000000000001,0.04,1.0,0.0,1.0,1.0,0.0,1.0,1.0,1.0
2020-05-29 16:23:53,-0.009999999999998,8.67,8.66,-0.0159999999999982,8.674,66.05000000000001,0.04,1.0,0.0,1.0,1.0,0.0,1.0,1.0,1.0
2020-05-29 16:24:03,-0.009999999999998,8.656,8.646,-0.0180000000000006,8.66,65.99999999999999,0.04,1.0,0.0,1.0,1.0,0.0,1.0,1.0,1.0
2020-05-29 16:24:13,-0.009999999999998,8.644,8.632,-0.0180000000000006,8.648,65.825,0.04,1.0,0.0,1.0,1.0,0.0,1.0,1.0,1.0
2020-05-29 16:24:23,-0.0120000000000004,8.63,8.618,-0.0180000000000006,8.634,65.725,0.0349999999999992,1.0,0.0,1.0,1.0,0.0,1.0,1.0,1.0
2020-05-29 16:24:32,-0.0120000000000004,8.616,8.604,-0.0159999999999982,8.62,65.525,0.0375000000000005,1.0,0.0,1.0,1.0,0.0,1.0,1.0,1.0
2020-05-29 16:24:42,-0.009999999999998,8.598,8.588,-0.0159999999999982,8.602,65.425,0.04,1.0,0.0,1.0,1.0,0.0,1.0,1.0,1.0
2020-05-29 16:24:52,-0.0120000000000004,8.586,8.574,-0.0199999999999995,8.588,65.32500000000002,0.04,1.0,0.0,1.0,1.0,0.0,1.0,1.0,1.0
2020-05-29 16:25:02,-0.009999999999998,8.574,8.562,-0.0159999999999982,8.576,65.225,0.04,1.0,0.0,1.0,1.0,0.0,1.0,1.0,1.0
2020-05-29 16:25:12,-0.009999999999998,8.56,8.548,-0.0180000000000006,8.564,64.99999999999999,0.0375000000000005,1.0,0.0,1.0,1.0,0.0,1.0,1.0,1.0
2020-05-29 16:25:22,-0.009999999999998,8.548,8.536,-0.0180000000000006,8.552,64.97500000000001,0.0375000000000005,1.0,0.0,1.0,1.0,0.0,1.0,1.0,1.0
2020-05-29 16:25:32,-0.009999999999998,8.534,8.522,-0.0180000000000006,8.538,64.825,0.0375000000000005,1.0,0.0,1.0,1.0,0.0,1.0,1.0,1.0
2020-05-29 16:25:42,-0.0079999999999991,8.522,8.512,-0.0159999999999982,8.528,64.72500000000001,0.04,1.0,0.0,1.0,1.0,0.0,1.0,1.0,1.0
2020-05-29 16:25:52,-0.0120000000000004,8.508,8.496,-0.0180000000000006,8.512,64.575,0.0375000000000005,1.0,0.0,1.0,1.0,0.0,1.0,1.0,1.0
2020-05-29 16:26:02,-0.009999999999998,8.496,8.486,-0.0159999999999982,8.5,64.55,0.0375000000000005,1.0,0.0,1.0,1.0,0.0,1.0,1.0,1.0
2020-05-29 16:26:12,-0.009999999999998,8.48,8.47,-0.0159999999999982,8.486,64.375,0.0375000000000005,1.0,0.0,1.0,1.0,0.0,1.0,1.0,1.0
2020-05-29 16:26:22,-0.0120000000000004,8.418,8.408,-0.0159999999999982,8.424,64.32500000000002,0.0375000000000005,1.0,0.0,1.0,1.0,0.0,1.0,1.0,1.0
2020-05-29 16:26:31,-0.0079999999999991,8.348,8.338,-0.0139999999999993,8.354,64.14999999999999,0.0375000000000005,1.0,0.0,1.0,1.0,0.0,1.0,1.0,1.0
2020-05-29 16:26:41,-0.009999999999998,8.34,8.33,-0.0180000000000006,8.342,64.05000000000001,0.04,1.0,0.0,1.0,1.0,0.0,1.0,1.0,1.0
2020-05-29 16:26:51,-0.009999999999998,8.324,8.312,-0.0180000000000006,8.326,64.025,0.04,1.0,0.0,1.0,1.0,0.0,1.0,1.0,1.0
2020-05-29 16:27:01,-0.0120000000000004,8.316,8.304,-0.0159999999999982,8.318,63.94999999999999,0.04,1.0,0.0,1.0,1.0,0.0,1.0,1.0,1.0
2020-05-29 16:27:11,-0.009999999999998,8.306,8.294,-0.0180000000000006,8.306,63.97500000000001,0.0375000000000005,1.0,0.0,1.0,1.0,0.0,1.0,1.0,1.0
2020-05-29 16:27:21,-0.009999999999998,8.292,8.282,-0.0199999999999995,8.296,63.825,0.04,1.0,0.0,1.0,1.0,0.0,1.0,1.0,1.0
2020-05-29 16:27:31,-0.0120000000000004,8.282,8.27,-0.0180000000000006,8.286,63.75,0.0375000000000005,1.0,0.0,1.0,1.0,0.0,1.0,1.0,1.0
2020-05-29 16:27:41,-0.0120000000000004,8.24,8.226,-0.0199999999999995,8.242,63.72500000000001,0.0375000000000005,1.0,0.0,1.0,1.0,0.0,1.0,1.0,1.0
2020-05-29 16:27:51,-0.0120000000000004,8.218,8.206,-0.0180000000000006,8.22,63.650000000000006,0.0375000000000005,1.0,0.0,1.0,1.0,0.0,1.0,1.0,1.0
2020-05-29 16:28:01,-0.009999999999998,8.186,8.174,-0.0180000000000006,8.188,63.45,0.0375000000000005,1.0,0.0,1.0,1.0,0.0,1.0,1.0,1.0
2020-05-29 16:28:11,-0.0120000000000004,8.176,8.164,-0.0180000000000006,8.178,63.375,0.0375000000000005,1.0,0.0,1.0,1.0,0.0,1.0,1.0,1.0
2020-05-29 16:28:21,-0.0120000000000004,8.164,8.152,-0.0180000000000006,8.166,63.25,0.04,1.0,0.0,1.0,1.0,0.0,1.0,1.0,1.0
2020-05-29 16:28:30,-0.009999999999998,8.152,8.142,-0.0180000000000006,8.156,63.07499999999999,0.0375000000000005,1.0,0.0,1.0,1.0,0.0,1.0,1.0,1.0
2020-05-29 16:28:40,-0.009999999999998,8.144,8.132,-0.0159999999999982,8.144,62.97500000000001,0.0375000000000005,1.0,0.0,1.0,1.0,0.0,1.0,1.0,1.0
2020-05-29 16:28:50,-0.0120000000000004,8.13,8.118,-0.0180000000000006,8.132,62.85000000000001,0.0375000000000005,1.0,0.0,1.0,1.0,0.0,1.0,1.0,1.0
2020-05-29 16:29:00,-0.0120000000000004,8.078,8.066,-0.0180000000000006,8.08,62.94999999999999,0.04,1.0,0.0,1.0,1.0,0.0,1.0,1.0,1.0
2020-05-29 16:29:10,6.5280000000000005,8.048,-0.0259999999999998,-0.0180000000000006,8.052,62.87499999999999,5.205,0.0,1.0,0.0,0.0,0.0,1.0,1.0,1.0
2020-05-29 16:29:20,8.662,8.206,-0.0219999999999984,-0.0180000000000006,8.21,62.72500000000001,5.702499999999999,0.0,1.0,0.0,0.0,0.0,1.0,1.0,1.0
2020-05-29 16:29:30,8.898,8.462,-0.0180000000000006,-0.0159999999999982,8.46,62.94999999999999,5.7425,0.0,1.0,0.0,0.0,0.0,1.0,1.0,1.0
2020-05-29 16:29:40,9.074,8.65,0.1699999999999999,-0.0180000000000006,8.65,63.650000000000006,5.809999999999999,0.0,1.0,0.0,0.0,0.0,1.0,1.0,1.0
2020-05-29 16:29:50,2.866,8.778,-0.0120000000000004,-0.0139999999999993,8.78,64.7,4.6975,0.0,1.0,1.0,0.0,0.0,1.0,1.0,1.0
2020-05-29 16:30:00,8.948,8.744,-0.0120000000000004,-0.0180000000000006,8.744,66.19999999999999,5.860000000000001,0.0,1.0,1.0,0.0,0.0,1.0,1.0,1.0
2020-05-29 16:30:10,7.558,8.734,-0.0120000000000004,-0.0180000000000006,8.738,68.0,5.504999999999999,0.0,1.0,1.0,0.0,0.0,1.0,1.0,1.0
2020-05-29 16:30:20,9.294,8.878,-0.009999999999998,-0.0180000000000006,8.878,69.35,5.895,0.0,1.0,1.0,0.0,0.0,1.0,1.0,1.0
2020-05-29 16:30:29,9.49,9.078,-0.0040000000000013,-0.0180000000000006,9.078,70.10000000000001,5.890000000000001,0.0,1.0,1.0,0.0,0.0,1.0,1.0,1.0
2020-05-29 16:30:39,9.682,9.282,-0.0120000000000004,-0.0180000000000006,9.28,70.64999999999999,5.927500000000002,0.0,1.0,1.0,0.0,0.0,1.0,1.0,1.0
2020-05-29 16:30:49,3.1660000000000004,9.292,-0.0120000000000004,-0.0180000000000006,9.294,71.2,4.6075,0.0,1.0,1.0,0.0,0.0,1.0,1.0,1.0
2020-05-29 16:30:59,7.279999999999999,9.252,-0.0079999999999991,-0.0159999999999982,9.25,71.10000000000001,5.297499999999999,0.0,1.0,0.0,0.0,0.0,1.0,1.0,1.0
2020-05-29 16:31:09,3.507999999999999,9.208,-0.009999999999998,-0.0180000000000006,9.208,70.625,4.615,0.0,1.0,0.0,0.0,0.0,1.0,1.0,1.0
2020-05-29 16:31:19,9.472,9.178,-0.009999999999998,-0.0180000000000006,9.176,70.6,5.817499999999999,0.0,1.0,0.0,0.0,0.0,1.0,1.0,1.0
2020-05-29 16:31:29,9.764,9.36,-0.0079999999999991,-0.0180000000000006,9.358,70.725,5.8925,0.0,1.0,0.0,0.0,0.0,1.0,1.0,1.0
2020-05-29 16:31:39,9.942,9.546,-0.0060000000000002,-0.0159999999999982,9.544,71.32499999999999,6.029999999999999,0.0,1.0,0.0,0.0,0.0,1.0,1.0,1.0
2020-05-29 16:31:49,10.124,9.738,-0.0079999999999991,-0.0159999999999982,9.736,71.725,6.140000000000001,0.0,1.0,0.0,0.0,0.0,1.0,1.0,1.0
2020-05-29 16:31:59,10.114,9.784,-0.009999999999998,-0.0180000000000006,9.78,72.30000000000001,6.105,0.0,1.0,1.0,0.0,0.0,1.0,1.0,1.0
2020-05-29 16:32:09,10.336,9.952,-0.009999999999998,-0.0199999999999995,9.95,72.625,6.065000000000001,0.0,1.0,1.0,0.0,0.0,1.0,1.0,1.0
2020-05-29 16:32:19,10.508,10.134,-0.0079999999999991,-0.0180000000000006,10.13,72.55,6.100000000000001,0.0,1.0,1.0,0.0,0.0,1.0,1.0,1.0
2020-05-29 16:32:28,-0.0219999999999984,10.132,10.136,-0.0180000000000006,10.132,72.37499999999999,3.7775,1.0,0.0,1.0,1.0,0.0,1.0,1.0,1.0
2020-05-29 16:32:38,-0.0219999999999984,10.09,10.088,-0.0180000000000006,10.086,72.025,3.83,1.0,0.0,1.0,1.0,0.0,1.0,1.0,1.0
2020-05-29 16:32:48,-0.0199999999999995,10.052,10.05,-0.0180000000000006,10.05,71.825,3.7375000000000007,1.0,0.0,1.0,1.0,0.0,1.0,1.0,1.0
2020-05-29 16:32:58,-0.0159999999999982,10.016,10.01,-0.0180000000000006,10.014,72.32499999999999,3.7250000000000014,1.0,0.0,1.0,1.0,0.0,1.0,1.0,1.0
2020-05-29 16:33:08,-0.0139999999999993,9.99,9.984,-0.0159999999999982,9.986,72.7,3.747500000000001,1.0,0.0,1.0,1.0,0.0,1.0,1.0,1.0
2020-05-29 16:33:18,-0.0139999999999993,9.962,9.952,-0.0159999999999982,9.96,72.75,3.745000000000001,1.0,0.0,1.0,1.0,0.0,1.0,1.0,1.0
2020-05-29 16:33:28,-0.0120000000000004,9.936,9.928,-0.0159999999999982,9.938,72.725,3.7200000000000006,1.0,0.0,1.0,1.0,0.0,1.0,1.0,1.0
2020-05-29 16:33:38,-0.009999999999998,9.912,9.9,-0.0180000000000006,9.91,72.35000000000001,3.69,1.0,0.0,1.0,1.0,0.0,1.0,1.0,1.0
2020-05-29 16:33:48,-0.009999999999998,9.888,9.878,-0.0159999999999982,9.888,71.825,3.692499999999999,1.0,0.0,1.0,1.0,0.0,1.0,1.0,1.0
2020-05-29 16:33:58,-0.009999999999998,9.866,9.856,-0.0159999999999982,9.868,71.475,3.685000000000001,1.0,0.0,1.0,1.0,0.0,1.0,1.0,1.0
2020-05-29 16:34:08,-0.009999999999998,9.842,9.832,-0.0159999999999982,9.844,71.50000000000001,3.682499999999999,1.0,0.0,1.0,1.0,0.0,1.0,1.0,1.0
2020-05-29 16:34:18,-0.009999999999998,9.822,9.81,-0.0159999999999982,9.822,71.32499999999999,3.705,1.0,0.0,1.0,1.0,0.0,1.0,1.0,1.0
2020-05-29 16:34:27,-0.009999999999998,9.802,9.79,-0.0159999999999982,9.802,71.22500000000001,3.6775,1.0,0.0,1.0,1.0,0.0,1.0,1.0,1.0
2020-05-29 16:34:37,-0.0079999999999991,9.782,9.77,-0.0180000000000006,9.784,71.22500000000001,3.682499999999999,1.0,0.0,1.0,1.0,0.0,1.0,1.0,1.0
2020-05-29 16:34:47,-0.009999999999998,9.762,9.75,-0.0180000000000006,9.762,71.15,3.6575000000000006,1.0,0.0,1.0,1.0,0.0,1.0,1.0,1.0
2020-05-29 16:34:57,-0.009999999999998,9.744,9.732,-0.0180000000000006,9.746,71.025,3.6725,1.0,0.0,1.0,1.0,0.0,1.0,1.0,1.0
2020-05-29 16:35:07,-0.0079999999999991,9.726,9.714,-0.0159999999999982,9.726,70.55,3.665000000000001,1.0,0.0,1.0,1.0,0.0,1.0,1.0,1.0
2020-05-29 16:35:17,-0.0079999999999991,9.706,9.694,-0.0159999999999982,9.706,69.925,3.705,1.0,0.0,1.0,1.0,0.0,1.0,1.0,1.0
2020-05-29 16:35:27,-0.0079999999999991,9.688,9.674,-0.0159999999999982,9.686,69.55,3.74,1.0,0.0,1.0,1.0,0.0,1.0,1.0,1.0
2020-05-29 16:35:37,-0.0079999999999991,9.668,9.656,-0.0159999999999982,9.67,69.425,3.764999999999999,1.0,0.0,1.0,1.0,0.0,1.0,1.0,1.0
2020-05-29 16:35:47,-0.009999999999998,9.652,9.638,-0.0159999999999982,9.654,69.52499999999999,3.692499999999999,1.0,0.0,1.0,1.0,0.0,1.0,1.0,1.0
2020-05-29 16:35:57,-0.009999999999998,9.632,9.62,-0.0180000000000006,9.632,69.425,3.7624999999999993,1.0,0.0,1.0,1.0,0.0,1.0,1.0,1.0
2020-05-29 16:36:07,-0.0060000000000002,9.616,9.606,-0.0159999999999982,9.618,69.30000000000001,3.7875,1.0,0.0,1.0,1.0,0.0,1.0,1.0,1.0
2020-05-29 16:36:17,-0.0079999999999991,9.6,9.588,-0.0180000000000006,9.602,68.925,3.774999999999999,1.0,0.0,1.0,1.0,0.0,1.0,1.0,1.0
2020-05-29 16:36:26,-0.009999999999998,9.58,9.568,-0.0180000000000006,9.582,68.45000000000002,3.692499999999999,1.0,0.0,1.0,1.0,0.0,1.0,1.0,1.0
2020-05-29 16:36:36,-0.009999999999998,9.564,9.55,-0.0180000000000006,9.566,68.425,3.7675,1.0,0.0,1.0,1.0,0.0,1.0,1.0,1.0
2020-05-29 16:36:46,-0.009999999999998,9.488,9.476,-0.0180000000000006,9.49,68.55,3.7775,1.0,0.0,1.0,1.0,0.0,1.0,1.0,1.0
2020-05-29 16:36:56,-0.0079999999999991,9.326,9.316,-0.0180000000000006,9.328,68.75,3.69,1.0,0.0,1.0,1.0,0.0,1.0,1.0,1.0
2020-05-29 16:37:06,-0.009999999999998,9.32,9.308,-0.0180000000000006,9.32,69.025,3.67,1.0,0.0,1.0,1.0,0.0,1.0,1.0,1.0
2020-05-29 16:37:16,-0.009999999999998,9.31,9.302,-0.0180000000000006,9.312,69.32499999999999,3.7125,1.0,0.0,1.0,1.0,0.0,1.0,1.0,1.0
2020-05-29 16:37:26,-0.009999999999998,9.3,9.29,-0.0180000000000006,9.3,69.39999999999999,3.754999999999999,1.0,0.0,1.0,1.0,0.0,1.0,1.0,1.0
2020-05-29 16:37:36,-0.009999999999998,9.288,9.278,-0.0180000000000006,9.29,69.575,3.76,1.0,0.0,1.0,1.0,0.0,1.0,1.0,1.0
2020-05-29 16:37:46,-0.0079999999999991,9.278,9.266,-0.0159999999999982,9.278,69.39999999999999,3.7325,1.0,0.0,1.0,1.0,0.0,1.0,1.0,1.0
2020-05-29 16:37:56,-0.009999999999998,9.264,9.252,-0.0180000000000006,9.266,69.35,3.76,1.0,0.0,1.0,1.0,0.0,1.0,1.0,1.0
2020-05-29 16:38:06,-0.009999999999998,9.252,9.24,-0.0159999999999982,9.252,69.12499999999999,3.7575,1.0,0.0,1.0,1.0,0.0,1.0,1.0,1.0
2020-05-29 16:38:16,-0.0079999999999991,9.238,9.226,-0.0159999999999982,9.24,68.825,3.692499999999999,1.0,0.0,1.0,1.0,0.0,1.0,1.0,1.0
2020-05-29 16:38:25,-0.0079999999999991,9.224,9.212,-0.0180000000000006,9.226,68.675,3.67,1.0,0.0,1.0,1.0,0.0,1.0,1.0,1.0
2020-05-29 16:38:35,-0.009999999999998,9.116,9.102,-0.0180000000000006,9.118,68.725,3.655000000000001,1.0,0.0,1.0,1.0,0.0,1.0,1.0,1.0
2020-05-29 16:38:45,-0.0079999999999991,9.01,8.998,-0.0159999999999982,9.01,68.925,3.665000000000001,1.0,0.0,1.0,1.0,0.0,1.0,1.0,1.0
2020-05-29 16:38:55,-0.0079999999999991,9.004,8.994,-0.0159999999999982,9.006,68.925,3.7525,1.0,0.0,1.0,1.0,0.0,1.0,1.0,1.0
2020-05-29 16:39:05,-0.009999999999998,8.996,8.984,-0.0180000000000006,8.998,68.925,3.7325,1.0,0.0,1.0,1.0,0.0,1.0,1.0,1.0
2020-05-29 16:39:15,-0.009999999999998,8.982,8.97,-0.0180000000000006,8.984,68.825,0.0449999999999999,1.0,0.0,1.0,1.0,0.0,1.0,1.0,1.0
2020-05-29 16:39:25,-0.009999999999998,8.798,8.786,-0.0159999999999982,8.802,68.725,0.0424999999999995,1.0,0.0,1.0,1.0,0.0,1.0,1.0,1.0
2020-05-29 16:39:35,-0.0079999999999991,8.708,8.696,-0.0180000000000006,8.71,68.6,0.04,1.0,0.0,1.0,1.0,0.0,1.0,1.0,1.0
2020-05-29 16:39:45,-0.009999999999998,8.704,8.694,-0.0159999999999982,8.706,68.45000000000002,0.04,1.0,0.0,1.0,1.0,0.0,1.0,1.0,1.0
2020-05-29 16:39:55,-0.009999999999998,8.7,8.69,-0.0180000000000006,8.702,68.15,0.04,1.0,0.0,1.0,1.0,0.0,1.0,1.0,1.0
2020-05-29 16:40:05,-0.0120000000000004,8.696,8.682,-0.0180000000000006,8.698,67.625,0.04,1.0,0.0,1.0,1.0,0.0,1.0,1.0,1.0
2020-05-29 16:40:15,-0.009999999999998,8.688,8.676,-0.0180000000000006,8.69,67.52499999999999,0.04,1.0,0.0,1.0,1.0,0.0,1.0,1.0,1.0
2020-05-29 16:40:25,-0.0079999999999991,8.68,8.666,-0.0180000000000006,8.682,67.35,0.04,1.0,0.0,1.0,1.0,0.0,1.0,1.0,1.0
2020-05-29 16:40:34,-0.009999999999998,8.67,8.66,-0.0159999999999982,8.674,67.12499999999999,0.0375000000000005,1.0,0.0,1.0,1.0,0.0,1.0,1.0,1.0
2020-05-29 16:40:44,-0.009999999999998,8.66,8.648,-0.0159999999999982,8.664,66.775,0.0375000000000005,1.0,0.0,1.0,1.0,0.0,1.0,1.0,1.0
2020-05-29 16:40:54,-0.0079999999999991,8.648,8.636,-0.0159999999999982,8.65,66.6,0.04,1.0,0.0,1.0,1.0,0.0,1.0,1.0,1.0
2020-05-29 16:41:04,-0.009999999999998,8.638,8.626,-0.0159999999999982,8.64,66.375,0.0375000000000005,1.0,0.0,1.0,1.0,0.0,1.0,1.0,1.0
2020-05-29 16:41:14,-0.0079999999999991,8.628,8.616,-0.0180000000000006,8.63,66.025,0.04,1.0,0.0,1.0,1.0,0.0,1.0,1.0,1.0
2020-05-29 16:41:24,-0.0079999999999991,8.454,8.442,-0.0159999999999982,8.456,65.92499999999998,0.04,1.0,0.0,1.0,1.0,0.0,1.0,1.0,1.0
2020-05-29 16:41:34,-0.009999999999998,8.282,8.27,-0.0159999999999982,8.286,65.75,0.04,1.0,0.0,1.0,1.0,0.0,1.0,1.0,1.0
2020-05-29 16:41:44,-0.0120000000000004,8.12,8.11,-0.0180000000000006,8.122,65.475,0.04,1.0,0.0,1.0,1.0,0.0,1.0,1.0,1.0
2020-05-29 16:41:54,5.523999999999999,8.074,-0.0240000000000009,-0.0159999999999982,8.076,65.45,5.09,0.0,1.0,1.0,0.0,0.0,1.0,1.0,1.0
2020-05-29 16:42:04,8.67,8.226,-0.0199999999999995,-0.0159999999999982,8.224,65.35,5.824999999999999,0.0,1.0,1.0,0.0,0.0,1.0,1.0,1.0
2020-05-29 16:42:14,8.896,8.464,-0.0180000000000006,-0.0159999999999982,8.464,65.85000000000001,5.845000000000001,0.0,1.0,1.0,0.0,0.0,1.0,1.0,1.0
2020-05-29 16:42:24,8.94,8.55,-0.0159999999999982,-0.0180000000000006,8.55,66.65,5.845000000000001,0.0,1.0,0.0,0.0,0.0,1.0,1.0,1.0
2020-05-29 16:42:33,9.19,8.778,-0.0139999999999993,-0.0159999999999982,8.776,67.625,5.809999999999999,0.0,1.0,0.0,0.0,0.0,1.0,1.0,1.0
2020-05-29 16:42:43,9.376,8.976,-0.0120000000000004,-0.0180000000000006,8.976,68.6,5.797499999999999,0.0,1.0,0.0,0.0,0.0,1.0,1.0,1.0
2020-05-29 16:42:53,9.552,9.164,-0.0120000000000004,-0.0159999999999982,9.162,69.64999999999999,5.880000000000001,0.0,1.0,0.0,0.0,0.0,1.0,1.0,1.0
2020-05-29 16:43:03,9.72,9.342,-0.0120000000000004,-0.0180000000000006,9.34,70.39999999999999,6.0275,0.0,1.0,0.0,0.0,0.0,1.0,1.0,1.0
2020-05-29 16:43:13,9.896,9.53,-0.0120000000000004,-0.0180000000000006,9.528,71.22500000000001,6.0425,0.0,1.0,0.0,0.0,0.0,1.0,1.0,1.0
2020-05-29 16:43:23,9.946,9.576,-0.009999999999998,-0.0180000000000006,9.572,71.8,5.984999999999999,0.0,1.0,1.0,0.0,0.0,1.0,1.0,1.0
2020-05-29 16:43:33,10.13,9.748,-0.009999999999998,-0.0180000000000006,9.746,72.125,5.967499999999999,0.0,1.0,1.0,0.0,0.0,1.0,1.0,1.0
2020-05-29 16:43:43,10.298,9.93,-0.009999999999998,-0.0180000000000006,9.926,72.6,6.025,0.0,1.0,1.0,0.0,0.0,1.0,1.0,1.0
2020-05-29 16:43:53,10.446,10.088,-0.009999999999998,-0.0180000000000006,10.084,72.85,6.0600000000000005,0.0,1.0,1.0,0.0,0.0,1.0,1.0,1.0
2020-05-29 16:44:03,-0.0219999999999984,10.142,10.144,-0.0139999999999993,10.142,73.125,3.764999999999999,1.0,0.0,1.0,1.0,0.0,1.0,1.0,1.0
2020-05-29 16:44:13,-0.0219999999999984,10.09,10.09,-0.0159999999999982,10.088,73.32499999999999,3.7200000000000006,1.0,0.0,1.0,1.0,0.0,1.0,1.0,1.0
2020-05-29 16:44:23,-0.0199999999999995,10.05,10.048,-0.0159999999999982,10.048,73.075,3.76,1.0,0.0,1.0,1.0,0.0,1.0,1.0,1.0
2020-05-29 16:44:32,-0.0159999999999982,10.018,10.012,-0.0159999999999982,10.016,73.125,3.805,1.0,0.0,1.0,1.0,0.0,1.0,1.0,1.0
2020-05-29 16:44:42,-0.0159999999999982,9.984,9.976,-0.0159999999999982,9.982,73.2,3.7775,1.0,0.0,1.0,1.0,0.0,1.0,1.0,1.0
2020-05-29 16:44:52,-0.0139999999999993,9.96,9.95,-0.0159999999999982,9.958,73.32499999999999,3.7325,1.0,0.0,1.0,1.0,0.0,1.0,1.0,1.0
2020-05-29 16:45:02,-0.0139999999999993,9.932,9.922,-0.0180000000000006,9.934,73.32499999999999,3.69,1.0,0.0,1.0,1.0,0.0,1.0,1.0,1.0
2020-05-29 16:45:12,-0.0120000000000004,9.91,9.9,-0.0180000000000006,9.908,73.15,3.6625,1.0,0.0,1.0,1.0,0.0,1.0,1.0,1.0
2020-05-29 16:45:22,-0.0120000000000004,9.888,9.876,-0.0159999999999982,9.886,72.725,3.69,1.0,0.0,1.0,1.0,0.0,1.0,1.0,1.0
2020-05-29 16:45:32,-0.0120000000000004,9.866,9.852,-0.0180000000000006,9.866,72.52499999999999,3.7325,1.0,0.0,1.0,1.0,0.0,1.0,1.0,1.0
2020-05-29 16:45:42,-0.0120000000000004,9.844,9.83,-0.0180000000000006,9.842,72.10000000000001,3.7624999999999993,1.0,0.0,1.0,1.0,0.0,1.0,1.0,1.0
2020-05-29 16:45:52,-0.0120000000000004,9.824,9.812,-0.0180000000000006,9.824,71.825,3.695,1.0,0.0,1.0,1.0,0.0,1.0,1.0,1.0
2020-05-29 16:46:02,-0.009999999999998,9.806,9.794,-0.0180000000000006,9.806,71.52499999999999,3.66,1.0,0.0,1.0,1.0,0.0,1.0,1.0,1.0
2020-05-29 16:46:12,-0.009999999999998,9.788,9.774,-0.0180000000000006,9.788,71.44999999999999,3.682499999999999,1.0,0.0,1.0,1.0,0.0,1.0,1.0,1.0
2020-05-29 16:46:22,-0.009999999999998,9.77,9.756,-0.0159999999999982,9.77,71.22500000000001,3.7200000000000006,1.0,0.0,1.0,1.0,0.0,1.0,1.0,1.0
2020-05-29 16:46:31,-0.009999999999998,9.752,9.74,-0.0180000000000006,9.754,71.125,3.705,1.0,0.0,1.0,1.0,0.0,1.0,1.0,1.0
2020-05-29 16:46:41,-0.009999999999998,9.736,9.722,-0.0180000000000006,9.736,70.75,3.685000000000001,1.0,0.0,1.0,1.0,0.0,1.0,1.0,1.0
2020-05-29 16:46:51,-0.009999999999998,9.718,9.704,-0.0180000000000006,9.718,70.52499999999999,3.6675,1.0,0.0,1.0,1.0,0.0,1.0,1.0,1.0
2020-05-29 16:47:01,-0.009999999999998,9.7,9.688,-0.0180000000000006,9.7,70.19999999999999,3.6625,1.0,0.0,1.0,1.0,0.0,1.0,1.0,1.0
2020-05-29 16:47:11,-0.009999999999998,9.684,9.672,-0.0180000000000006,9.684,69.8,3.6725,1.0,0.0,1.0,1.0,0.0,1.0,1.0,1.0
2020-05-29 16:47:21,-0.009999999999998,9.668,9.654,-0.0180000000000006,9.668,69.52499999999999,3.69,1.0,0.0,1.0,1.0,0.0,1.0,1.0,1.0
2020-05-29 16:47:31,-0.009999999999998,9.65,9.638,-0.0159999999999982,9.652,69.425,3.705,1.0,0.0,1.0,1.0,0.0,1.0,1.0,1.0
2020-05-29 16:47:41,-0.009999999999998,9.636,9.622,-0.0180000000000006,9.638,69.17500000000001,3.74,1.0,0.0,1.0,1.0,0.0,1.0,1.0,1.0
2020-05-29 16:47:51,-0.009999999999998,9.62,9.608,-0.0159999999999982,9.622,69.025,3.6999999999999993,1.0,0.0,1.0,1.0,0.0,1.0,1.0,1.0
2020-05-29 16:48:01,-0.009999999999998,9.602,9.588,-0.0180000000000006,9.606,68.9,3.6675,1.0,0.0,1.0,1.0,0.0,1.0,1.0,1.0
2020-05-29 16:48:11,-0.009999999999998,9.586,9.574,-0.0180000000000006,9.588,68.55,3.647500000000001,1.0,0.0,1.0,1.0,0.0,1.0,1.0,1.0
2020-05-29 16:48:20,-0.009999999999998,9.574,9.56,-0.0159999999999982,9.576,68.5,3.6575000000000006,1.0,0.0,1.0,1.0,0.0,1.0,1.0,1.0
2020-05-29 16:48:30,-0.0079999999999991,9.558,9.544,-0.0159999999999982,9.56,68.5,3.6425,1.0,0.0,1.0,1.0,0.0,1.0,1.0,1.0
2020-05-29 16:48:40,-0.009999999999998,9.542,9.528,-0.0180000000000006,9.544,68.6,3.6525,1.0,0.0,1.0,1.0,0.0,1.0,1.0,1.0
2020-05-29 16:48:50,-0.009999999999998,9.526,9.512,-0.0180000000000006,9.528,68.725,3.67,1.0,0.0,1.0,1.0,0.0,1.0,1.0,1.0
2020-05-29 16:49:00,-0.009999999999998,9.508,9.496,-0.0159999999999982,9.512,68.8,3.710000000000001,1.0,0.0,1.0,1.0,0.0,1.0,1.0,1.0
2020-05-29 16:49:10,-0.0120000000000004,9.494,9.48,-0.0180000000000006,9.496,68.925,3.747500000000001,1.0,0.0,1.0,1.0,0.0,1.0,1.0,1.0
2020-05-29 16:49:20,-0.009999999999998,9.48,9.468,-0.0180000000000006,9.482,68.95,3.7624999999999993,1.0,0.0,1.0,1.0,0.0,1.0,1.0,1.0
2020-05-29 16:49:30,-0.009999999999998,9.466,9.454,-0.0180000000000006,9.468,68.8,3.7325,1.0,0.0,1.0,1.0,0.0,1.0,1.0,1.0
2020-05-29 16:49:40,-0.009999999999998,9.45,9.436,-0.0159999999999982,9.452,68.825,3.66,1.0,0.0,1.0,1.0,0.0,1.0,1.0,1.0
2020-05-29 16:49:50,-0.009999999999998,9.432,9.42,-0.0159999999999982,9.436,68.725,3.6525,1.0,0.0,1.0,1.0,0.0,1.0,1.0,1.0
2020-05-29 16:50:00,-0.009999999999998,9.42,9.406,-0.0159999999999982,9.422,68.7,3.65,1.0,0.0,1.0,1.0,0.0,1.0,1.0,1.0
2020-05-29 16:50:09,-0.009999999999998,9.404,9.39,-0.0180000000000006,9.404,68.825,3.6750000000000007,1.0,0.0,1.0,1.0,0.0,1.0,1.0,1.0
2020-05-29 16:50:19,-0.0120000000000004,9.388,9.378,-0.0180000000000006,9.39,68.97500000000001,3.695,1.0,0.0,1.0,1.0,0.0,1.0,1.0,1.0
2020-05-29 16:50:29,-0.0079999999999991,9.376,9.364,-0.0159999999999982,9.376,69.52499999999999,3.710000000000001,1.0,0.0,1.0,1.0,0.0,1.0,1.0,1.0
2020-05-29 16:50:39,-0.009999999999998,9.36,9.348,-0.0180000000000006,9.36,69.6,3.7325,1.0,0.0,1.0,1.0,0.0,1.0,1.0,1.0
2020-05-29 16:50:49,-0.0120000000000004,9.344,9.33,-0.0180000000000006,9.342,69.7,0.5225,1.0,0.0,1.0,1.0,0.0,1.0,1.0,1.0
2020-05-29 16:50:59,-0.0120000000000004,9.328,9.316,-0.0180000000000006,9.328,69.625,0.0424999999999995,1.0,0.0,1.0,1.0,0.0,1.0,1.0,1.0
2020-05-29 16:51:09,-0.0079999999999991,9.314,9.3,-0.0159999999999982,9.314,69.5,0.04,1.0,0.0,1.0,1.0,0.0,1.0,1.0,1.0
2020-05-29 16:51:19,-0.009999999999998,9.294,9.284,-0.0180000000000006,9.296,69.35,0.04,1.0,0.0,1.0,1.0,0.0,1.0,1.0,1.0
2020-05-29 16:51:29,-0.009999999999998,9.28,9.268,-0.0159999999999982,9.282,69.025,0.04,1.0,0.0,1.0,1.0,0.0,1.0,1.0,1.0
2020-05-29 16:51:39,-0.0079999999999991,9.266,9.254,-0.0139999999999993,9.268,68.675,0.0349999999999992,1.0,0.0,1.0,1.0,0.0,1.0,1.0,1.0
2020-05-29 16:51:49,-0.0120000000000004,9.248,9.236,-0.0180000000000006,9.25,68.475,0.04,1.0,0.0,1.0,1.0,0.0,1.0,1.0,1.0
2020-05-29 16:51:58,-0.009999999999998,9.232,9.218,-0.0180000000000006,9.236,68.32499999999999,0.04,1.0,0.0,1.0,1.0,0.0,1.0,1.0,1.0
2020-05-29 16:52:08,-0.009999999999998,9.216,9.202,-0.0180000000000006,9.218,68.15,0.04,1.0,0.0,1.0,1.0,0.0,1.0,1.0,1.0
2020-05-29 16:52:18,-0.009999999999998,9.2,9.188,-0.0180000000000006,9.202,68.0,0.0375000000000005,1.0,0.0,1.0,1.0,0.0,1.0,1.0,1.0
2020-05-29 16:52:28,-0.009999999999998,9.182,9.172,-0.0180000000000006,9.186,67.85000000000001,0.04,1.0,0.0,1.0,1.0,0.0,1.0,1.0,1.0
2020-05-29 16:52:38,-0.009999999999998,9.168,9.154,-0.0159999999999982,9.168,67.6,0.04,1.0,0.0,1.0,1.0,0.0,1.0,1.0,1.0
2020-05-29 16:52:48,-0.009999999999998,9.15,9.14,-0.0180000000000006,9.154,67.27499999999999,0.0375000000000005,1.0,0.0,1.0,1.0,0.0,1.0,1.0,1.0
2020-05-29 16:52:58,-0.0120000000000004,9.134,9.12,-0.0180000000000006,9.136,67.19999999999999,0.04,1.0,0.0,1.0,1.0,0.0,1.0,1.0,1.0
2020-05-29 16:53:08,-0.009999999999998,9.122,9.108,-0.0180000000000006,9.122,67.0,0.04,1.0,0.0,1.0,1.0,0.0,1.0,1.0,1.0
2020-05-29 16:53:18,-0.009999999999998,9.106,9.092,-0.0159999999999982,9.108,67.05000000000001,0.0375000000000005,1.0,0.0,1.0,1.0,0.0,1.0,1.0,1.0
2020-05-29 16:53:28,-0.0120000000000004,9.088,9.078,-0.0180000000000006,9.09,66.8,0.0375000000000005,1.0,0.0,1.0,1.0,0.0,1.0,1.0,1.0
2020-05-29 16:53:38,-0.009999999999998,9.07,9.058,-0.0159999999999982,9.072,66.625,0.04,1.0,0.0,1.0,1.0,0.0,1.0,1.0,1.0
2020-05-29 16:53:47,-0.0120000000000004,9.054,9.044,-0.0180000000000006,9.056,66.55,0.04,1.0,0.0,1.0,1.0,0.0,1.0,1.0,1.0
2020-05-29 16:53:57,-0.009999999999998,9.04,9.028,-0.0159999999999982,9.04,66.35,0.0424999999999995,1.0,0.0,1.0,1.0,0.0,1.0,1.0,1.0
2020-05-29 16:54:07,-0.009999999999998,9.02,9.01,-0.0199999999999995,9.024,66.225,0.04,1.0,0.0,1.0,1.0,0.0,1.0,1.0,1.0
2020-05-29 16:54:17,-0.009999999999998,9.008,8.996,-0.0159999999999982,9.01,66.19999999999999,0.0375000000000005,1.0,0.0,1.0,1.0,0.0,1.0,1.0,1.0
2020-05-29 16:54:27,-0.0120000000000004,8.986,8.974,-0.0180000000000006,8.988,66.05000000000001,0.0375000000000005,1.0,0.0,1.0,1.0,0.0,1.0,1.0,1.0
2020-05-29 16:54:37,-0.009999999999998,8.968,8.954,-0.0159999999999982,8.97,65.95,0.04,1.0,0.0,1.0,1.0,0.0,1.0,1.0,1.0
2020-05-29 16:54:47,-0.009999999999998,8.922,8.912,-0.0159999999999982,8.924,65.85000000000001,0.0375000000000005,1.0,0.0,1.0,1.0,0.0,1.0,1.0,1.0
2020-05-29 16:54:57,-0.0079999999999991,8.902,8.89,-0.0159999999999982,8.902,65.525,0.0375000000000005,1.0,0.0,1.0,1.0,0.0,1.0,1.0,1.0
2020-05-29 16:55:07,-0.0120000000000004,8.886,8.872,-0.0180000000000006,8.886,65.375,0.0375000000000005,1.0,0.0,1.0,1.0,0.0,1.0,1.0,1.0
2020-05-29 16:55:17,-0.009999999999998,8.868,8.858,-0.0180000000000006,8.87,65.14999999999999,0.04,1.0,0.0,1.0,1.0,0.0,1.0,1.0,1.0
2020-05-29 16:55:27,-0.009999999999998,8.854,8.842,-0.0180000000000006,8.852,65.12500000000001,0.0375000000000005,1.0,0.0,1.0,1.0,0.0,1.0,1.0,1.0
2020-05-29 16:55:37,-0.0120000000000004,8.83,8.82,-0.0159999999999982,8.832,65.05000000000001,0.04,1.0,0.0,1.0,1.0,0.0,1.0,1.0,1.0
2020-05-29 16:55:46,-0.0120000000000004,8.812,8.798,-0.0180000000000006,8.812,65.05000000000001,0.04,1.0,0.0,1.0,1.0,0.0,1.0,1.0,1.0
2020-05-29 16:55:56,-0.009999999999998,8.782,8.77,-0.0180000000000006,8.784,65.025,0.04,1.0,0.0,1.0,1.0,0.0,1.0,1.0,1.0
2020-05-29 16:56:06,-0.0120000000000004,8.768,8.756,-0.0180000000000006,8.768,65.17500000000001,0.04,1.0,0.0,1.0,1.0,0.0,1.0,1.0,1.0
2020-05-29 16:56:16,-0.0120000000000004,8.752,8.74,-0.0180000000000006,8.754,65.12500000000001,0.0375000000000005,1.0,0.0,1.0,1.0,0.0,1.0,1.0,1.0
2020-05-29 16:56:26,-0.009999999999998,8.728,8.718,-0.0180000000000006,8.73,64.95,0.0375000000000005,1.0,0.0,1.0,1.0,0.0,1.0,1.0,1.0
2020-05-29 16:56:36,-0.0120000000000004,8.714,8.7,-0.0159999999999982,8.712,64.92500000000001,0.0375000000000005,1.0,0.0,1.0,1.0,0.0,1.0,1.0,1.0
2020-05-29 16:56:46,-0.0120000000000004,8.686,8.674,-0.0180000000000006,8.686,64.85000000000001,0.0375000000000005,1.0,0.0,1.0,1.0,0.0,1.0,1.0,1.0
2020-05-29 16:56:56,-0.0120000000000004,8.672,8.662,-0.0180000000000006,8.674,64.72500000000001,0.0375000000000005,1.0,0.0,1.0,1.0,0.0,1.0,1.0,1.0
2020-05-29 16:57:06,-0.009999999999998,8.66,8.648,-0.0180000000000006,8.66,64.55,0.0375000000000005,1.0,0.0,1.0,1.0,0.0,1.0,1.0,1.0
2020-05-29 16:57:16,-0.009999999999998,8.646,8.634,-0.0159999999999982,8.648,64.45,0.04,1.0,0.0,1.0,1.0,0.0,1.0,1.0,1.0
2020-05-29 16:57:26,-0.0120000000000004,8.634,8.62,-0.0159999999999982,8.636,64.425,0.04,1.0,0.0,1.0,1.0,0.0,1.0,1.0,1.0
2020-05-29 16:57:35,-0.009999999999998,8.618,8.608,-0.0159999999999982,8.62,64.45,0.04,1.0,0.0,1.0,1.0,0.0,1.0,1.0,1.0
2020-05-29 16:57:45,-0.009999999999998,8.604,8.592,-0.0159999999999982,8.606,64.27499999999999,0.04,1.0,0.0,1.0,1.0,0.0,1.0,1.0,1.0
2020-05-29 16:57:55,-0.009999999999998,8.59,8.578,-0.0159999999999982,8.592,64.225,0.04,1.0,0.0,1.0,1.0,0.0,1.0,1.0,1.0
2020-05-29 16:58:05,-0.0120000000000004,8.576,8.562,-0.0180000000000006,8.576,64.25,0.04,1.0,0.0,1.0,1.0,0.0,1.0,1.0,1.0
2020-05-29 16:58:15,-0.009999999999998,8.56,8.55,-0.0199999999999995,8.564,64.12500000000001,0.0349999999999992,1.0,0.0,1.0,1.0,0.0,1.0,1.0,1.0
2020-05-29 16:58:25,-0.009999999999998,8.494,8.482,-0.0159999999999982,8.496,64.025,0.04,1.0,0.0,1.0,1.0,0.0,1.0,1.0,1.0
2020-05-29 16:58:35,-0.009999999999998,8.482,8.47,-0.0159999999999982,8.484,64.05000000000001,0.0375000000000005,1.0,0.0,1.0,1.0,0.0,1.0,1.0,1.0
2020-05-29 16:58:45,-0.0120000000000004,8.466,8.456,-0.0180000000000006,8.47,63.85000000000001,0.0349999999999992,1.0,0.0,1.0,1.0,0.0,1.0,1.0,1.0
2020-05-29 16:58:55,-0.0120000000000004,8.44,8.428,-0.0180000000000006,8.444,63.825,0.0375000000000005,1.0,0.0,1.0,1.0,0.0,1.0,1.0,1.0
2020-05-29 16:59:05,-0.0120000000000004,8.416,8.404,-0.0180000000000006,8.418,63.675,0.0375000000000005,1.0,0.0,1.0,1.0,0.0,1.0,1.0,1.0
2020-05-29 16:59:15,-0.0120000000000004,8.404,8.392,-0.0180000000000006,8.404,63.55,0.0375000000000005,1.0,0.0,1.0,1.0,0.0,1.0,1.0,1.0
2020-05-29 16:59:24,-0.0120000000000004,8.386,8.374,-0.0180000000000006,8.388,63.55,0.04,1.0,0.0,1.0,1.0,0.0,1.0,1.0,1.0
2020-05-29 16:59:34,-0.009999999999998,8.364,8.352,-0.0159999999999982,8.366,63.425,0.04,1.0,0.0,1.0,1.0,0.0,1.0,1.0,1.0
2020-05-29 16:59:44,-0.0139999999999993,8.308,8.294,-0.0180000000000006,8.308,63.55,0.04,1.0,0.0,1.0,1.0,0.0,1.0,1.0,1.0
2020-05-29 16:59:54,-0.009999999999998,8.264,8.252,-0.0180000000000006,8.266,63.27499999999999,0.04,1.0,0.0,1.0,1.0,0.0,1.0,1.0,1.0
2020-05-29 17:00:04,-0.009999999999998,8.244,8.232,-0.0180000000000006,8.244,63.14999999999999,0.04,1.0,0.0,1.0,1.0,0.0,1.0,1.0,1.0
2020-05-29 17:00:14,-0.0139999999999993,8.184,8.172,-0.0180000000000006,8.184,63.1,0.04,1.0,0.0,1.0,1.0,0.0,1.0,1.0,1.0
2020-05-29 17:00:24,-0.0120000000000004,8.168,8.158,-0.0159999999999982,8.17,62.99999999999999,0.0375000000000005,1.0,0.0,1.0,1.0,0.0,1.0,1.0,1.0
2020-05-29 17:00:34,-0.009999999999998,8.16,8.146,-0.0159999999999982,8.16,63.05000000000001,0.04,1.0,0.0,1.0,1.0,0.0,1.0,1.0,1.0
2020-05-29 17:00:44,-0.0120000000000004,8.138,8.126,-0.0180000000000006,8.14,62.85000000000001,0.0375000000000005,1.0,0.0,1.0,1.0,0.0,1.0,1.0,1.0
2020-05-29 17:00:54,-0.0120000000000004,8.122,8.112,-0.0180000000000006,8.124,62.94999999999999,0.04,1.0,0.0,1.0,1.0,0.0,1.0,1.0,1.0
2020-05-29 17:01:04,-0.0120000000000004,8.078,8.066,-0.0180000000000006,8.078,62.85000000000001,0.0375000000000005,1.0,0.0,1.0,1.0,0.0,1.0,1.0,1.0
2020-05-29 17:01:13,6.2780000000000005,8.07,-0.0240000000000009,-0.0180000000000006,8.07,62.87499999999999,5.289999999999999,0.0,1.0,1.0,0.0,0.0,1.0,1.0,1.0
2020-05-29 17:01:23,6.618,8.174,-0.0219999999999984,-0.0180000000000006,8.176,62.94999999999999,5.329999999999998,0.0,1.0,0.0,0.0,0.0,1.0,1.0,1.0
2020-05-29 17:01:33,8.726,8.266,-0.0159999999999982,-0.0180000000000006,8.264,63.55,5.842499999999999,0.0,1.0,0.0,0.0,0.0,1.0,1.0,1.0
2020-05-29 17:01:43,8.892,8.46,-0.0159999999999982,-0.0180000000000006,8.456,64.225,5.912500000000001,0.0,1.0,0.0,0.0,0.0,1.0,1.0,1.0
2020-05-29 17:01:53,9.094,8.676,-0.0139999999999993,-0.0180000000000006,8.672,64.99999999999999,5.9575,0.0,1.0,0.0,0.0,0.0,1.0,1.0,1.0
2020-05-29 17:02:03,9.3,8.9,-0.009999999999998,-0.0180000000000006,8.896,66.10000000000001,5.969999999999999,0.0,1.0,0.0,0.0,0.0,1.0,1.0,1.0
2020-05-29 17:02:13,9.476,9.088,-0.009999999999998,-0.0180000000000006,9.084,67.12499999999999,5.987499999999999,0.0,1.0,0.0,0.0,0.0,1.0,1.0,1.0
2020-05-29 17:02:23,7.948,9.216,-0.0079999999999991,-0.0199999999999995,9.214,68.12499999999999,5.565,0.0,1.0,1.0,0.0,0.0,1.0,1.0,1.0
2020-05-29 17:02:33,9.74,9.346,-0.0060000000000002,-0.0159999999999982,9.342,69.39999999999999,5.920000000000002,0.0,1.0,1.0,0.0,0.0,1.0,1.0,1.0
2020-05-29 17:02:43,9.908,9.524,-0.0060000000000002,-0.0180000000000006,9.52,70.39999999999999,5.934999999999999,0.0,1.0,1.0,0.0,0.0,1.0,1.0,1.0
2020-05-29 17:02:53,10.068,9.694,-0.0060000000000002,-0.0180000000000006,9.69,71.125,6.035,0.0,1.0,1.0,0.0,0.0,1.0,1.0,1.0
2020-05-29 17:03:02,10.228,9.86,-0.0060000000000002,-0.0180000000000006,9.856,71.8,6.17,0.0,1.0,1.0,0.0,0.0,1.0,1.0,1.0
2020-05-29 17:03:12,10.394,10.034,-0.0060000000000002,-0.0199999999999995,10.03,72.30000000000001,6.225000000000001,0.0,1.0,1.0,0.0,0.0,1.0,1.0,1.0
2020-05-29 17:03:22,8.356,10.132,-0.0060000000000002,-0.0159999999999982,10.128,72.64999999999999,5.74,0.0,1.0,0.0,0.0,0.0,1.0,1.0,1.0
2020-05-29 17:03:32,0.8440000000000012,10.156,10.164,0.6679999999999993,10.154,72.85,3.9499999999999993,1.0,0.0,1.0,1.0,0.0,1.0,1.0,1.0
2020-05-29 17:03:42,-0.0240000000000009,10.108,10.108,-0.0159999999999982,10.102,73.05,3.8249999999999993,1.0,0.0,1.0,1.0,0.0,1.0,1.0,1.0
2020-05-29 17:03:52,-0.0199999999999995,10.066,10.066,-0.0159999999999982,10.064,72.825,3.84,1.0,0.0,1.0,1.0,0.0,1.0,1.0,1.0
2020-05-29 17:04:02,-0.0180000000000006,10.034,10.028,-0.0159999999999982,10.028,72.55,3.8025,1.0,0.0,1.0,1.0,0.0,1.0,1.0,1.0
2020-05-29 17:04:12,-0.0159999999999982,10.0,9.994,-0.0180000000000006,9.996,72.52499999999999,3.745000000000001,1.0,0.0,1.0,1.0,0.0,1.0,1.0,1.0
2020-05-29 17:04:22,-0.0159999999999982,9.972,9.964,-0.0180000000000006,9.97,72.52499999999999,3.745000000000001,1.0,0.0,1.0,1.0,0.0,1.0,1.0,1.0
2020-05-29 17:04:32,-0.0139999999999993,9.95,9.94,-0.0180000000000006,9.948,72.42500000000001,3.717500000000001,1.0,0.0,1.0,1.0,0.0,1.0,1.0,1.0
2020-05-29 17:04:42,-0.0139999999999993,9.926,9.914,-0.0180000000000006,9.922,72.50000000000001,3.717500000000001,1.0,0.0,1.0,1.0,0.0,1.0,1.0,1.0
2020-05-29 17:04:51,-0.0120000000000004,9.902,9.89,-0.0199999999999995,9.9,72.22500000000001,3.695,1.0,0.0,1.0,1.0,0.0,1.0,1.0,1.0
2020-05-29 17:05:01,-0.0120000000000004,9.882,9.872,-0.0159999999999982,9.882,72.0,3.715,1.0,0.0,1.0,1.0,0.0,1.0,1.0,1.0
2020-05-29 17:05:11,-0.0120000000000004,9.862,9.85,-0.0180000000000006,9.86,71.725,3.74,1.0,0.0,1.0,1.0,0.0,1.0,1.0,1.0
2020-05-29 17:05:21,-0.009999999999998,9.844,9.832,-0.0180000000000006,9.842,71.44999999999999,3.76,1.0,0.0,1.0,1.0,0.0,1.0,1.0,1.0
2020-05-29 17:05:31,-0.0120000000000004,9.824,9.81,-0.0180000000000006,9.822,71.125,3.7575,1.0,0.0,1.0,1.0,0.0,1.0,1.0,1.0
2020-05-29 17:05:41,-0.0120000000000004,9.806,9.792,-0.0180000000000006,9.804,70.925,3.73,1.0,0.0,1.0,1.0,0.0,1.0,1.0,1.0
2020-05-29 17:05:51,-0.009999999999998,9.788,9.776,-0.0180000000000006,9.784,70.64999999999999,3.7375000000000007,1.0,0.0,1.0,1.0,0.0,1.0,1.0,1.0
2020-05-29 17:06:01,-0.009999999999998,9.768,9.756,-0.0180000000000006,9.766,70.32499999999999,3.75,1.0,0.0,1.0,1.0,0.0,1.0,1.0,1.0
2020-05-29 17:06:11,-0.0079999999999991,9.752,9.74,-0.0180000000000006,9.752,70.15,3.7775,1.0,0.0,1.0,1.0,0.0,1.0,1.0,1.0
2020-05-29 17:06:21,-0.009999999999998,9.736,9.724,-0.0180000000000006,9.734,69.925,3.789999999999999,1.0,0.0,1.0,1.0,0.0,1.0,1.0,1.0
2020-05-29 17:06:31,-0.009999999999998,9.72,9.708,-0.0199999999999995,9.718,69.625,3.77,1.0,0.0,1.0,1.0,0.0,1.0,1.0,1.0
2020-05-29 17:06:40,-0.009999999999998,9.704,9.69,-0.0159999999999982,9.704,69.30000000000001,3.7250000000000014,1.0,0.0,1.0,1.0,0.0,1.0,1.0,1.0
2020-05-29 17:06:50,-0.009999999999998,9.686,9.674,-0.0180000000000006,9.686,69.17500000000001,3.6975,1.0,0.0,1.0,1.0,0.0,1.0,1.0,1.0
2020-05-29 17:07:00,-0.0079999999999991,9.67,9.658,-0.0180000000000006,9.67,68.95,3.6875,1.0,0.0,1.0,1.0,0.0,1.0,1.0,1.0
2020-05-29 17:07:10,-0.0120000000000004,9.652,9.638,-0.0180000000000006,9.652,68.725,3.73,1.0,0.0,1.0,1.0,0.0,1.0,1.0,1.0
2020-05-29 17:07:20,-0.0079999999999991,9.638,9.622,-0.0180000000000006,9.636,68.75,3.782499999999999,1.0,0.0,1.0,1.0,0.0,1.0,1.0,1.0
2020-05-29 17:07:30,-0.0079999999999991,9.622,9.608,-0.0180000000000006,9.622,68.5,3.7575,1.0,0.0,1.0,1.0,0.0,1.0,1.0,1.0
2020-05-29 17:07:40,-0.009999999999998,9.604,9.592,-0.0180000000000006,9.604,68.625,3.7225,1.0,0.0,1.0,1.0,0.0,1.0,1.0,1.0
2020-05-29 17:07:50,-0.009999999999998,9.59,9.576,-0.0159999999999982,9.59,68.8,3.7575,1.0,0.0,1.0,1.0,0.0,1.0,1.0,1.0
2020-05-29 17:08:00,-0.009999999999998,9.574,9.56,-0.0180000000000006,9.572,68.85,3.7425,1.0,0.0,1.0,1.0,0.0,1.0,1.0,1.0
2020-05-29 17:08:10,-0.009999999999998,9.556,9.542,-0.0180000000000006,9.558,68.725,3.69,1.0,0.0,1.0,1.0,0.0,1.0,1.0,1.0
2020-05-29 17:08:20,-0.009999999999998,9.542,9.528,-0.0180000000000006,9.54,68.675,3.655000000000001,1.0,0.0,1.0,1.0,0.0,1.0,1.0,1.0
2020-05-29 17:08:29,-0.009999999999998,9.526,9.512,-0.0199999999999995,9.524,68.52499999999999,3.6625,1.0,0.0,1.0,1.0,0.0,1.0,1.0,1.0
2020-05-29 17:08:39,-0.009999999999998,9.51,9.498,-0.0199999999999995,9.51,68.625,3.655000000000001,1.0,0.0,1.0,1.0,0.0,1.0,1.0,1.0
2020-05-29 17:08:49,-0.009999999999998,9.494,9.482,-0.0199999999999995,9.496,68.35,3.655000000000001,1.0,0.0,1.0,1.0,0.0,1.0,1.0,1.0
2020-05-29 17:08:59,-0.009999999999998,9.48,9.468,-0.0199999999999995,9.48,68.5,3.685000000000001,1.0,0.0,1.0,1.0,0.0,1.0,1.0,1.0
2020-05-29 17:09:09,-0.009999999999998,9.464,9.452,-0.0199999999999995,9.464,68.52499999999999,3.685000000000001,1.0,0.0,1.0,1.0,0.0,1.0,1.0,1.0
2020-05-29 17:09:19,-0.0079999999999991,9.452,9.44,-0.0180000000000006,9.452,68.575,3.6999999999999993,1.0,0.0,1.0,1.0,0.0,1.0,1.0,1.0
2020-05-29 17:09:29,-0.009999999999998,9.436,9.422,-0.0180000000000006,9.436,68.775,3.7250000000000014,1.0,0.0,1.0,1.0,0.0,1.0,1.0,1.0
2020-05-29 17:09:39,-0.009999999999998,9.42,9.408,-0.0180000000000006,9.42,68.9,3.7375000000000007,1.0,0.0,1.0,1.0,0.0,1.0,1.0,1.0
2020-05-29 17:09:49,-0.009999999999998,9.406,9.396,-0.0180000000000006,9.406,68.925,3.75,1.0,0.0,1.0,1.0,0.0,1.0,1.0,1.0
2020-05-29 17:09:59,-0.0079999999999991,9.392,9.382,-0.0180000000000006,9.394,69.025,3.7624999999999993,1.0,0.0,1.0,1.0,0.0,1.0,1.0,1.0
2020-05-29 17:10:09,-0.009999999999998,9.376,9.364,-0.0199999999999995,9.376,69.0,3.710000000000001,1.0,0.0,1.0,1.0,0.0,1.0,1.0,1.0
2020-05-29 17:10:19,-0.009999999999998,9.362,9.35,-0.0180000000000006,9.364,69.025,3.6750000000000007,1.0,0.0,1.0,1.0,0.0,1.0,1.0,1.0
2020-05-29 17:10:28,-0.0079999999999991,9.348,9.336,-0.0199999999999995,9.348,69.04999999999998,0.0424999999999995,1.0,0.0,1.0,1.0,0.0,1.0,1.0,1.0
2020-05-29 17:10:38,-0.009999999999998,9.332,9.32,-0.0180000000000006,9.334,69.025,0.0424999999999995,1.0,0.0,1.0,1.0,0.0,1.0,1.0,1.0
2020-05-29 17:10:48,-0.009999999999998,9.318,9.304,-0.0180000000000006,9.318,68.825,0.0375000000000005,1.0,0.0,1.0,1.0,0.0,1.0,1.0,1.0
2020-05-29 17:10:58,-0.009999999999998,9.302,9.288,-0.0199999999999995,9.302,68.675,0.04,1.0,0.0,1.0,1.0,0.0,1.0,1.0,1.0
2020-05-29 17:11:08,-0.009999999999998,9.286,9.274,-0.0199999999999995,9.288,68.425,0.04,1.0,0.0,1.0,1.0,0.0,1.0,1.0,1.0
2020-05-29 17:11:18,-0.009999999999998,9.27,9.258,-0.0180000000000006,9.27,68.05000000000001,0.04,1.0,0.0,1.0,1.0,0.0,1.0,1.0,1.0
2020-05-29 17:11:28,-0.009999999999998,9.256,9.242,-0.0199999999999995,9.256,67.8,0.04,1.0,0.0,1.0,1.0,0.0,1.0,1.0,1.0
2020-05-29 17:11:38,-0.009999999999998,9.24,9.228,-0.0180000000000006,9.242,67.52499999999999,0.0375000000000005,1.0,0.0,1.0,1.0,0.0,1.0,1.0,1.0
2020-05-29 17:11:48,-0.009999999999998,9.226,9.212,-0.0199999999999995,9.226,67.25000000000001,0.04,1.0,0.0,1.0,1.0,0.0,1.0,1.0,1.0
2020-05-29 17:11:58,-0.009999999999998,9.208,9.198,-0.0199999999999995,9.21,66.825,0.04,1.0,0.0,1.0,1.0,0.0,1.0,1.0,1.0
2020-05-29 17:12:08,-0.0120000000000004,9.194,9.182,-0.0180000000000006,9.196,66.75,0.04,1.0,0.0,1.0,1.0,0.0,1.0,1.0,1.0
2020-05-29 17:12:17,-0.0079999999999991,9.18,9.168,-0.0180000000000006,9.182,66.45,0.04,1.0,0.0,1.0,1.0,0.0,1.0,1.0,1.0
2020-05-29 17:12:27,-0.009999999999998,9.164,9.152,-0.0180000000000006,9.166,66.19999999999999,0.04,1.0,0.0,1.0,1.0,0.0,1.0,1.0,1.0
2020-05-29 17:12:37,-0.0120000000000004,9.148,9.136,-0.0199999999999995,9.15,66.025,0.0375000000000005,1.0,0.0,1.0,1.0,0.0,1.0,1.0,1.0
2020-05-29 17:12:47,-0.009999999999998,9.134,9.12,-0.0199999999999995,9.136,65.825,0.04,1.0,0.0,1.0,1.0,0.0,1.0,1.0,1.0
2020-05-29 17:12:57,-0.009999999999998,9.12,9.106,-0.0199999999999995,9.12,65.65,0.04,1.0,0.0,1.0,1.0,0.0,1.0,1.0,1.0
2020-05-29 17:13:07,-0.009999999999998,9.106,9.092,-0.0159999999999982,9.106,65.525,0.04,1.0,0.0,1.0,1.0,0.0,1.0,1.0,1.0
2020-05-29 17:13:17,-0.009999999999998,9.092,9.078,-0.0180000000000006,9.094,65.225,0.0375000000000005,1.0,0.0,1.0,1.0,0.0,1.0,1.0,1.0
2020-05-29 17:13:27,-0.0120000000000004,9.076,9.062,-0.0199999999999995,9.078,65.12500000000001,0.04,1.0,0.0,1.0,1.0,0.0,1.0,1.0,1.0
2020-05-29 17:13:37,-0.009999999999998,9.062,9.05,-0.0180000000000006,9.062,64.99999999999999,0.04,1.0,0.0,1.0,1.0,0.0,1.0,1.0,1.0
2020-05-29 17:13:47,-0.0120000000000004,9.046,9.032,-0.0180000000000006,9.046,64.825,0.04,1.0,0.0,1.0,1.0,0.0,1.0,1.0,1.0
2020-05-29 17:13:57,-0.009999999999998,9.032,9.018,-0.0199999999999995,9.034,64.85000000000001,0.04,1.0,0.0,1.0,1.0,0.0,1.0,1.0,1.0
2020-05-29 17:14:06,-0.009999999999998,9.018,9.006,-0.0180000000000006,9.018,64.72500000000001,0.04,1.0,0.0,1.0,1.0,0.0,1.0,1.0,1.0
2020-05-29 17:14:16,-0.0120000000000004,9.004,8.99,-0.0180000000000006,9.004,64.675,0.04,1.0,0.0,1.0,1.0,0.0,1.0,1.0,1.0
2020-05-29 17:14:26,-0.009999999999998,8.988,8.976,-0.0180000000000006,8.99,64.55,0.04,1.0,0.0,1.0,1.0,0.0,1.0,1.0,1.0
2020-05-29 17:14:36,-0.009999999999998,8.974,8.962,-0.0180000000000006,8.976,64.45,0.0375000000000005,1.0,0.0,1.0,1.0,0.0,1.0,1.0,1.0
2020-05-29 17:14:46,-0.0120000000000004,8.962,8.948,-0.0159999999999982,8.964,64.375,0.0375000000000005,1.0,0.0,1.0,1.0,0.0,1.0,1.0,1.0
2020-05-29 17:14:56,-0.009999999999998,8.946,8.932,-0.0199999999999995,8.946,64.27499999999999,0.04,1.0,0.0,1.0,1.0,0.0,1.0,1.0,1.0
2020-05-29 17:15:06,-0.0079999999999991,8.932,8.92,-0.0180000000000006,8.934,64.19999999999999,0.04,1.0,0.0,1.0,1.0,0.0,1.0,1.0,1.0
2020-05-29 17:15:16,-0.0079999999999991,8.92,8.908,-0.0180000000000006,8.922,64.14999999999999,0.04,1.0,0.0,1.0,1.0,0.0,1.0,1.0,1.0
2020-05-29 17:15:26,-0.009999999999998,8.906,8.892,-0.0159999999999982,8.906,64.07499999999999,0.04,1.0,0.0,1.0,1.0,0.0,1.0,1.0,1.0
2020-05-29 17:15:36,-0.0120000000000004,8.89,8.878,-0.0180000000000006,8.89,64.12500000000001,0.04,1.0,0.0,1.0,1.0,0.0,1.0,1.0,1.0
2020-05-29 17:15:46,-0.009999999999998,8.876,8.864,-0.0159999999999982,8.878,63.94999999999999,0.04,1.0,0.0,1.0,1.0,0.0,1.0,1.0,1.0
2020-05-29 17:15:55,-0.009999999999998,8.864,8.852,-0.0180000000000006,8.864,63.900000000000006,0.04,1.0,0.0,1.0,1.0,0.0,1.0,1.0,1.0
2020-05-29 17:16:05,-0.0120000000000004,8.848,8.836,-0.0180000000000006,8.85,63.825,0.04,1.0,0.0,1.0,1.0,0.0,1.0,1.0,1.0
2020-05-29 17:16:15,-0.009999999999998,8.836,8.824,-0.0180000000000006,8.836,63.79999999999998,0.0375000000000005,1.0,0.0,1.0,1.0,0.0,1.0,1.0,1.0
2020-05-29 17:16:25,-0.009999999999998,8.822,8.81,-0.0180000000000006,8.824,63.72500000000001,0.0375000000000005,1.0,0.0,1.0,1.0,0.0,1.0,1.0,1.0
2020-05-29 17:16:35,-0.009999999999998,8.808,8.796,-0.0180000000000006,8.808,63.625,0.04,1.0,0.0,1.0,1.0,0.0,1.0,1.0,1.0
2020-05-29 17:16:45,-0.009999999999998,8.794,8.784,-0.0180000000000006,8.796,63.55,0.04,1.0,0.0,1.0,1.0,0.0,1.0,1.0,1.0
2020-05-29 17:16:55,-0.009999999999998,8.78,8.768,-0.0180000000000006,8.782,63.6,0.04,1.0,0.0,1.0,1.0,0.0,1.0,1.0,1.0
2020-05-29 17:17:05,-0.0120000000000004,8.766,8.756,-0.0180000000000006,8.768,63.425,0.04,1.0,0.0,1.0,1.0,0.0,1.0,1.0,1.0
2020-05-29 17:17:15,-0.009999999999998,8.754,8.742,-0.0180000000000006,8.754,63.35,0.04,1.0,0.0,1.0,1.0,0.0,1.0,1.0,1.0
2020-05-29 17:17:25,-0.009999999999998,8.74,8.73,-0.0180000000000006,8.742,63.25,0.04,1.0,0.0,1.0,1.0,0.0,1.0,1.0,1.0
2020-05-29 17:17:35,-0.009999999999998,8.726,8.716,-0.0180000000000006,8.728,63.225,0.04,1.0,0.0,1.0,1.0,0.0,1.0,1.0,1.0
2020-05-29 17:17:45,-0.0120000000000004,8.712,8.702,-0.0180000000000006,8.714,63.14999999999999,0.0424999999999995,1.0,0.0,1.0,1.0,0.0,1.0,1.0,1.0
2020-05-29 17:17:54,-0.0120000000000004,8.7,8.688,-0.0180000000000006,8.702,63.05000000000001,0.04,1.0,0.0,1.0,1.0,0.0,1.0,1.0,1.0
2020-05-29 17:18:04,-0.009999999999998,8.688,8.676,-0.0180000000000006,8.69,63.07499999999999,0.0375000000000005,1.0,0.0,1.0,1.0,0.0,1.0,1.0,1.0
2020-05-29 17:18:14,-0.0120000000000004,8.674,8.662,-0.0180000000000006,8.674,63.05000000000001,0.04,1.0,0.0,1.0,1.0,0.0,1.0,1.0,1.0
2020-05-29 17:18:24,-0.0120000000000004,8.662,8.65,-0.0180000000000006,8.662,62.94999999999999,0.04,1.0,0.0,1.0,1.0,0.0,1.0,1.0,1.0
2020-05-29 17:18:34,-0.0120000000000004,8.648,8.636,-0.0180000000000006,8.65,62.97500000000001,0.04,1.0,0.0,1.0,1.0,0.0,1.0,1.0,1.0
2020-05-29 17:18:44,-0.009999999999998,8.636,8.624,-0.0180000000000006,8.636,62.87499999999999,0.04,1.0,0.0,1.0,1.0,0.0,1.0,1.0,1.0
2020-05-29 17:18:54,-0.0120000000000004,8.622,8.612,-0.0180000000000006,8.624,62.775000000000006,0.04,1.0,0.0,1.0,1.0,0.0,1.0,1.0,1.0
2020-05-29 17:19:04,-0.0120000000000004,8.61,8.6,-0.0159999999999982,8.612,62.775000000000006,0.04,1.0,0.0,1.0,1.0,0.0,1.0,1.0,1.0
2020-05-29 17:19:14,-0.0120000000000004,8.598,8.584,-0.0180000000000006,8.598,62.72500000000001,0.04,1.0,0.0,1.0,1.0,0.0,1.0,1.0,1.0
2020-05-29 17:19:24,-0.009999999999998,8.586,8.572,-0.0180000000000006,8.586,62.650000000000006,0.04,1.0,0.0,1.0,1.0,0.0,1.0,1.0,1.0
2020-05-29 17:19:34,-0.0120000000000004,8.572,8.56,-0.0180000000000006,8.572,62.7,0.04,1.0,0.0,1.0,1.0,0.0,1.0,1.0,1.0
2020-05-29 17:19:44,-0.0120000000000004,8.558,8.548,-0.0180000000000006,8.56,62.55,0.0375000000000005,1.0,0.0,1.0,1.0,0.0,1.0,1.0,1.0
2020-05-29 17:19:54,-0.0120000000000004,8.546,8.534,-0.0199999999999995,8.546,62.45,0.04,1.0,0.0,1.0,1.0,0.0,1.0,1.0,1.0
2020-05-29 17:20:03,-0.009999999999998,8.534,8.524,-0.0159999999999982,8.536,62.475,0.04,1.0,0.0,1.0,1.0,0.0,1.0,1.0,1.0
2020-05-29 17:20:13,-0.009999999999998,8.522,8.51,-0.0180000000000006,8.522,62.35,0.0375000000000005,1.0,0.0,1.0,1.0,0.0,1.0,1.0,1.0
2020-05-29 17:20:23,-0.0120000000000004,8.508,8.496,-0.0180000000000006,8.508,62.400000000000006,0.04,1.0,0.0,1.0,1.0,0.0,1.0,1.0,1.0
2020-05-29 17:20:33,-0.0120000000000004,8.496,8.484,-0.0180000000000006,8.496,62.35,0.04,1.0,0.0,1.0,1.0,0.0,1.0,1.0,1.0
2020-05-29 17:20:43,-0.009999999999998,8.486,8.474,-0.0180000000000006,8.486,62.225,0.04,1.0,0.0,1.0,1.0,0.0,1.0,1.0,1.0
2020-05-29 17:20:53,-0.0120000000000004,8.472,8.46,-0.0180000000000006,8.472,62.14999999999999,0.04,1.0,0.0,1.0,1.0,0.0,1.0,1.0,1.0
2020-05-29 17:21:03,-0.0120000000000004,8.46,8.448,-0.0180000000000006,8.46,62.14999999999999,0.04,1.0,0.0,1.0,1.0,0.0,1.0,1.0,1.0
2020-05-29 17:21:13,-0.0120000000000004,8.446,8.436,-0.0180000000000006,8.448,62.175,0.04,1.0,0.0,1.0,1.0,0.0,1.0,1.0,1.0
2020-05-29 17:21:23,-0.0120000000000004,8.436,8.424,-0.0180000000000006,8.436,62.07499999999999,0.0375000000000005,1.0,0.0,1.0,1.0,0.0,1.0,1.0,1.0
2020-05-29 17:21:33,-0.009999999999998,8.424,8.412,-0.0180000000000006,8.424,62.02499999999999,0.04,1.0,0.0,1.0,1.0,0.0,1.0,1.0,1.0
2020-05-29 17:21:43,-0.0120000000000004,8.41,8.4,-0.0180000000000006,8.412,61.87499999999999,0.04,1.0,0.0,1.0,1.0,0.0,1.0,1.0,1.0
2020-05-29 17:21:53,-0.0120000000000004,8.398,8.386,-0.0180000000000006,8.398,61.85000000000001,0.0375000000000005,1.0,0.0,1.0,1.0,0.0,1.0,1.0,1.0
2020-05-29 17:22:02,-0.0120000000000004,8.386,8.374,-0.0180000000000006,8.386,61.85000000000001,0.04,1.0,0.0,1.0,1.0,0.0,1.0,1.0,1.0
2020-05-29 17:22:12,-0.0120000000000004,8.372,8.362,-0.0180000000000006,8.376,61.85000000000001,0.0424999999999995,1.0,0.0,1.0,1.0,0.0,1.0,1.0,1.0
2020-05-29 17:22:22,-0.0120000000000004,8.36,8.35,-0.0180000000000006,8.362,61.85000000000001,0.04,1.0,0.0,1.0,1.0,0.0,1.0,1.0,1.0
2020-05-29 17:22:32,-0.0139999999999993,8.348,8.336,-0.0180000000000006,8.348,61.650000000000006,0.04,1.0,0.0,1.0,1.0,0.0,1.0,1.0,1.0
2020-05-29 17:22:42,-0.0120000000000004,8.338,8.326,-0.0199999999999995,8.338,61.650000000000006,0.0375000000000005,1.0,0.0,1.0,1.0,0.0,1.0,1.0,1.0
2020-05-29 17:22:52,-0.0120000000000004,8.324,8.312,-0.0180000000000006,8.326,61.650000000000006,0.04,1.0,0.0,1.0,1.0,0.0,1.0,1.0,1.0
2020-05-29 17:23:02,-0.0120000000000004,8.312,8.302,-0.0180000000000006,8.314,61.650000000000006,0.0375000000000005,1.0,0.0,1.0,1.0,0.0,1.0,1.0,1.0
2020-05-29 17:23:12,-0.0120000000000004,8.3,8.29,-0.0180000000000006,8.302,61.625,0.04,1.0,0.0,1.0,1.0,0.0,1.0,1.0,1.0
2020-05-29 17:23:22,-0.0120000000000004,8.288,8.276,-0.0180000000000006,8.29,61.475,0.04,1.0,0.0,1.0,1.0,0.0,1.0,1.0,1.0
2020-05-29 17:23:32,-0.0120000000000004,8.276,8.264,-0.0180000000000006,8.278,61.45,0.0375000000000005,1.0,0.0,1.0,1.0,0.0,1.0,1.0,1.0
2020-05-29 17:23:42,-0.0120000000000004,8.262,8.254,-0.0180000000000006,8.266,61.5,0.0375000000000005,1.0,0.0,1.0,1.0,0.0,1.0,1.0,1.0
2020-05-29 17:23:52,-0.0120000000000004,8.252,8.24,-0.0180000000000006,8.254,61.35,0.04,1.0,0.0,1.0,1.0,0.0,1.0,1.0,1.0
2020-05-29 17:24:01,-0.009999999999998,8.238,8.23,-0.0199999999999995,8.24,61.35,0.04,1.0,0.0,1.0,1.0,0.0,1.0,1.0,1.0
2020-05-29 17:24:11,-0.0120000000000004,8.228,8.218,-0.0180000000000006,8.232,61.225,0.04,1.0,0.0,1.0,1.0,0.0,1.0,1.0,1.0
2020-05-29 17:24:21,-0.0120000000000004,8.216,8.204,-0.0180000000000006,8.218,61.175,0.04,1.0,0.0,1.0,1.0,0.0,1.0,1.0,1.0
2020-05-29 17:24:31,-0.0120000000000004,8.204,8.194,-0.0180000000000006,8.206,61.175,0.04,1.0,0.0,1.0,1.0,0.0,1.0,1.0,1.0
2020-05-29 17:24:41,-0.0120000000000004,8.192,8.182,-0.0180000000000006,8.194,61.175,0.0375000000000005,1.0,0.0,1.0,1.0,0.0,1.0,1.0,1.0
2020-05-29 17:24:51,-0.0120000000000004,8.18,8.17,-0.0180000000000006,8.182,61.05000000000001,0.0375000000000005,1.0,0.0,1.0,1.0,0.0,1.0,1.0,1.0
2020-05-29 17:25:01,-0.0120000000000004,8.168,8.158,-0.0180000000000006,8.17,60.975,0.04,1.0,0.0,1.0,1.0,0.0,1.0,1.0,1.0
2020-05-29 17:25:11,-0.0139999999999993,8.156,8.144,-0.0180000000000006,8.158,60.975,0.04,1.0,0.0,1.0,1.0,0.0,1.0,1.0,1.0
2020-05-29 17:25:21,-0.0120000000000004,8.144,8.134,-0.0180000000000006,8.146,60.94999999999999,0.04,1.0,0.0,1.0,1.0,0.0,1.0,1.0,1.0
2020-05-29 17:25:31,-0.0120000000000004,8.132,8.122,-0.0180000000000006,8.136,60.94999999999999,0.04,1.0,0.0,1.0,1.0,0.0,1.0,1.0,1.0
2020-05-29 17:25:41,-0.0120000000000004,8.12,8.11,-0.0199999999999995,8.124,60.94999999999999,0.0375000000000005,1.0,0.0,1.0,1.0,0.0,1.0,1.0,1.0
2020-05-29 17:25:51,-0.0120000000000004,8.108,8.098,-0.0180000000000006,8.11,60.94999999999999,0.04,1.0,0.0,1.0,1.0,0.0,1.0,1.0,1.0
2020-05-29 17:26:00,-0.0120000000000004,8.096,8.086,-0.0180000000000006,8.098,60.85000000000001,0.04,1.0,0.0,1.0,1.0,0.0,1.0,1.0,1.0
2020-05-29 17:26:10,-0.0120000000000004,8.086,8.074,-0.0180000000000006,8.088,60.82499999999999,0.04,1.0,0.0,1.0,1.0,0.0,1.0,1.0,1.0
2020-05-29 17:26:20,2.308,8.072,-0.0259999999999998,-0.0180000000000006,8.074,60.87499999999999,4.762499999999999,0.0,1.0,0.0,0.0,0.0,1.0,1.0,1.0
2020-05-29 17:26:30,8.502,8.086,-0.0219999999999984,-0.0159999999999982,8.084,60.7,5.782499999999999,0.0,1.0,0.0,0.0,0.0,1.0,1.0,1.0
2020-05-29 17:26:40,8.778,8.326,-0.0199999999999995,-0.0180000000000006,8.324,60.650000000000006,5.8775,0.0,1.0,0.0,0.0,0.0,1.0,1.0,1.0
2020-05-29 17:26:50,9.008,8.576,-0.0159999999999982,-0.0180000000000006,8.574,61.175,5.885,0.0,1.0,0.0,0.0,0.0,1.0,1.0,1.0
2020-05-29 17:27:00,9.202,8.786,-0.0159999999999982,-0.0159999999999982,8.786,61.75,5.952500000000001,0.0,1.0,0.0,0.0,0.0,1.0,1.0,1.0
2020-05-29 17:27:10,9.03,8.878,-0.0139999999999993,-0.0180000000000006,8.878,62.625,5.905000000000001,0.0,1.0,1.0,0.0,0.0,1.0,1.0,1.0
2020-05-29 17:27:20,9.482,9.07,-0.0139999999999993,-0.0180000000000006,9.066,63.6,6.0625,0.0,1.0,1.0,0.0,0.0,1.0,1.0,1.0
2020-05-29 17:27:30,9.676,9.278,-0.0120000000000004,-0.0180000000000006,9.276,64.6,6.047499999999999,0.0,1.0,1.0,0.0,0.0,1.0,1.0,1.0
2020-05-29 17:27:40,9.844,9.458,-0.009999999999998,-0.0180000000000006,9.454,65.55,6.09,0.0,1.0,1.0,0.0,0.0,1.0,1.0,1.0
2020-05-29 17:27:49,10.002,9.63,-0.0120000000000004,-0.0180000000000006,9.628,66.55,6.0600000000000005,0.0,1.0,1.0,0.0,0.0,1.0,1.0,1.0
2020-05-29 17:27:59,10.158,9.794,-0.009999999999998,-0.0159999999999982,9.794,67.5,6.040000000000001,0.0,1.0,1.0,0.0,0.0,1.0,1.0,1.0
2020-05-29 17:28:09,9.402,9.856,-0.009999999999998,-0.0180000000000006,9.854,68.7,5.834999999999999,0.0,1.0,0.0,0.0,0.0,1.0,1.0,1.0
2020-05-29 17:28:19,10.346,9.978,-0.009999999999998,-0.0180000000000006,9.974,69.625,6.067499999999999,0.0,1.0,0.0,0.0,0.0,1.0,1.0,1.0
2020-05-29 17:28:29,10.5,10.134,-0.009999999999998,-0.0159999999999982,10.132,70.37500000000001,6.215,0.0,1.0,0.0,0.0,0.0,1.0,1.0,1.0
2020-05-29 17:28:39,-0.0240000000000009,10.126,10.128,-0.0159999999999982,10.122,70.9,3.789999999999999,1.0,0.0,1.0,1.0,0.0,1.0,1.0,1.0
2020-05-29 17:28:49,-0.0240000000000009,10.082,10.08,-0.0180000000000006,10.08,71.025,3.805,1.0,0.0,1.0,1.0,0.0,1.0,1.0,1.0
2020-05-29 17:28:59,-0.0219999999999984,10.044,10.042,-0.0199999999999995,10.042,70.9,3.815,1.0,0.0,1.0,1.0,0.0,1.0,1.0,1.0
2020-05-29 17:29:09,-0.0180000000000006,10.01,10.006,-0.0180000000000006,10.01,70.85,3.8249999999999993,1.0,0.0,1.0,1.0,0.0,1.0,1.0,1.0
2020-05-29 17:29:19,-0.0159999999999982,9.984,9.976,-0.0180000000000006,9.982,71.025,3.815,1.0,0.0,1.0,1.0,0.0,1.0,1.0,1.0
2020-05-29 17:29:29,-0.0159999999999982,9.958,9.95,-0.0159999999999982,9.956,71.22500000000001,3.772499999999999,1.0,0.0,1.0,1.0,0.0,1.0,1.0,1.0
2020-05-29 17:29:38,-0.0139999999999993,9.936,9.926,-0.0159999999999982,9.932,71.22500000000001,3.727500000000001,1.0,0.0,1.0,1.0,0.0,1.0,1.0,1.0
2020-05-29 17:29:48,-0.0120000000000004,9.912,9.9,-0.0159999999999982,9.912,71.025,3.754999999999999,1.0,0.0,1.0,1.0,0.0,1.0,1.0,1.0
2020-05-29 17:29:58,-0.0139999999999993,9.89,9.88,-0.0159999999999982,9.89,70.625,3.84,1.0,0.0,1.0,1.0,0.0,1.0,1.0,1.0
2020-05-29 17:30:08,-0.0120000000000004,9.87,9.858,-0.0159999999999982,9.868,70.52499999999999,3.789999999999999,1.0,0.0,1.0,1.0,0.0,1.0,1.0,1.0
2020-05-29 17:30:18,-0.0120000000000004,9.848,9.838,-0.0159999999999982,9.848,70.17500000000001,3.74,1.0,0.0,1.0,1.0,0.0,1.0,1.0,1.0
2020-05-29 17:30:28,-0.0120000000000004,9.83,9.818,-0.0180000000000006,9.83,70.04999999999998,3.7225,1.0,0.0,1.0,1.0,0.0,1.0,1.0,1.0
2020-05-29 17:30:38,-0.0120000000000004,9.812,9.8,-0.0180000000000006,9.812,69.825,3.795,1.0,0.0,1.0,1.0,0.0,1.0,1.0,1.0
2020-05-29 17:30:48,-0.009999999999998,9.794,9.782,-0.0180000000000006,9.794,69.725,3.795,1.0,0.0,1.0,1.0,0.0,1.0,1.0,1.0
2020-05-29 17:30:58,-0.009999999999998,9.776,9.762,-0.0180000000000006,9.776,69.475,3.715,1.0,0.0,1.0,1.0,0.0,1.0,1.0,1.0
2020-05-29 17:31:08,-0.009999999999998,9.756,9.746,-0.0180000000000006,9.758,69.12499999999999,3.78,1.0,0.0,1.0,1.0,0.0,1.0,1.0,1.0
2020-05-29 17:31:18,-0.009999999999998,9.74,9.73,-0.0180000000000006,9.742,68.85,3.77,1.0,0.0,1.0,1.0,0.0,1.0,1.0,1.0
2020-05-29 17:31:28,-0.009999999999998,9.724,9.71,-0.0180000000000006,9.724,68.5,3.695,1.0,0.0,1.0,1.0,0.0,1.0,1.0,1.0
2020-05-29 17:31:37,-0.009999999999998,9.706,9.694,-0.0159999999999982,9.708,68.22500000000001,3.754999999999999,1.0,0.0,1.0,1.0,0.0,1.0,1.0,1.0
2020-05-29 17:31:47,-0.009999999999998,9.692,9.678,-0.0159999999999982,9.69,68.0,3.785,1.0,0.0,1.0,1.0,0.0,1.0,1.0,1.0
2020-05-29 17:31:57,-0.009999999999998,9.674,9.66,-0.0199999999999995,9.674,67.85000000000001,3.7125,1.0,0.0,1.0,1.0,0.0,1.0,1.0,1.0
2020-05-29 17:32:07,-0.009999999999998,9.658,9.648,-0.0180000000000006,9.658,67.75,3.789999999999999,1.0,0.0,1.0,1.0,0.0,1.0,1.0,1.0
2020-05-29 17:32:17,-0.009999999999998,9.642,9.63,-0.0180000000000006,9.642,67.65,3.785,1.0,0.0,1.0,1.0,0.0,1.0,1.0,1.0
2020-05-29 17:32:27,-0.009999999999998,9.628,9.614,-0.0180000000000006,9.628,67.575,3.815,1.0,0.0,1.0,1.0,0.0,1.0,1.0,1.0
2020-05-29 17:32:37,-0.009999999999998,9.612,9.6,-0.0159999999999982,9.612,67.52499999999999,3.7425,1.0,0.0,1.0,1.0,0.0,1.0,1.0,1.0
2020-05-29 17:32:47,-0.009999999999998,9.494,9.48,-0.0180000000000006,9.496,67.425,3.727500000000001,1.0,0.0,1.0,1.0,0.0,1.0,1.0,1.0
2020-05-29 17:32:57,-0.009999999999998,9.436,9.422,-0.0199999999999995,9.438,67.30000000000001,3.7525,1.0,0.0,1.0,1.0,0.0,1.0,1.0,1.0
2020-05-29 17:33:07,-0.009999999999998,9.426,9.416,-0.0159999999999982,9.43,67.225,3.8125,1.0,0.0,1.0,1.0,0.0,1.0,1.0,1.0
2020-05-29 17:33:17,-0.0079999999999991,9.416,9.404,-0.0159999999999982,9.418,67.425,3.785,1.0,0.0,1.0,1.0,0.0,1.0,1.0,1.0
2020-05-29 17:33:27,-0.009999999999998,9.404,9.392,-0.0180000000000006,9.404,67.65,3.7075,1.0,0.0,1.0,1.0,0.0,1.0,1.0,1.0
2020-05-29 17:33:36,-0.0079999999999991,9.39,9.38,-0.0180000000000006,9.392,67.75,3.6775,1.0,0.0,1.0,1.0,0.0,1.0,1.0,1.0
2020-05-29 17:33:46,-0.0120000000000004,9.376,9.366,-0.0159999999999982,9.38,67.725,3.715,1.0,0.0,1.0,1.0,0.0,1.0,1.0,1.0
2020-05-29 17:33:56,-0.009999999999998,9.364,9.354,-0.0180000000000006,9.366,67.725,3.7575,1.0,0.0,1.0,1.0,0.0,1.0,1.0,1.0
2020-05-29 17:34:06,-0.009999999999998,9.352,9.338,-0.0159999999999982,9.354,67.825,3.7925,1.0,0.0,1.0,1.0,0.0,1.0,1.0,1.0
2020-05-29 17:34:16,-0.009999999999998,9.336,9.326,-0.0180000000000006,9.34,67.75,3.747500000000001,1.0,0.0,1.0,1.0,0.0,1.0,1.0,1.0
2020-05-29 17:34:26,-0.009999999999998,9.326,9.31,-0.0180000000000006,9.328,67.775,3.68,1.0,0.0,1.0,1.0,0.0,1.0,1.0,1.0
2020-05-29 17:34:36,-0.0120000000000004,9.308,9.298,-0.0180000000000006,9.312,67.825,3.717500000000001,1.0,0.0,1.0,1.0,0.0,1.0,1.0,1.0
2020-05-29 17:34:46,-0.009999999999998,9.296,9.284,-0.0159999999999982,9.3,67.825,3.74,1.0,0.0,1.0,1.0,0.0,1.0,1.0,1.0
2020-05-29 17:34:56,-0.009999999999998,9.282,9.268,-0.0180000000000006,9.284,67.925,3.764999999999999,1.0,0.0,1.0,1.0,0.0,1.0,1.0,1.0
2020-05-29 17:35:06,-0.009999999999998,9.268,9.256,-0.0159999999999982,9.272,67.875,3.774999999999999,1.0,0.0,1.0,1.0,0.0,1.0,1.0,1.0
2020-05-29 17:35:16,-0.009999999999998,9.256,9.242,-0.0180000000000006,9.256,68.025,3.710000000000001,1.0,0.0,1.0,1.0,0.0,1.0,1.0,1.0
2020-05-29 17:35:26,-0.009999999999998,9.242,9.228,-0.0180000000000006,9.242,67.825,0.0449999999999999,1.0,0.0,1.0,1.0,0.0,1.0,1.0,1.0
2020-05-29 17:35:35,-0.009999999999998,9.226,9.214,-0.0159999999999982,9.228,68.025,0.0424999999999995,1.0,0.0,1.0,1.0,0.0,1.0,1.0,1.0
2020-05-29 17:35:45,-0.009999999999998,9.212,9.2,-0.0180000000000006,9.214,67.875,0.0424999999999995,1.0,0.0,1.0,1.0,0.0,1.0,1.0,1.0
2020-05-29 17:35:55,-0.009999999999998,9.196,9.186,-0.0180000000000006,9.2,67.75,0.0424999999999995,1.0,0.0,1.0,1.0,0.0,1.0,1.0,1.0
2020-05-29 17:36:05,-0.009999999999998,9.184,9.172,-0.0159999999999982,9.186,67.5,0.04,1.0,0.0,1.0,1.0,0.0,1.0,1.0,1.0
2020-05-29 17:36:15,-0.009999999999998,9.166,9.154,-0.0180000000000006,9.17,67.025,0.04,1.0,0.0,1.0,1.0,0.0,1.0,1.0,1.0
2020-05-29 17:36:25,-0.0120000000000004,9.154,9.14,-0.0159999999999982,9.156,66.725,0.0424999999999995,1.0,0.0,1.0,1.0,0.0,1.0,1.0,1.0
2020-05-29 17:36:35,-0.009999999999998,9.14,9.126,-0.0159999999999982,9.142,66.32499999999999,0.04,1.0,0.0,1.0,1.0,0.0,1.0,1.0,1.0
2020-05-29 17:36:45,-0.009999999999998,9.124,9.112,-0.0180000000000006,9.126,66.14999999999999,0.04,1.0,0.0,1.0,1.0,0.0,1.0,1.0,1.0
2020-05-29 17:36:55,-0.009999999999998,9.11,9.096,-0.0180000000000006,9.11,65.85000000000001,0.04,1.0,0.0,1.0,1.0,0.0,1.0,1.0,1.0
2020-05-29 17:37:05,-0.009999999999998,9.096,9.082,-0.0159999999999982,9.096,65.625,0.04,1.0,0.0,1.0,1.0,0.0,1.0,1.0,1.0
2020-05-29 17:37:15,-0.009999999999998,9.082,9.068,-0.0159999999999982,9.082,65.5,0.04,1.0,0.0,1.0,1.0,0.0,1.0,1.0,1.0
2020-05-29 17:37:24,-0.0120000000000004,9.066,9.052,-0.0159999999999982,9.068,65.25000000000001,0.04,1.0,0.0,1.0,1.0,0.0,1.0,1.0,1.0
2020-05-29 17:37:34,-0.0120000000000004,9.05,9.038,-0.0180000000000006,9.054,65.17500000000001,0.04,1.0,0.0,1.0,1.0,0.0,1.0,1.0,1.0
2020-05-29 17:37:44,-0.009999999999998,9.036,9.024,-0.0180000000000006,9.038,65.025,0.04,1.0,0.0,1.0,1.0,0.0,1.0,1.0,1.0
2020-05-29 17:37:54,-0.009999999999998,9.024,9.01,-0.0159999999999982,9.026,64.85000000000001,0.04,1.0,0.0,1.0,1.0,0.0,1.0,1.0,1.0
2020-05-29 17:38:04,-0.0120000000000004,9.008,8.994,-0.0159999999999982,9.008,64.75,0.04,1.0,0.0,1.0,1.0,0.0,1.0,1.0,1.0
2020-05-29 17:38:14,-0.0120000000000004,8.992,8.978,-0.0180000000000006,8.994,64.625,0.04,1.0,0.0,1.0,1.0,0.0,1.0,1.0,1.0
2020-05-29 17:38:24,-0.009999999999998,8.98,8.966,-0.0159999999999982,8.982,64.475,0.04,1.0,0.0,1.0,1.0,0.0,1.0,1.0,1.0
2020-05-29 17:38:34,-0.009999999999998,8.962,8.952,-0.0159999999999982,8.968,64.45,0.04,1.0,0.0,1.0,1.0,0.0,1.0,1.0,1.0
2020-05-29 17:38:44,-0.0120000000000004,8.948,8.936,-0.0180000000000006,8.95,64.35,0.04,1.0,0.0,1.0,1.0,0.0,1.0,1.0,1.0
2020-05-29 17:38:54,-0.0120000000000004,8.934,8.92,-0.0180000000000006,8.936,64.25,0.04,1.0,0.0,1.0,1.0,0.0,1.0,1.0,1.0
2020-05-29 17:39:04,-0.009999999999998,8.92,8.908,-0.0159999999999982,8.924,64.14999999999999,0.04,1.0,0.0,1.0,1.0,0.0,1.0,1.0,1.0
2020-05-29 17:39:13,-0.009999999999998,8.776,8.766,-0.0159999999999982,8.78,64.14999999999999,0.04,1.0,0.0,1.0,1.0,0.0,1.0,1.0,1.0
2020-05-29 17:39:23,-0.009999999999998,8.75,8.738,-0.0159999999999982,8.754,64.12500000000001,0.04,1.0,0.0,1.0,1.0,0.0,1.0,1.0,1.0
2020-05-29 17:39:33,-0.009999999999998,8.742,8.73,-0.0180000000000006,8.744,64.19999999999999,0.0375000000000005,1.0,0.0,1.0,1.0,0.0,1.0,1.0,1.0
2020-05-29 17:39:43,-0.009999999999998,8.73,8.72,-0.0180000000000006,8.734,64.12500000000001,0.04,1.0,0.0,1.0,1.0,0.0,1.0,1.0,1.0
2020-05-29 17:39:53,-0.0120000000000004,8.72,8.708,-0.0180000000000006,8.722,64.225,0.0375000000000005,1.0,0.0,1.0,1.0,0.0,1.0,1.0,1.0
2020-05-29 17:40:03,-0.0120000000000004,8.708,8.698,-0.0180000000000006,8.714,64.14999999999999,0.0375000000000005,1.0,0.0,1.0,1.0,0.0,1.0,1.0,1.0
2020-05-29 17:40:13,-0.009999999999998,8.55,8.54,-0.0159999999999982,8.554,63.94999999999999,0.04,1.0,0.0,1.0,1.0,0.0,1.0,1.0,1.0
2020-05-29 17:40:23,-0.009999999999998,8.54,8.528,-0.0180000000000006,8.544,63.85000000000001,0.04,1.0,0.0,1.0,1.0,0.0,1.0,1.0,1.0
2020-05-29 17:40:33,-0.0120000000000004,8.53,8.52,-0.0180000000000006,8.534,63.75,0.04,1.0,0.0,1.0,1.0,0.0,1.0,1.0,1.0
2020-05-29 17:40:43,-0.0120000000000004,8.524,8.512,-0.0159999999999982,8.524,63.825,0.04,1.0,0.0,1.0,1.0,0.0,1.0,1.0,1.0
2020-05-29 17:40:53,-0.0120000000000004,8.512,8.498,-0.0180000000000006,8.514,63.75,0.04,1.0,0.0,1.0,1.0,0.0,1.0,1.0,1.0
2020-05-29 17:41:03,-0.009999999999998,8.502,8.49,-0.0180000000000006,8.504,63.72500000000001,0.04,1.0,0.0,1.0,1.0,0.0,1.0,1.0,1.0
2020-05-29 17:41:12,-0.009999999999998,8.488,8.476,-0.0159999999999982,8.49,63.75,0.0375000000000005,1.0,0.0,1.0,1.0,0.0,1.0,1.0,1.0
2020-05-29 17:41:22,-0.009999999999998,8.288,8.278,-0.0180000000000006,8.292,63.650000000000006,0.04,1.0,0.0,1.0,1.0,0.0,1.0,1.0,1.0
2020-05-29 17:41:32,-0.009999999999998,8.256,8.246,-0.0159999999999982,8.258,63.650000000000006,0.0375000000000005,1.0,0.0,1.0,1.0,0.0,1.0,1.0,1.0
2020-05-29 17:41:42,-0.009999999999998,8.254,8.242,-0.0159999999999982,8.254,63.650000000000006,0.04,1.0,0.0,1.0,1.0,0.0,1.0,1.0,1.0
2020-05-29 17:41:52,-0.0120000000000004,8.246,8.236,-0.0159999999999982,8.248,63.575,0.04,1.0,0.0,1.0,1.0,0.0,1.0,1.0,1.0
2020-05-29 17:42:02,-0.009999999999998,8.238,8.228,-0.0180000000000006,8.24,63.525000000000006,0.0349999999999992,1.0,0.0,1.0,1.0,0.0,1.0,1.0,1.0
2020-05-29 17:42:12,-0.0120000000000004,8.156,8.146,-0.0180000000000006,8.158,63.325,0.04,1.0,0.0,1.0,1.0,0.0,1.0,1.0,1.0
2020-05-29 17:42:22,-0.0120000000000004,8.088,8.078,-0.0180000000000006,8.09,63.25,0.04,1.0,0.0,1.0,1.0,0.0,1.0,1.0,1.0
2020-05-29 17:42:32,3.788,8.082,-0.0259999999999998,-0.0159999999999982,8.084,63.14999999999999,4.755000000000001,0.0,1.0,0.0,0.0,0.0,1.0,1.0,1.0
2020-05-29 17:42:42,8.572,8.126,-0.0240000000000009,-0.0159999999999982,8.128,63.02499999999999,5.6325,0.0,1.0,0.0,0.0,0.0,1.0,1.0,1.0
2020-05-29 17:42:52,8.812,8.366,-0.0180000000000006,-0.0159999999999982,8.366,63.35,5.705,0.0,1.0,0.0,0.0,0.0,1.0,1.0,1.0
2020-05-29 17:43:01,7.526,8.556,-0.0159999999999982,-0.0159999999999982,8.558,64.35,5.4575,0.0,1.0,1.0,0.0,0.0,1.0,1.0,1.0
2020-05-29 17:43:11,9.138,8.71,-0.0139999999999993,-0.0180000000000006,8.71,65.725,5.920000000000002,0.0,1.0,1.0,0.0,0.0,1.0,1.0,1.0
2020-05-29 17:43:21,9.334,8.918,-0.0120000000000004,-0.0159999999999982,8.918,66.9,5.9825,0.0,1.0,1.0,0.0,0.0,1.0,1.0,1.0
2020-05-29 17:43:31,9.52,9.112,-0.0120000000000004,-0.0180000000000006,9.114,68.12499999999999,5.9575,0.0,1.0,1.0,0.0,0.0,1.0,1.0,1.0
2020-05-29 17:43:41,9.68,9.29,-0.0120000000000004,-0.0180000000000006,9.29,69.025,5.99,0.0,1.0,1.0,0.0,0.0,1.0,1.0,1.0
2020-05-29 17:43:51,9.846,9.468,-0.0120000000000004,-0.0180000000000006,9.468,69.9,5.960000000000001,0.0,1.0,1.0,0.0,0.0,1.0,1.0,1.0
2020-05-29 17:44:01,7.414,9.596,-0.009999999999998,-0.0199999999999995,9.596,70.625,5.35,0.0,1.0,0.0,0.0,0.0,1.0,1.0,1.0
2020-05-29 17:44:11,10.048,9.668,-0.009999999999998,-0.0180000000000006,9.666,71.7,6.0,0.0,1.0,0.0,0.0,0.0,1.0,1.0,1.0
2020-05-29 17:44:21,10.21,9.832,-0.009999999999998,-0.0180000000000006,9.828,72.42500000000001,6.032500000000001,0.0,1.0,0.0,0.0,0.0,1.0,1.0,1.0
2020-05-29 17:44:31,10.362,9.994,-0.0079999999999991,-0.0159999999999982,9.992,73.125,6.0525,0.0,1.0,0.0,0.0,0.0,1.0,1.0,1.0
2020-05-29 17:44:41,10.504,10.148,-0.0060000000000002,-0.0180000000000006,10.146,73.6,6.140000000000001,0.0,1.0,0.0,0.0,0.0,1.0,1.0,1.0
2020-05-29 17:44:50,-0.0259999999999998,10.088,10.09,-0.0180000000000006,10.086,74.0,3.754999999999999,1.0,0.0,1.0,1.0,0.0,1.0,1.0,1.0
2020-05-29 17:45:00,-0.0240000000000009,10.01,10.01,-0.0180000000000006,10.008,74.22500000000001,3.7675,1.0,0.0,1.0,1.0,0.0,1.0,1.0,1.0
2020-05-29 17:45:10,-0.0180000000000006,9.94,9.936,-0.0180000000000006,9.94,74.025,3.782499999999999,1.0,0.0,1.0,1.0,0.0,1.0,1.0,1.0
2020-05-29 17:45:20,-0.0180000000000006,9.892,9.886,-0.0159999999999982,9.892,73.925,3.774999999999999,1.0,0.0,1.0,1.0,0.0,1.0,1.0,1.0
2020-05-29 17:45:30,-0.0159999999999982,9.862,9.856,-0.0180000000000006,9.862,73.625,3.807500000000001,1.0,0.0,1.0,1.0,0.0,1.0,1.0,1.0
2020-05-29 17:45:40,-0.0159999999999982,9.834,9.826,-0.0180000000000006,9.834,73.52499999999999,3.74,1.0,0.0,1.0,1.0,0.0,1.0,1.0,1.0
2020-05-29 17:45:50,-0.0139999999999993,9.81,9.8,-0.0159999999999982,9.81,73.125,3.747500000000001,1.0,0.0,1.0,1.0,0.0,1.0,1.0,1.0
2020-05-29 17:46:00,-0.0139999999999993,9.784,9.774,-0.0180000000000006,9.784,72.95,3.774999999999999,1.0,0.0,1.0,1.0,0.0,1.0,1.0,1.0
2020-05-29 17:46:10,-0.0120000000000004,9.766,9.754,-0.0159999999999982,9.766,72.7,3.7975,1.0,0.0,1.0,1.0,0.0,1.0,1.0,1.0
2020-05-29 17:46:20,-0.0120000000000004,9.746,9.734,-0.0180000000000006,9.746,72.30000000000001,3.785,1.0,0.0,1.0,1.0,0.0,1.0,1.0,1.0
2020-05-29 17:46:30,-0.0120000000000004,9.726,9.714,-0.0180000000000006,9.726,72.05,3.7624999999999993,1.0,0.0,1.0,1.0,0.0,1.0,1.0,1.0
2020-05-29 17:46:40,-0.0120000000000004,9.704,9.692,-0.0159999999999982,9.704,71.8,3.717500000000001,1.0,0.0,1.0,1.0,0.0,1.0,1.0,1.0
2020-05-29 17:46:49,-0.0120000000000004,9.682,9.668,-0.0180000000000006,9.682,71.55,3.727500000000001,1.0,0.0,1.0,1.0,0.0,1.0,1.0,1.0
2020-05-29 17:46:59,-0.009999999999998,9.644,9.632,-0.0180000000000006,9.646,71.22500000000001,3.764999999999999,1.0,0.0,1.0,1.0,0.0,1.0,1.0,1.0
2020-05-29 17:47:09,-0.0120000000000004,9.624,9.612,-0.0180000000000006,9.626,70.825,3.7125,1.0,0.0,1.0,1.0,0.0,1.0,1.0,1.0
2020-05-29 17:47:19,-0.0120000000000004,9.606,9.596,-0.0180000000000006,9.608,70.52499999999999,3.7075,1.0,0.0,1.0,1.0,0.0,1.0,1.0,1.0
2020-05-29 17:47:29,-0.009999999999998,9.592,9.58,-0.0159999999999982,9.594,70.22500000000001,3.77,1.0,0.0,1.0,1.0,0.0,1.0,1.0,1.0
2020-05-29 17:47:39,-0.009999999999998,9.574,9.562,-0.0159999999999982,9.574,69.825,3.807500000000001,1.0,0.0,1.0,1.0,0.0,1.0,1.0,1.0
2020-05-29 17:47:49,-0.009999999999998,9.556,9.542,-0.0159999999999982,9.554,69.44999999999999,3.7375000000000007,1.0,0.0,1.0,1.0,0.0,1.0,1.0,1.0
2020-05-29 17:47:59,-0.0120000000000004,9.538,9.526,-0.0180000000000006,9.538,69.025,3.735000000000001,1.0,0.0,1.0,1.0,0.0,1.0,1.0,1.0
2020-05-29 17:48:09,-0.009999999999998,9.524,9.51,-0.0159999999999982,9.52,68.925,3.789999999999999,1.0,0.0,1.0,1.0,0.0,1.0,1.0,1.0
2020-05-29 17:48:19,-0.0120000000000004,9.496,9.484,-0.0180000000000006,9.494,68.575,3.7975,1.0,0.0,1.0,1.0,0.0,1.0,1.0,1.0
2020-05-29 17:48:29,-0.0120000000000004,9.372,9.36,-0.0199999999999995,9.372,68.35,3.76,1.0,0.0,1.0,1.0,0.0,1.0,1.0,1.0
2020-05-29 17:48:39,-0.009999999999998,9.36,9.35,-0.0180000000000006,9.362,68.22500000000001,3.735000000000001,1.0,0.0,1.0,1.0,0.0,1.0,1.0,1.0
2020-05-29 17:48:48,-0.009999999999998,9.334,9.322,-0.0199999999999995,9.332,68.22500000000001,3.68,1.0,0.0,1.0,1.0,0.0,1.0,1.0,1.0
2020-05-29 17:48:58,-0.009999999999998,9.314,9.302,-0.0180000000000006,9.316,68.15,3.6975,1.0,0.0,1.0,1.0,0.0,1.0,1.0,1.0
2020-05-29 17:49:08,-0.009999999999998,9.302,9.292,-0.0180000000000006,9.302,68.425,3.735000000000001,1.0,0.0,1.0,1.0,0.0,1.0,1.0,1.0
2020-05-29 17:49:18,-0.009999999999998,9.29,9.278,-0.0180000000000006,9.292,68.75,3.6999999999999993,1.0,0.0,1.0,1.0,0.0,1.0,1.0,1.0
2020-05-29 17:49:28,-0.009999999999998,9.276,9.262,-0.0180000000000006,9.276,68.725,3.77,1.0,0.0,1.0,1.0,0.0,1.0,1.0,1.0
2020-05-29 17:49:38,-0.0079999999999991,9.186,9.174,-0.0180000000000006,9.188,68.725,3.7875,1.0,0.0,1.0,1.0,0.0,1.0,1.0,1.0
2020-05-29 17:49:48,-0.009999999999998,9.152,9.138,-0.0180000000000006,9.152,68.55,3.77,1.0,0.0,1.0,1.0,0.0,1.0,1.0,1.0
2020-05-29 17:49:58,-0.009999999999998,9.128,9.116,-0.0180000000000006,9.13,68.22500000000001,3.785,1.0,0.0,1.0,1.0,0.0,1.0,1.0,1.0
2020-05-29 17:50:08,-0.009999999999998,9.092,9.08,-0.0180000000000006,9.092,67.925,3.74,1.0,0.0,1.0,1.0,0.0,1.0,1.0,1.0
2020-05-29 17:50:18,-0.009999999999998,9.078,9.066,-0.0180000000000006,9.078,68.12499999999999,3.655000000000001,1.0,0.0,1.0,1.0,0.0,1.0,1.0,1.0
2020-05-29 17:50:28,-0.0079999999999991,9.068,9.056,-0.0180000000000006,9.068,68.30000000000001,3.6625,1.0,0.0,1.0,1.0,0.0,1.0,1.0,1.0
2020-05-29 17:50:38,-0.009999999999998,9.056,9.044,-0.0180000000000006,9.058,68.32499999999999,3.68,1.0,0.0,1.0,1.0,0.0,1.0,1.0,1.0
2020-05-29 17:50:47,-0.009999999999998,9.044,9.032,-0.0180000000000006,9.046,68.45000000000002,3.7325,1.0,0.0,1.0,1.0,0.0,1.0,1.0,1.0
2020-05-29 17:50:57,-0.009999999999998,9.002,8.99,-0.0199999999999995,9.004,68.425,3.7624999999999993,1.0,0.0,1.0,1.0,0.0,1.0,1.0,1.0
2020-05-29 17:51:07,-0.009999999999998,8.994,8.98,-0.0199999999999995,8.994,68.35,3.75,1.0,0.0,1.0,1.0,0.0,1.0,1.0,1.0
2020-05-29 17:51:17,-0.009999999999998,8.984,8.972,-0.0199999999999995,8.984,67.925,3.665000000000001,1.0,0.0,1.0,1.0,0.0,1.0,1.0,1.0
2020-05-29 17:51:27,-0.009999999999998,8.97,8.958,-0.0199999999999995,8.97,67.65,3.6525,1.0,0.0,1.0,1.0,0.0,1.0,1.0,1.0
2020-05-29 17:51:37,-0.009999999999998,8.95,8.938,-0.0180000000000006,8.95,67.425,0.0449999999999999,1.0,0.0,1.0,1.0,0.0,1.0,1.0,1.0
2020-05-29 17:51:47,-0.009999999999998,8.938,8.924,-0.0180000000000006,8.938,67.35,0.0424999999999995,1.0,0.0,1.0,1.0,0.0,1.0,1.0,1.0
2020-05-29 17:51:57,-0.009999999999998,8.924,8.912,-0.0180000000000006,8.924,67.625,0.04,1.0,0.0,1.0,1.0,0.0,1.0,1.0,1.0
2020-05-29 17:52:07,-0.009999999999998,8.91,8.898,-0.0199999999999995,8.91,67.52499999999999,0.04,1.0,0.0,1.0,1.0,0.0,1.0,1.0,1.0
2020-05-29 17:52:17,-0.009999999999998,8.896,8.884,-0.0180000000000006,8.898,67.32499999999999,0.04,1.0,0.0,1.0,1.0,0.0,1.0,1.0,1.0
2020-05-29 17:52:27,-0.009999999999998,8.882,8.87,-0.0180000000000006,8.884,67.15,0.04,1.0,0.0,1.0,1.0,0.0,1.0,1.0,1.0
2020-05-29 17:52:36,-0.0079999999999991,8.87,8.858,-0.0180000000000006,8.87,66.825,0.04,1.0,0.0,1.0,1.0,0.0,1.0,1.0,1.0
2020-05-29 17:52:46,-0.009999999999998,8.854,8.844,-0.0180000000000006,8.856,66.5,0.0375000000000005,1.0,0.0,1.0,1.0,0.0,1.0,1.0,1.0
2020-05-29 17:52:56,-0.009999999999998,8.84,8.828,-0.0199999999999995,8.844,66.225,0.0375000000000005,1.0,0.0,1.0,1.0,0.0,1.0,1.0,1.0
2020-05-29 17:53:06,-0.009999999999998,8.83,8.816,-0.0180000000000006,8.832,65.9,0.0375000000000005,1.0,0.0,1.0,1.0,0.0,1.0,1.0,1.0
2020-05-29 17:53:16,-0.009999999999998,8.816,8.806,-0.0180000000000006,8.82,65.625,0.04,1.0,0.0,1.0,1.0,0.0,1.0,1.0,1.0
2020-05-29 17:53:26,-0.009999999999998,8.804,8.792,-0.0180000000000006,8.806,65.35,0.0375000000000005,1.0,0.0,1.0,1.0,0.0,1.0,1.0,1.0
2020-05-29 17:53:36,-0.0120000000000004,8.79,8.774,-0.0199999999999995,8.79,65.19999999999999,0.0375000000000005,1.0,0.0,1.0,1.0,0.0,1.0,1.0,1.0
2020-05-29 17:53:46,-0.0120000000000004,8.776,8.762,-0.0180000000000006,8.778,65.32500000000002,0.04,1.0,0.0,1.0,1.0,0.0,1.0,1.0,1.0
2020-05-29 17:53:56,-0.009999999999998,8.762,8.748,-0.0180000000000006,8.762,65.25000000000001,0.04,1.0,0.0,1.0,1.0,0.0,1.0,1.0,1.0
2020-05-29 17:54:06,-0.0120000000000004,8.748,8.734,-0.0199999999999995,8.748,65.32500000000002,0.0375000000000005,1.0,0.0,1.0,1.0,0.0,1.0,1.0,1.0
2020-05-29 17:54:16,-0.009999999999998,8.734,8.722,-0.0180000000000006,8.736,65.14999999999999,0.0375000000000005,1.0,0.0,1.0,1.0,0.0,1.0,1.0,1.0
2020-05-29 17:54:25,-0.009999999999998,8.72,8.708,-0.0180000000000006,8.722,65.05000000000001,0.0375000000000005,1.0,0.0,1.0,1.0,0.0,1.0,1.0,1.0
2020-05-29 17:54:35,-0.0120000000000004,8.708,8.696,-0.0199999999999995,8.71,64.85000000000001,0.0375000000000005,1.0,0.0,1.0,1.0,0.0,1.0,1.0,1.0
2020-05-29 17:54:45,-0.009999999999998,8.696,8.684,-0.0180000000000006,8.698,64.65,0.04,1.0,0.0,1.0,1.0,0.0,1.0,1.0,1.0
2020-05-29 17:54:55,-0.0120000000000004,8.68,8.668,-0.0199999999999995,8.682,64.625,0.04,1.0,0.0,1.0,1.0,0.0,1.0,1.0,1.0
2020-05-29 17:55:05,-0.0120000000000004,8.668,8.656,-0.0180000000000006,8.666,64.75,0.04,1.0,0.0,1.0,1.0,0.0,1.0,1.0,1.0
2020-05-29 17:55:15,-0.009999999999998,8.654,8.64,-0.0180000000000006,8.654,64.99999999999999,0.04,1.0,0.0,1.0,1.0,0.0,1.0,1.0,1.0
2020-05-29 17:55:25,-0.009999999999998,8.64,8.628,-0.0180000000000006,8.64,65.05000000000001,0.04,1.0,0.0,1.0,1.0,0.0,1.0,1.0,1.0
2020-05-29 17:55:35,-0.009999999999998,8.626,8.614,-0.0180000000000006,8.628,65.375,0.04,1.0,0.0,1.0,1.0,0.0,1.0,1.0,1.0
2020-05-29 17:55:45,-0.0120000000000004,8.612,8.6,-0.0199999999999995,8.614,65.14999999999999,0.04,1.0,0.0,1.0,1.0,0.0,1.0,1.0,1.0
2020-05-29 17:55:55,-0.0120000000000004,8.598,8.586,-0.0180000000000006,8.6,64.92500000000001,0.04,1.0,0.0,1.0,1.0,0.0,1.0,1.0,1.0
2020-05-29 17:56:05,-0.009999999999998,8.586,8.572,-0.0180000000000006,8.588,64.95,0.0375000000000005,1.0,0.0,1.0,1.0,0.0,1.0,1.0,1.0
2020-05-29 17:56:15,-0.0139999999999993,8.57,8.554,-0.0219999999999984,8.57,64.875,0.04,1.0,0.0,1.0,1.0,0.0,1.0,1.0,1.0
2020-05-29 17:56:24,-0.0120000000000004,8.556,8.544,-0.0180000000000006,8.558,64.9,0.0375000000000005,1.0,0.0,1.0,1.0,0.0,1.0,1.0,1.0
2020-05-29 17:56:34,-0.009999999999998,8.546,8.532,-0.0199999999999995,8.544,64.75,0.04,1.0,0.0,1.0,1.0,0.0,1.0,1.0,1.0
2020-05-29 17:56:44,-0.009999999999998,8.53,8.516,-0.0199999999999995,8.528,64.72500000000001,0.04,1.0,0.0,1.0,1.0,0.0,1.0,1.0,1.0
2020-05-29 17:56:54,-0.009999999999998,8.514,8.502,-0.0199999999999995,8.516,64.75,0.0349999999999992,1.0,0.0,1.0,1.0,0.0,1.0,1.0,1.0
2020-05-29 17:57:04,-0.0120000000000004,8.502,8.49,-0.0199999999999995,8.504,64.65,0.0375000000000005,1.0,0.0,1.0,1.0,0.0,1.0,1.0,1.0
2020-05-29 17:57:14,-0.009999999999998,8.488,8.476,-0.0180000000000006,8.49,64.45,0.04,1.0,0.0,1.0,1.0,0.0,1.0,1.0,1.0
2020-05-29 17:57:24,-0.009999999999998,8.474,8.462,-0.0180000000000006,8.476,64.35,0.04,1.0,0.0,1.0,1.0,0.0,1.0,1.0,1.0
2020-05-29 17:57:34,-0.0120000000000004,8.462,8.448,-0.0180000000000006,8.462,64.375,0.0375000000000005,1.0,0.0,1.0,1.0,0.0,1.0,1.0,1.0
2020-05-29 17:57:44,-0.009999999999998,8.448,8.434,-0.0159999999999982,8.45,64.55,0.0375000000000005,1.0,0.0,1.0,1.0,0.0,1.0,1.0,1.0
2020-05-29 17:57:54,-0.009999999999998,8.436,8.422,-0.0180000000000006,8.436,64.525,0.04,1.0,0.0,1.0,1.0,0.0,1.0,1.0,1.0
2020-05-29 17:58:04,-0.009999999999998,8.422,8.408,-0.0180000000000006,8.422,64.45,0.04,1.0,0.0,1.0,1.0,0.0,1.0,1.0,1.0
2020-05-29 17:58:14,-0.0120000000000004,8.408,8.394,-0.0180000000000006,8.408,64.35,0.04,1.0,0.0,1.0,1.0,0.0,1.0,1.0,1.0
2020-05-29 17:58:23,-0.0120000000000004,8.392,8.38,-0.0199999999999995,8.394,64.14999999999999,0.04,1.0,0.0,1.0,1.0,0.0,1.0,1.0,1.0
2020-05-29 17:58:33,-0.0120000000000004,8.378,8.368,-0.0180000000000006,8.38,63.900000000000006,0.0375000000000005,1.0,0.0,1.0,1.0,0.0,1.0,1.0,1.0
2020-05-29 17:58:43,-0.009999999999998,8.366,8.354,-0.0159999999999982,8.368,63.650000000000006,0.04,1.0,0.0,1.0,1.0,0.0,1.0,1.0,1.0
2020-05-29 17:58:53,-0.0120000000000004,8.264,8.252,-0.0180000000000006,8.266,63.650000000000006,0.0375000000000005,1.0,0.0,1.0,1.0,0.0,1.0,1.0,1.0
2020-05-29 17:59:03,-0.0120000000000004,8.154,8.14,-0.0180000000000006,8.154,63.72500000000001,0.0375000000000005,1.0,0.0,1.0,1.0,0.0,1.0,1.0,1.0
2020-05-29 17:59:13,-0.0120000000000004,8.148,8.138,-0.0180000000000006,8.15,63.79999999999998,0.04,1.0,0.0,1.0,1.0,0.0,1.0,1.0,1.0
2020-05-29 17:59:23,-0.009999999999998,8.142,8.13,-0.0180000000000006,8.142,63.75,0.04,1.0,0.0,1.0,1.0,0.0,1.0,1.0,1.0
2020-05-29 17:59:33,-0.0120000000000004,8.132,8.12,-0.0199999999999995,8.132,63.79999999999998,0.04,1.0,0.0,1.0,1.0,0.0,1.0,1.0,1.0
2020-05-29 17:59:43,-0.009999999999998,8.124,8.114,-0.0159999999999982,8.126,63.775000000000006,0.04,1.0,0.0,1.0,1.0,0.0,1.0,1.0,1.0
2020-05-29 17:59:53,-0.0120000000000004,8.112,8.102,-0.0180000000000006,8.116,63.6,0.04,1.0,0.0,1.0,1.0,0.0,1.0,1.0,1.0
2020-05-29 18:00:03,-0.009999999999998,8.102,8.092,-0.0180000000000006,8.106,63.625,0.04,1.0,0.0,1.0,1.0,0.0,1.0,1.0,1.0
2020-05-29 18:00:13,-0.0120000000000004,8.092,8.08,-0.0180000000000006,8.096,63.55,0.04,1.0,0.0,1.0,1.0,0.0,1.0,1.0,1.0
2020-05-29 18:00:22,-0.0120000000000004,8.082,8.072,-0.0180000000000006,8.082,63.425,0.0375000000000005,1.0,0.0,1.0,1.0,0.0,1.0,1.0,1.0
2020-05-29 18:00:32,4.786,8.07,-0.0240000000000009,-0.0180000000000006,8.074,63.35,4.9,0.0,1.0,0.0,0.0,0.0,1.0,1.0,1.0
2020-05-29 18:00:42,6.481999999999999,8.176,-0.0219999999999984,-0.0180000000000006,8.174,63.125000000000014,5.43,0.0,1.0,0.0,0.0,0.0,1.0,1.0,1.0
2020-05-29 18:00:52,8.756,8.306,-0.0199999999999995,-0.0180000000000006,8.306,63.225,5.8375,0.0,1.0,1.0,0.0,0.0,1.0,1.0,1.0
2020-05-29 18:01:02,8.972,8.536,-0.0180000000000006,-0.0180000000000006,8.534,63.75,5.82,0.0,1.0,1.0,0.0,0.0,1.0,1.0,1.0
2020-05-29 18:01:12,9.088,8.65,-0.0159999999999982,-0.0180000000000006,8.646,64.32500000000002,5.785,0.0,1.0,1.0,0.0,0.0,1.0,1.0,1.0
2020-05-29 18:01:22,9.216,8.808,-0.0120000000000004,-0.0180000000000006,8.806,65.525,5.967499999999999,0.0,1.0,1.0,0.0,0.0,1.0,1.0,1.0
2020-05-29 18:01:32,9.4,9.006,-0.0120000000000004,-0.0180000000000006,9.004,66.425,5.914999999999999,0.0,1.0,1.0,0.0,0.0,1.0,1.0,1.0
2020-05-29 18:01:42,9.574,9.194,-0.0120000000000004,-0.0180000000000006,9.19,67.225,5.895,0.0,1.0,0.0,0.0,0.0,1.0,1.0,1.0
2020-05-29 18:01:52,9.614,9.21,-0.009999999999998,-0.0159999999999982,9.206,68.425,6.014999999999999,0.0,1.0,0.0,0.0,0.0,1.0,1.0,1.0
2020-05-29 18:02:02,9.636,9.222,-0.009999999999998,-0.0180000000000006,9.222,69.32499999999999,5.9,0.0,1.0,0.0,0.0,0.0,1.0,1.0,1.0
2020-05-29 18:02:12,9.742,9.352,-0.0079999999999991,-0.0180000000000006,9.348,70.15,6.020000000000001,0.0,1.0,0.0,0.0,0.0,1.0,1.0,1.0
2020-05-29 18:02:21,9.91,9.532,-0.0079999999999991,-0.0180000000000006,9.53,70.85,6.057500000000001,0.0,1.0,0.0,0.0,0.0,1.0,1.0,1.0
2020-05-29 18:02:31,10.08,9.716,-0.0079999999999991,-0.0199999999999995,9.712,71.44999999999999,5.984999999999999,0.0,1.0,0.0,0.0,0.0,1.0,1.0,1.0
2020-05-29 18:02:41,7.672000000000001,9.87,-0.0079999999999991,-0.0199999999999995,9.866,71.725,5.709999999999999,0.0,1.0,1.0,0.0,0.0,0.0,1.0,1.0
2020-05-29 18:02:51,10.288,9.918,-0.0079999999999991,-0.0180000000000006,9.914,72.125,6.147499999999999,0.0,1.0,1.0,0.0,0.0,1.0,1.0,1.0
2020-05-29 18:03:01,10.468,10.102,-0.0079999999999991,-0.0180000000000006,10.098,72.50000000000001,6.077500000000001,0.0,1.0,1.0,0.0,0.0,1.0,1.0,1.0
2020-05-29 18:03:11,-0.0240000000000009,10.132,10.136,-0.0180000000000006,10.132,72.625,3.852499999999999,1.0,0.0,1.0,1.0,0.0,1.0,1.0,1.0
2020-05-29 18:03:21,-0.0240000000000009,10.09,10.09,-0.0180000000000006,10.086,72.55,3.774999999999999,1.0,0.0,1.0,1.0,0.0,1.0,1.0,1.0
2020-05-29 18:03:31,-0.0199999999999995,10.048,10.048,-0.0180000000000006,10.046,71.975,3.702500000000001,1.0,0.0,1.0,1.0,0.0,1.0,1.0,1.0
2020-05-29 18:03:41,-0.0199999999999995,10.016,10.01,-0.0199999999999995,10.014,71.875,3.692499999999999,1.0,0.0,1.0,1.0,0.0,1.0,1.0,1.0
2020-05-29 18:03:51,-0.0159999999999982,9.988,9.982,-0.0159999999999982,9.986,71.925,3.774999999999999,1.0,0.0,1.0,1.0,0.0,1.0,1.0,1.0
2020-05-29 18:04:01,-0.0139999999999993,9.772,9.764,-0.0180000000000006,9.77,71.625,3.6675,1.0,0.0,1.0,1.0,0.0,1.0,1.0,1.0
2020-05-29 18:04:10,-0.0139999999999993,9.584,9.576,-0.0180000000000006,9.586,71.32499999999999,3.6999999999999993,1.0,0.0,1.0,1.0,0.0,1.0,1.0,1.0
2020-05-29 18:04:20,-0.0139999999999993,9.404,9.396,-0.0180000000000006,9.404,71.30000000000001,3.7675,1.0,0.0,1.0,1.0,0.0,1.0,1.0,1.0
2020-05-29 18:04:30,-0.0139999999999993,9.392,9.384,-0.0199999999999995,9.394,71.35000000000001,3.685000000000001,1.0,0.0,1.0,1.0,0.0,1.0,1.0,1.0
2020-05-29 18:04:40,-0.0120000000000004,9.386,9.378,-0.0180000000000006,9.386,71.24999999999999,3.68,1.0,0.0,1.0,1.0,0.0,1.0,1.0,1.0
2020-05-29 18:04:50,-0.009999999999998,9.378,9.368,-0.0180000000000006,9.378,71.125,3.66,1.0,0.0,1.0,1.0,0.0,1.0,1.0,1.0
2020-05-29 18:05:00,-0.009999999999998,9.368,9.356,-0.0180000000000006,9.368,70.825,3.717500000000001,1.0,0.0,1.0,1.0,0.0,1.0,1.0,1.0
2020-05-29 18:05:10,-0.009999999999998,9.358,9.346,-0.0180000000000006,9.358,70.675,3.745000000000001,1.0,0.0,1.0,1.0,0.0,1.0,1.0,1.0
2020-05-29 18:05:20,-0.0120000000000004,9.346,9.334,-0.0180000000000006,9.346,70.52499999999999,3.764999999999999,1.0,0.0,1.0,1.0,0.0,1.0,1.0,1.0
2020-05-29 18:05:30,-0.0079999999999991,9.334,9.324,-0.0180000000000006,9.336,70.32499999999999,3.727500000000001,1.0,0.0,1.0,1.0,0.0,1.0,1.0,1.0
2020-05-29 18:05:40,-0.009999999999998,9.32,9.308,-0.0180000000000006,9.322,70.025,3.685000000000001,1.0,0.0,1.0,1.0,0.0,1.0,1.0,1.0
2020-05-29 18:05:50,-0.009999999999998,9.308,9.296,-0.0199999999999995,9.308,69.575,3.785,1.0,0.0,1.0,1.0,0.0,1.0,1.0,1.0
2020-05-29 18:05:59,-0.009999999999998,9.298,9.284,-0.0199999999999995,9.296,69.44999999999999,3.67,1.0,0.0,1.0,1.0,0.0,1.0,1.0,1.0
2020-05-29 18:06:09,-0.009999999999998,9.282,9.27,-0.0180000000000006,9.284,69.04999999999998,3.69,1.0,0.0,1.0,1.0,0.0,1.0,1.0,1.0
2020-05-29 18:06:19,-0.009999999999998,9.268,9.258,-0.0199999999999995,9.268,68.725,3.754999999999999,1.0,0.0,1.0,1.0,0.0,1.0,1.0,1.0
2020-05-29 18:06:29,-0.009999999999998,9.256,9.246,-0.0199999999999995,9.256,68.52499999999999,3.66,1.0,0.0,1.0,1.0,0.0,1.0,1.0,1.0
2020-05-29 18:06:39,-0.009999999999998,9.244,9.232,-0.0180000000000006,9.244,68.27499999999999,3.6999999999999993,1.0,0.0,1.0,1.0,0.0,1.0,1.0,1.0
2020-05-29 18:06:49,-0.009999999999998,9.23,9.218,-0.0180000000000006,9.23,68.15,3.75,1.0,0.0,1.0,1.0,0.0,1.0,1.0,1.0
2020-05-29 18:06:59,-0.0079999999999991,9.218,9.206,-0.0180000000000006,9.218,68.05000000000001,3.6625,1.0,0.0,1.0,1.0,0.0,1.0,1.0,1.0
2020-05-29 18:07:09,-0.009999999999998,9.204,9.19,-0.0199999999999995,9.204,68.025,3.75,1.0,0.0,1.0,1.0,0.0,1.0,1.0,1.0
2020-05-29 18:07:19,-0.0079999999999991,9.19,9.18,-0.0180000000000006,9.192,68.0,3.7250000000000014,1.0,0.0,1.0,1.0,0.0,1.0,1.0,1.0
2020-05-29 18:07:29,-0.009999999999998,9.176,9.164,-0.0180000000000006,9.176,67.925,3.665000000000001,1.0,0.0,1.0,1.0,0.0,1.0,1.0,1.0
2020-05-29 18:07:39,-0.0079999999999991,9.162,9.15,-0.0180000000000006,9.162,68.025,3.74,1.0,0.0,1.0,1.0,0.0,1.0,1.0,1.0
2020-05-29 18:07:49,-0.009999999999998,9.148,9.138,-0.0180000000000006,9.15,68.075,3.727500000000001,1.0,0.0,1.0,1.0,0.0,1.0,1.0,1.0
2020-05-29 18:07:58,-0.009999999999998,9.136,9.124,-0.0180000000000006,9.136,68.12499999999999,3.655000000000001,1.0,0.0,1.0,1.0,0.0,1.0,1.0,1.0
2020-05-29 18:08:08,-0.009999999999998,9.122,9.11,-0.0180000000000006,9.124,68.15,3.754999999999999,1.0,0.0,1.0,1.0,0.0,1.0,1.0,1.0
2020-05-29 18:08:18,-0.009999999999998,9.108,9.096,-0.0180000000000006,9.11,68.12499999999999,3.66,1.0,0.0,1.0,1.0,0.0,1.0,1.0,1.0
2020-05-29 18:08:28,-0.009999999999998,9.094,9.082,-0.0180000000000006,9.096,68.17500000000001,3.7575,1.0,0.0,1.0,1.0,0.0,1.0,1.0,1.0
2020-05-29 18:08:38,-0.009999999999998,9.08,9.068,-0.0199999999999995,9.082,67.95,3.629999999999999,1.0,0.0,1.0,1.0,0.0,1.0,1.0,1.0
2020-05-29 18:08:48,-0.009999999999998,9.068,9.056,-0.0199999999999995,9.07,68.10000000000001,3.7325,1.0,0.0,1.0,1.0,0.0,1.0,1.0,1.0
2020-05-29 18:08:58,-0.009999999999998,9.052,9.04,-0.0180000000000006,9.054,68.22500000000001,3.695,1.0,0.0,1.0,1.0,0.0,1.0,1.0,1.0
2020-05-29 18:09:08,-0.009999999999998,9.04,9.028,-0.0180000000000006,9.04,68.32499999999999,3.692499999999999,1.0,0.0,1.0,1.0,0.0,1.0,1.0,1.0
2020-05-29 18:09:18,-0.009999999999998,9.028,9.014,-0.0199999999999995,9.028,68.35,3.76,1.0,0.0,1.0,1.0,0.0,1.0,1.0,1.0
2020-05-29 18:09:28,-0.009999999999998,9.012,9.002,-0.0180000000000006,9.012,68.25000000000001,3.782499999999999,1.0,0.0,1.0,1.0,0.0,1.0,1.0,1.0
2020-05-29 18:09:38,-0.009999999999998,9.0,8.988,-0.0199999999999995,9.0,68.25000000000001,3.76,1.0,0.0,1.0,1.0,0.0,1.0,1.0,1.0
2020-05-29 18:09:48,-0.009999999999998,8.986,8.974,-0.0180000000000006,8.988,68.15,3.73,1.0,0.0,1.0,1.0,0.0,1.0,1.0,1.0
2020-05-29 18:09:58,-0.009999999999998,8.972,8.962,-0.0180000000000006,8.974,68.17500000000001,0.08,1.0,0.0,1.0,1.0,0.0,1.0,1.0,1.0
2020-05-29 18:10:07,-0.009999999999998,8.958,8.946,-0.0180000000000006,8.96,68.22500000000001,0.0424999999999995,1.0,0.0,1.0,1.0,0.0,1.0,1.0,1.0
2020-05-29 18:10:17,-0.0079999999999991,8.944,8.934,-0.0180000000000006,8.948,68.22500000000001,0.0424999999999995,1.0,0.0,1.0,1.0,0.0,1.0,1.0,1.0
2020-05-29 18:10:27,-0.009999999999998,8.934,8.92,-0.0199999999999995,8.932,68.0,0.0424999999999995,1.0,0.0,1.0,1.0,0.0,1.0,1.0,1.0
2020-05-29 18:10:37,-0.009999999999998,8.916,8.902,-0.0180000000000006,8.916,67.725,0.04,1.0,0.0,1.0,1.0,0.0,1.0,1.0,1.0
2020-05-29 18:10:47,-0.009999999999998,8.904,8.888,-0.0180000000000006,8.902,67.35,0.04,1.0,0.0,1.0,1.0,0.0,1.0,1.0,1.0
2020-05-29 18:10:57,-0.009999999999998,8.888,8.876,-0.0180000000000006,8.888,67.025,0.04,1.0,0.0,1.0,1.0,0.0,1.0,1.0,1.0
2020-05-29 18:11:07,-0.009999999999998,8.874,8.862,-0.0180000000000006,8.876,66.7,0.04,1.0,0.0,1.0,1.0,0.0,1.0,1.0,1.0
2020-05-29 18:11:17,-0.009999999999998,8.862,8.848,-0.0180000000000006,8.862,66.32499999999999,0.0424999999999995,1.0,0.0,1.0,1.0,0.0,1.0,1.0,1.0
2020-05-29 18:11:27,-0.009999999999998,8.846,8.834,-0.0199999999999995,8.848,66.225,0.04,1.0,0.0,1.0,1.0,0.0,1.0,1.0,1.0
2020-05-29 18:11:37,-0.009999999999998,8.83,8.818,-0.0180000000000006,8.834,65.95,0.04,1.0,0.0,1.0,1.0,0.0,1.0,1.0,1.0
2020-05-29 18:11:47,-0.009999999999998,8.818,8.806,-0.0180000000000006,8.82,65.75,0.04,1.0,0.0,1.0,1.0,0.0,1.0,1.0,1.0
2020-05-29 18:11:56,-0.009999999999998,8.804,8.79,-0.0180000000000006,8.806,65.625,0.04,1.0,0.0,1.0,1.0,0.0,1.0,1.0,1.0
2020-05-29 18:12:06,-0.0120000000000004,8.79,8.776,-0.0199999999999995,8.79,65.35,0.04,1.0,0.0,1.0,1.0,0.0,1.0,1.0,1.0
2020-05-29 18:12:16,-0.009999999999998,8.776,8.762,-0.0180000000000006,8.776,65.25000000000001,0.04,1.0,0.0,1.0,1.0,0.0,1.0,1.0,1.0
2020-05-29 18:12:26,-0.0120000000000004,8.762,8.75,-0.0180000000000006,8.762,65.225,0.04,1.0,0.0,1.0,1.0,0.0,1.0,1.0,1.0
2020-05-29 18:12:36,-0.009999999999998,8.748,8.736,-0.0180000000000006,8.75,65.12500000000001,0.0375000000000005,1.0,0.0,1.0,1.0,0.0,1.0,1.0,1.0
2020-05-29 18:12:46,-0.009999999999998,8.734,8.72,-0.0199999999999995,8.736,65.05000000000001,0.04,1.0,0.0,1.0,1.0,0.0,1.0,1.0,1.0
2020-05-29 18:12:56,-0.009999999999998,8.722,8.708,-0.0199999999999995,8.724,64.97500000000001,0.04,1.0,0.0,1.0,1.0,0.0,1.0,1.0,1.0
2020-05-29 18:13:06,-0.0120000000000004,8.708,8.696,-0.0180000000000006,8.71,64.95,0.04,1.0,0.0,1.0,1.0,0.0,1.0,1.0,1.0
2020-05-29 18:13:16,-0.0120000000000004,8.696,8.682,-0.0199999999999995,8.696,64.85000000000001,0.04,1.0,0.0,1.0,1.0,0.0,1.0,1.0,1.0
2020-05-29 18:13:26,-0.0120000000000004,8.678,8.666,-0.0199999999999995,8.68,64.825,0.04,1.0,0.0,1.0,1.0,0.0,1.0,1.0,1.0
2020-05-29 18:13:36,-0.009999999999998,8.666,8.654,-0.0180000000000006,8.668,64.85000000000001,0.04,1.0,0.0,1.0,1.0,0.0,1.0,1.0,1.0
2020-05-29 18:13:45,-0.0120000000000004,8.65,8.64,-0.0199999999999995,8.652,64.85000000000001,0.04,1.0,0.0,1.0,1.0,0.0,1.0,1.0,1.0
2020-05-29 18:13:55,-0.0120000000000004,8.638,8.626,-0.0180000000000006,8.638,64.92500000000001,0.04,1.0,0.0,1.0,1.0,0.0,1.0,1.0,1.0
2020-05-29 18:14:05,-0.0120000000000004,8.624,8.612,-0.0180000000000006,8.624,64.75,0.04,1.0,0.0,1.0,1.0,0.0,1.0,1.0,1.0
2020-05-29 18:14:15,-0.009999999999998,8.608,8.598,-0.0180000000000006,8.61,64.9,0.04,1.0,0.0,1.0,1.0,0.0,1.0,1.0,1.0
2020-05-29 18:14:25,-0.009999999999998,8.596,8.584,-0.0180000000000006,8.6,64.85000000000001,0.04,1.0,0.0,1.0,1.0,0.0,1.0,1.0,1.0
2020-05-29 18:14:35,-0.009999999999998,8.582,8.57,-0.0199999999999995,8.584,64.97500000000001,0.04,1.0,0.0,1.0,1.0,0.0,1.0,1.0,1.0
2020-05-29 18:14:45,-0.009999999999998,8.57,8.556,-0.0180000000000006,8.57,65.05000000000001,0.0375000000000005,1.0,0.0,1.0,1.0,0.0,1.0,1.0,1.0
2020-05-29 18:14:55,-0.0120000000000004,8.554,8.542,-0.0180000000000006,8.556,64.99999999999999,0.04,1.0,0.0,1.0,1.0,0.0,1.0,1.0,1.0
2020-05-29 18:15:05,-0.009999999999998,8.54,8.528,-0.0180000000000006,8.54,65.05000000000001,0.04,1.0,0.0,1.0,1.0,0.0,1.0,1.0,1.0
2020-05-29 18:15:15,-0.009999999999998,8.526,8.516,-0.0180000000000006,8.528,64.85000000000001,0.04,1.0,0.0,1.0,1.0,0.0,1.0,1.0,1.0
2020-05-29 18:15:25,-0.009999999999998,8.514,8.504,-0.0180000000000006,8.514,64.75,0.04,1.0,0.0,1.0,1.0,0.0,1.0,1.0,1.0
2020-05-29 18:15:34,-0.0120000000000004,8.5,8.488,-0.0180000000000006,8.502,64.65,0.04,1.0,0.0,1.0,1.0,0.0,1.0,1.0,1.0
2020-05-29 18:15:44,-0.0120000000000004,8.486,8.476,-0.0180000000000006,8.488,64.625,0.0375000000000005,1.0,0.0,1.0,1.0,0.0,1.0,1.0,1.0
2020-05-29 18:15:54,-0.0120000000000004,8.474,8.46,-0.0199999999999995,8.476,64.625,0.04,1.0,0.0,1.0,1.0,0.0,1.0,1.0,1.0
2020-05-29 18:16:04,-0.0120000000000004,8.46,8.448,-0.0180000000000006,8.46,64.45,0.0375000000000005,1.0,0.0,1.0,1.0,0.0,1.0,1.0,1.0
2020-05-29 18:16:14,-0.009999999999998,8.444,8.434,-0.0199999999999995,8.446,64.45,0.04,1.0,0.0,1.0,1.0,0.0,1.0,1.0,1.0
2020-05-29 18:16:24,-0.0120000000000004,8.432,8.422,-0.0180000000000006,8.434,64.25,0.04,1.0,0.0,1.0,1.0,0.0,1.0,1.0,1.0
2020-05-29 18:16:34,-0.0120000000000004,8.416,8.404,-0.0180000000000006,8.416,64.12500000000001,0.04,1.0,0.0,1.0,1.0,0.0,1.0,1.0,1.0
2020-05-29 18:16:44,-0.0120000000000004,8.404,8.394,-0.0180000000000006,8.406,63.97500000000001,0.04,1.0,0.0,1.0,1.0,0.0,1.0,1.0,1.0
2020-05-29 18:16:54,-0.0120000000000004,8.39,8.378,-0.0180000000000006,8.392,63.99999999999999,0.04,1.0,0.0,1.0,1.0,0.0,1.0,1.0,1.0
2020-05-29 18:17:04,-0.009999999999998,8.378,8.366,-0.0180000000000006,8.38,63.875,0.04,1.0,0.0,1.0,1.0,0.0,1.0,1.0,1.0
2020-05-29 18:17:14,-0.009999999999998,8.364,8.352,-0.0180000000000006,8.366,63.775000000000006,0.04,1.0,0.0,1.0,1.0,0.0,1.0,1.0,1.0
2020-05-29 18:17:23,-0.0120000000000004,8.35,8.338,-0.0180000000000006,8.35,63.75,0.04,1.0,0.0,1.0,1.0,0.0,1.0,1.0,1.0
2020-05-29 18:17:33,-0.0120000000000004,8.338,8.324,-0.0180000000000006,8.338,63.45,0.04,1.0,0.0,1.0,1.0,0.0,1.0,1.0,1.0
2020-05-29 18:17:43,-0.009999999999998,8.322,8.31,-0.0199999999999995,8.322,63.14999999999999,0.04,1.0,0.0,1.0,1.0,0.0,1.0,1.0,1.0
2020-05-29 18:17:53,-0.0120000000000004,8.306,8.296,-0.0180000000000006,8.308,63.05000000000001,0.04,1.0,0.0,1.0,1.0,0.0,1.0,1.0,1.0
2020-05-29 18:18:03,-0.0120000000000004,8.294,8.282,-0.0180000000000006,8.294,62.97500000000001,0.04,1.0,0.0,1.0,1.0,0.0,1.0,1.0,1.0
2020-05-29 18:18:13,-0.009999999999998,8.28,8.268,-0.0199999999999995,8.282,62.85000000000001,0.04,1.0,0.0,1.0,1.0,0.0,1.0,1.0,1.0
2020-05-29 18:18:23,-0.0120000000000004,8.268,8.254,-0.0180000000000006,8.268,62.75,0.04,1.0,0.0,1.0,1.0,0.0,1.0,1.0,1.0
2020-05-29 18:18:33,-0.0120000000000004,8.254,8.242,-0.0180000000000006,8.256,62.775000000000006,0.0349999999999992,1.0,0.0,1.0,1.0,0.0,1.0,1.0,1.0
2020-05-29 18:18:43,-0.0120000000000004,8.228,8.218,-0.0199999999999995,8.232,62.7,0.0375000000000005,1.0,0.0,1.0,1.0,0.0,1.0,1.0,1.0
2020-05-29 18:18:53,-0.009999999999998,8.218,8.206,-0.0180000000000006,8.22,62.75,0.04,1.0,0.0,1.0,1.0,0.0,1.0,1.0,1.0
2020-05-29 18:19:03,-0.0120000000000004,8.206,8.194,-0.0180000000000006,8.206,62.825,0.04,1.0,0.0,1.0,1.0,0.0,1.0,1.0,1.0
2020-05-29 18:19:13,-0.0120000000000004,8.19,8.178,-0.0199999999999995,8.192,62.675,0.04,1.0,0.0,1.0,1.0,0.0,1.0,1.0,1.0
2020-05-29 18:19:23,-0.0139999999999993,8.176,8.166,-0.0199999999999995,8.176,62.575,0.04,1.0,0.0,1.0,1.0,0.0,1.0,1.0,1.0
2020-05-29 18:19:32,-0.0120000000000004,8.166,8.154,-0.0180000000000006,8.166,62.55,0.04,1.0,0.0,1.0,1.0,0.0,1.0,1.0,1.0
2020-05-29 18:19:42,-0.0120000000000004,8.152,8.14,-0.0180000000000006,8.15,62.55,0.04,1.0,0.0,1.0,1.0,0.0,1.0,1.0,1.0
2020-05-29 18:19:52,-0.0139999999999993,8.136,8.126,-0.0199999999999995,8.138,62.5,0.04,1.0,0.0,1.0,1.0,0.0,1.0,1.0,1.0
2020-05-29 18:20:02,-0.0040000000000013,8.054,0.0779999999999994,-0.0180000000000006,8.056,62.35,4.565,0.0,1.0,1.0,0.0,0.0,1.0,1.0,1.0
2020-05-29 18:20:12,7.545999999999999,8.024,-0.0240000000000009,-0.0180000000000006,8.026,62.35,5.522499999999999,0.0,1.0,1.0,0.0,0.0,1.0,1.0,1.0
2020-05-29 18:20:22,8.706,8.254,-0.0199999999999995,-0.0180000000000006,8.254,62.375,5.84,0.0,1.0,1.0,0.0,0.0,1.0,1.0,1.0
2020-05-29 18:20:32,8.93,8.49,-0.0180000000000006,-0.0180000000000006,8.488,62.85000000000001,5.865,0.0,1.0,1.0,0.0,0.0,1.0,1.0,1.0
2020-05-29 18:20:42,8.946,8.574,-0.0159999999999982,-0.0180000000000006,8.572,63.35,5.8125,0.0,1.0,0.0,0.0,0.0,1.0,1.0,1.0
2020-05-29 18:20:52,9.182,8.74,-0.0139999999999993,-0.0180000000000006,8.738,64.25,5.815,0.0,1.0,0.0,0.0,0.0,1.0,1.0,1.0
2020-05-29 18:21:02,9.326,8.92,-0.0139999999999993,-0.0199999999999995,8.918,65.475,5.8725000000000005,0.0,1.0,0.0,0.0,0.0,1.0,1.0,1.0
2020-05-29 18:21:12,9.502,9.108,-0.0120000000000004,-0.0180000000000006,9.108,66.32499999999999,5.9575,0.0,1.0,0.0,0.0,0.0,1.0,1.0,1.0
2020-05-29 18:21:22,9.666,9.288,-0.0120000000000004,-0.0180000000000006,9.286,67.05000000000001,6.0425,0.0,1.0,0.0,0.0,0.0,1.0,1.0,1.0
2020-05-29 18:21:31,9.828,9.462,-0.009999999999998,-0.0199999999999995,9.458,67.8,6.07,0.0,1.0,0.0,0.0,0.0,1.0,1.0,1.0
2020-05-29 18:21:41,9.84,9.492,-0.009999999999998,-0.0180000000000006,9.488,68.5,5.965,0.0,1.0,1.0,0.0,0.0,1.0,1.0,1.0
2020-05-29 18:21:51,10.054,9.668,-0.009999999999998,-0.0180000000000006,9.664,69.35,6.022499999999999,0.0,1.0,1.0,0.0,0.0,1.0,1.0,1.0
2020-05-29 18:22:01,10.232,9.852,-0.0079999999999991,-0.0199999999999995,9.848,70.025,6.094999999999999,0.0,1.0,1.0,0.0,0.0,1.0,1.0,1.0
2020-05-29 18:22:11,10.386,10.018,-0.009999999999998,-0.0180000000000006,10.014,70.55,6.227499999999999,0.0,1.0,1.0,0.0,0.0,1.0,1.0,1.0
2020-05-29 18:22:21,10.486,10.128,-0.009999999999998,-0.0180000000000006,10.124,71.15,6.129999999999999,0.0,1.0,1.0,0.0,0.0,1.0,1.0,1.0
2020-05-29 18:22:31,-0.0240000000000009,10.094,10.096,-0.0199999999999995,10.092,71.8,3.7775,1.0,0.0,1.0,1.0,0.0,1.0,1.0,1.0
2020-05-29 18:22:41,-0.0240000000000009,10.034,10.032,-0.0199999999999995,10.03,71.725,3.6775,1.0,0.0,1.0,1.0,0.0,1.0,1.0,1.0
2020-05-29 18:22:51,-0.0219999999999984,9.96,9.956,-0.0199999999999995,9.954,71.6,3.7075,1.0,0.0,1.0,1.0,0.0,1.0,1.0,1.0
2020-05-29 18:23:01,-0.0180000000000006,9.904,9.9,-0.0180000000000006,9.9,71.64999999999999,3.807500000000001,1.0,0.0,1.0,1.0,0.0,1.0,1.0,1.0
2020-05-29 18:23:11,-0.0159999999999982,9.86,9.852,-0.0180000000000006,9.858,71.75,3.789999999999999,1.0,0.0,1.0,1.0,0.0,1.0,1.0,1.0
2020-05-29 18:23:21,-0.0139999999999993,9.77,9.762,-0.0180000000000006,9.766,71.725,3.785,1.0,0.0,1.0,1.0,0.0,1.0,1.0,1.0
2020-05-29 18:23:30,-0.0139999999999993,9.742,9.732,-0.0180000000000006,9.738,71.775,3.7425,1.0,0.0,1.0,1.0,0.0,1.0,1.0,1.0
2020-05-29 18:23:40,-0.0120000000000004,9.692,9.682,-0.0180000000000006,9.69,71.32499999999999,3.705,1.0,0.0,1.0,1.0,0.0,1.0,1.0,1.0
2020-05-29 18:23:50,-0.0120000000000004,9.676,9.666,-0.0180000000000006,9.674,71.17500000000001,3.715,1.0,0.0,1.0,1.0,0.0,1.0,1.0,1.0
2020-05-29 18:24:00,-0.0139999999999993,9.658,9.648,-0.0199999999999995,9.656,71.125,3.7624999999999993,1.0,0.0,1.0,1.0,0.0,1.0,1.0,1.0
2020-05-29 18:24:10,-0.009999999999998,9.6,9.588,-0.0180000000000006,9.598,71.0,3.7250000000000014,1.0,0.0,1.0,1.0,0.0,1.0,1.0,1.0
2020-05-29 18:24:20,-0.0120000000000004,9.552,9.54,-0.0199999999999995,9.55,70.925,3.8025,1.0,0.0,1.0,1.0,0.0,1.0,1.0,1.0
2020-05-29 18:24:30,-0.0120000000000004,9.536,9.526,-0.0180000000000006,9.536,70.825,3.815,1.0,0.0,1.0,1.0,0.0,1.0,1.0,1.0
2020-05-29 18:24:40,-0.009999999999998,9.524,9.512,-0.0199999999999995,9.522,70.725,3.77,1.0,0.0,1.0,1.0,0.0,1.0,1.0,1.0
2020-05-29 18:24:50,-0.009999999999998,9.51,9.498,-0.0180000000000006,9.508,70.35,3.717500000000001,1.0,0.0,1.0,1.0,0.0,1.0,1.0,1.0
2020-05-29 18:25:00,-0.009999999999998,9.494,9.482,-0.0180000000000006,9.492,70.025,3.807500000000001,1.0,0.0,1.0,1.0,0.0,1.0,1.0,1.0
2020-05-29 18:25:10,-0.009999999999998,9.48,9.468,-0.0180000000000006,9.476,69.625,3.745000000000001,1.0,0.0,1.0,1.0,0.0,1.0,1.0,1.0
2020-05-29 18:25:19,-0.009999999999998,9.464,9.452,-0.0180000000000006,9.462,69.425,3.6975,1.0,0.0,1.0,1.0,0.0,1.0,1.0,1.0
2020-05-29 18:25:29,-0.009999999999998,9.448,9.436,-0.0180000000000006,9.446,69.04999999999998,3.805,1.0,0.0,1.0,1.0,0.0,1.0,1.0,1.0
2020-05-29 18:25:39,-0.0120000000000004,9.43,9.42,-0.0199999999999995,9.428,68.65,3.7925,1.0,0.0,1.0,1.0,0.0,1.0,1.0,1.0
2020-05-29 18:25:49,-0.009999999999998,9.412,9.404,-0.0199999999999995,9.414,68.35,3.782499999999999,1.0,0.0,1.0,1.0,0.0,1.0,1.0,1.0
2020-05-29 18:25:59,-0.0120000000000004,9.398,9.388,-0.0180000000000006,9.398,68.19999999999999,3.774999999999999,1.0,0.0,1.0,1.0,0.0,1.0,1.0,1.0
2020-05-29 18:26:09,-0.009999999999998,9.382,9.372,-0.0199999999999995,9.38,68.025,3.774999999999999,1.0,0.0,1.0,1.0,0.0,1.0,1.0,1.0
2020-05-29 18:26:19,-0.009999999999998,9.368,9.356,-0.0199999999999995,9.368,67.925,3.7775,1.0,0.0,1.0,1.0,0.0,1.0,1.0,1.0
2020-05-29 18:26:29,-0.009999999999998,9.352,9.344,-0.0180000000000006,9.354,68.05000000000001,3.764999999999999,1.0,0.0,1.0,1.0,0.0,1.0,1.0,1.0
2020-05-29 18:26:39,-0.009999999999998,9.338,9.326,-0.0180000000000006,9.34,67.97500000000001,3.7250000000000014,1.0,0.0,1.0,1.0,0.0,1.0,1.0,1.0
2020-05-29 18:26:49,-0.009999999999998,9.322,9.312,-0.0219999999999984,9.324,68.025,3.702500000000001,1.0,0.0,1.0,1.0,0.0,1.0,1.0,1.0
2020-05-29 18:26:59,-0.009999999999998,9.31,9.298,-0.0199999999999995,9.31,68.22500000000001,3.6750000000000007,1.0,0.0,1.0,1.0,0.0,1.0,1.0,1.0
2020-05-29 18:27:09,-0.009999999999998,9.294,9.282,-0.0199999999999995,9.294,68.22500000000001,3.75,1.0,0.0,1.0,1.0,0.0,1.0,1.0,1.0
2020-05-29 18:27:18,-0.009999999999998,9.278,9.266,-0.0199999999999995,9.278,68.32499999999999,3.6975,1.0,0.0,1.0,1.0,0.0,1.0,1.0,1.0
2020-05-29 18:27:28,-0.009999999999998,9.264,9.252,-0.0180000000000006,9.266,68.35,3.6675,1.0,0.0,1.0,1.0,0.0,1.0,1.0,1.0
2020-05-29 18:27:38,-0.009999999999998,9.25,9.238,-0.0199999999999995,9.248,68.45000000000002,3.7624999999999993,1.0,0.0,1.0,1.0,0.0,1.0,1.0,1.0
2020-05-29 18:27:48,-0.009999999999998,9.234,9.222,-0.0199999999999995,9.234,68.35,3.6975,1.0,0.0,1.0,1.0,0.0,1.0,1.0,1.0
2020-05-29 18:27:58,-0.009999999999998,9.22,9.208,-0.0180000000000006,9.218,68.32499999999999,3.74,1.0,0.0,1.0,1.0,0.0,1.0,1.0,1.0
2020-05-29 18:28:08,-0.009999999999998,9.206,9.196,-0.0199999999999995,9.206,68.625,3.7425,1.0,0.0,1.0,1.0,0.0,1.0,1.0,1.0
2020-05-29 18:28:18,-0.0120000000000004,9.19,9.18,-0.0199999999999995,9.19,68.5,3.7250000000000014,1.0,0.0,1.0,1.0,0.0,1.0,1.0,1.0
2020-05-29 18:28:28,-0.009999999999998,9.178,9.166,-0.0199999999999995,9.178,68.65,3.789999999999999,1.0,0.0,1.0,1.0,0.0,1.0,1.0,1.0
2020-05-29 18:28:38,-0.009999999999998,9.164,9.152,-0.0199999999999995,9.164,68.825,3.68,1.0,0.0,1.0,1.0,0.0,1.0,1.0,1.0
2020-05-29 18:28:48,-0.009999999999998,9.152,9.138,-0.0219999999999984,9.15,68.775,3.785,1.0,0.0,1.0,1.0,0.0,1.0,1.0,1.0
2020-05-29 18:28:58,-0.009999999999998,9.136,9.122,-0.0180000000000006,9.136,68.875,3.78,1.0,0.0,1.0,1.0,0.0,1.0,1.0,1.0
2020-05-29 18:29:07,-0.009999999999998,9.122,9.108,-0.0180000000000006,9.122,68.825,3.6975,1.0,0.0,1.0,1.0,0.0,1.0,1.0,1.0
2020-05-29 18:29:17,-0.009999999999998,9.106,9.094,-0.0199999999999995,9.106,68.825,0.0449999999999999,1.0,0.0,1.0,1.0,0.0,1.0,1.0,1.0
2020-05-29 18:29:27,-0.009999999999998,9.09,9.08,-0.0180000000000006,9.092,68.725,0.0424999999999995,1.0,0.0,1.0,1.0,0.0,1.0,1.0,1.0
2020-05-29 18:29:37,-0.009999999999998,9.076,9.064,-0.0199999999999995,9.08,68.85,0.04,1.0,0.0,1.0,1.0,0.0,1.0,1.0,1.0
2020-05-29 18:29:47,-0.0120000000000004,9.064,9.05,-0.0199999999999995,9.064,68.52499999999999,0.0424999999999995,1.0,0.0,1.0,1.0,0.0,1.0,1.0,1.0
2020-05-29 18:29:57,-0.009999999999998,9.048,9.036,-0.0180000000000006,9.048,68.25000000000001,0.04,1.0,0.0,1.0,1.0,0.0,1.0,1.0,1.0
2020-05-29 18:30:07,-0.009999999999998,9.034,9.02,-0.0199999999999995,9.034,67.75,0.04,1.0,0.0,1.0,1.0,0.0,1.0,1.0,1.0
2020-05-29 18:30:17,-0.009999999999998,9.018,9.006,-0.0199999999999995,9.02,67.32499999999999,0.04,1.0,0.0,1.0,1.0,0.0,1.0,1.0,1.0
2020-05-29 18:30:27,-0.009999999999998,9.004,8.99,-0.0180000000000006,9.004,67.025,0.04,1.0,0.0,1.0,1.0,0.0,1.0,1.0,1.0
2020-05-29 18:30:37,-0.009999999999998,8.988,8.976,-0.0199999999999995,8.99,66.85000000000001,0.04,1.0,0.0,1.0,1.0,0.0,1.0,1.0,1.0
2020-05-29 18:30:47,-0.009999999999998,8.974,8.962,-0.0199999999999995,8.974,66.5,0.04,1.0,0.0,1.0,1.0,0.0,1.0,1.0,1.0
2020-05-29 18:30:56,-0.009999999999998,8.96,8.948,-0.0199999999999995,8.962,66.27499999999999,0.04,1.0,0.0,1.0,1.0,0.0,1.0,1.0,1.0
2020-05-29 18:31:06,-0.0120000000000004,8.946,8.932,-0.0199999999999995,8.946,66.05000000000001,0.04,1.0,0.0,1.0,1.0,0.0,1.0,1.0,1.0
2020-05-29 18:31:16,-0.009999999999998,8.93,8.918,-0.0199999999999995,8.932,65.825,0.04,1.0,0.0,1.0,1.0,0.0,1.0,1.0,1.0
2020-05-29 18:31:26,-0.009999999999998,8.918,8.906,-0.0199999999999995,8.918,65.725,0.04,1.0,0.0,1.0,1.0,0.0,1.0,1.0,1.0
2020-05-29 18:31:36,-0.0120000000000004,8.904,8.892,-0.0199999999999995,8.904,65.7,0.04,1.0,0.0,1.0,1.0,0.0,1.0,1.0,1.0
2020-05-29 18:31:46,-0.009999999999998,8.89,8.878,-0.0180000000000006,8.892,65.55,0.0375000000000005,1.0,0.0,1.0,1.0,0.0,1.0,1.0,1.0
2020-05-29 18:31:56,-0.009999999999998,8.878,8.866,-0.0180000000000006,8.878,65.525,0.04,1.0,0.0,1.0,1.0,0.0,1.0,1.0,1.0
2020-05-29 18:32:06,-0.0120000000000004,8.86,8.85,-0.0199999999999995,8.862,65.375,0.04,1.0,0.0,1.0,1.0,0.0,1.0,1.0,1.0
2020-05-29 18:32:16,-0.009999999999998,8.848,8.836,-0.0180000000000006,8.848,65.35,0.04,1.0,0.0,1.0,1.0,0.0,1.0,1.0,1.0
2020-05-29 18:32:26,-0.009999999999998,8.832,8.822,-0.0199999999999995,8.834,65.14999999999999,0.04,1.0,0.0,1.0,1.0,0.0,1.0,1.0,1.0
2020-05-29 18:32:36,-0.0120000000000004,8.818,8.806,-0.0180000000000006,8.82,65.05000000000001,0.04,1.0,0.0,1.0,1.0,0.0,1.0,1.0,1.0
2020-05-29 18:32:45,-0.009999999999998,8.804,8.794,-0.0180000000000006,8.806,64.95,0.0375000000000005,1.0,0.0,1.0,1.0,0.0,1.0,1.0,1.0
2020-05-29 18:32:55,-0.009999999999998,8.79,8.778,-0.0180000000000006,8.792,64.85000000000001,0.0375000000000005,1.0,0.0,1.0,1.0,0.0,1.0,1.0,1.0
2020-05-29 18:33:05,-0.0120000000000004,8.776,8.764,-0.0219999999999984,8.778,64.875,0.04,1.0,0.0,1.0,1.0,0.0,1.0,1.0,1.0
2020-05-29 18:33:15,-0.0120000000000004,8.762,8.752,-0.0199999999999995,8.766,64.72500000000001,0.04,1.0,0.0,1.0,1.0,0.0,1.0,1.0,1.0
2020-05-29 18:33:25,-0.0120000000000004,8.748,8.738,-0.0180000000000006,8.75,64.55,0.04,1.0,0.0,1.0,1.0,0.0,1.0,1.0,1.0
2020-05-29 18:33:35,-0.0120000000000004,8.734,8.724,-0.0199999999999995,8.736,64.6,0.04,1.0,0.0,1.0,1.0,0.0,1.0,1.0,1.0
2020-05-29 18:33:45,-0.0120000000000004,8.72,8.708,-0.0180000000000006,8.72,64.45,0.04,1.0,0.0,1.0,1.0,0.0,1.0,1.0,1.0
2020-05-29 18:33:55,-0.0120000000000004,8.706,8.694,-0.0180000000000006,8.708,64.27499999999999,0.04,1.0,0.0,1.0,1.0,0.0,1.0,1.0,1.0
2020-05-29 18:34:05,-0.0120000000000004,8.694,8.68,-0.0199999999999995,8.694,64.14999999999999,0.04,1.0,0.0,1.0,1.0,0.0,1.0,1.0,1.0
2020-05-29 18:34:15,-0.0120000000000004,8.678,8.666,-0.0199999999999995,8.68,64.05000000000001,0.04,1.0,0.0,1.0,1.0,0.0,1.0,1.0,1.0
2020-05-29 18:34:25,-0.0120000000000004,8.666,8.654,-0.0180000000000006,8.666,63.97500000000001,0.04,1.0,0.0,1.0,1.0,0.0,1.0,1.0,1.0
2020-05-29 18:34:34,-0.0120000000000004,8.652,8.64,-0.0180000000000006,8.652,63.825,0.0375000000000005,1.0,0.0,1.0,1.0,0.0,1.0,1.0,1.0
2020-05-29 18:34:44,-0.0120000000000004,8.638,8.626,-0.0199999999999995,8.638,63.775000000000006,0.04,1.0,0.0,1.0,1.0,0.0,1.0,1.0,1.0
2020-05-29 18:34:54,-0.009999999999998,8.626,8.614,-0.0180000000000006,8.626,63.650000000000006,0.04,1.0,0.0,1.0,1.0,0.0,1.0,1.0,1.0
2020-05-29 18:35:04,-0.0120000000000004,8.61,8.6,-0.0199999999999995,8.612,63.55,0.04,1.0,0.0,1.0,1.0,0.0,1.0,1.0,1.0
2020-05-29 18:35:14,-0.0120000000000004,8.6,8.588,-0.0180000000000006,8.6,63.45,0.04,1.0,0.0,1.0,1.0,0.0,1.0,1.0,1.0
2020-05-29 18:35:24,-0.0120000000000004,8.584,8.574,-0.0199999999999995,8.588,63.27499999999999,0.0424999999999995,1.0,0.0,1.0,1.0,0.0,1.0,1.0,1.0
2020-05-29 18:35:34,-0.0120000000000004,8.57,8.56,-0.0199999999999995,8.572,63.25,0.04,1.0,0.0,1.0,1.0,0.0,1.0,1.0,1.0
2020-05-29 18:35:44,-0.0120000000000004,8.558,8.548,-0.0199999999999995,8.56,63.175,0.04,1.0,0.0,1.0,1.0,0.0,1.0,1.0,1.0
2020-05-29 18:35:54,-0.0120000000000004,8.546,8.534,-0.0180000000000006,8.548,63.14999999999999,0.04,1.0,0.0,1.0,1.0,0.0,1.0,1.0,1.0
2020-05-29 18:36:04,-0.0120000000000004,8.53,8.52,-0.0180000000000006,8.534,62.94999999999999,0.04,1.0,0.0,1.0,1.0,0.0,1.0,1.0,1.0
2020-05-29 18:36:14,-0.009999999999998,8.52,8.508,-0.0199999999999995,8.52,62.94999999999999,0.04,1.0,0.0,1.0,1.0,0.0,1.0,1.0,1.0
2020-05-29 18:36:23,-0.0120000000000004,8.506,8.496,-0.0180000000000006,8.508,62.72500000000001,0.04,1.0,0.0,1.0,1.0,0.0,1.0,1.0,1.0
2020-05-29 18:36:33,-0.0120000000000004,8.492,8.48,-0.0199999999999995,8.494,62.775000000000006,0.04,1.0,0.0,1.0,1.0,0.0,1.0,1.0,1.0
2020-05-29 18:36:43,-0.0120000000000004,8.48,8.468,-0.0180000000000006,8.482,62.675,0.04,1.0,0.0,1.0,1.0,0.0,1.0,1.0,1.0
2020-05-29 18:36:53,-0.0120000000000004,8.468,8.458,-0.0180000000000006,8.47,62.650000000000006,0.04,1.0,0.0,1.0,1.0,0.0,1.0,1.0,1.0
2020-05-29 18:37:03,-0.0120000000000004,8.454,8.442,-0.0180000000000006,8.456,62.55,0.04,1.0,0.0,1.0,1.0,0.0,1.0,1.0,1.0
2020-05-29 18:37:13,-0.0120000000000004,8.442,8.428,-0.0199999999999995,8.44,62.575,0.04,1.0,0.0,1.0,1.0,0.0,1.0,1.0,1.0
2020-05-29 18:37:23,-0.0120000000000004,8.428,8.418,-0.0180000000000006,8.43,62.45,0.04,1.0,0.0,1.0,1.0,0.0,1.0,1.0,1.0
2020-05-29 18:37:33,-0.0120000000000004,8.416,8.404,-0.0180000000000006,8.416,62.27499999999999,0.04,1.0,0.0,1.0,1.0,0.0,1.0,1.0,1.0
2020-05-29 18:37:43,-0.0120000000000004,8.404,8.392,-0.0199999999999995,8.404,62.25,0.04,1.0,0.0,1.0,1.0,0.0,1.0,1.0,1.0
2020-05-29 18:37:53,-0.0120000000000004,8.39,8.38,-0.0199999999999995,8.392,62.25,0.04,1.0,0.0,1.0,1.0,0.0,1.0,1.0,1.0
2020-05-29 18:38:03,-0.009999999999998,8.378,8.366,-0.0180000000000006,8.378,62.14999999999999,0.04,1.0,0.0,1.0,1.0,0.0,1.0,1.0,1.0
2020-05-29 18:38:12,-0.0120000000000004,8.364,8.354,-0.0180000000000006,8.364,62.14999999999999,0.04,1.0,0.0,1.0,1.0,0.0,1.0,1.0,1.0
2020-05-29 18:38:22,-0.0120000000000004,8.352,8.34,-0.0180000000000006,8.354,62.14999999999999,0.04,1.0,0.0,1.0,1.0,0.0,1.0,1.0,1.0
2020-05-29 18:38:32,-0.0120000000000004,8.34,8.326,-0.0199999999999995,8.34,62.07499999999999,0.04,1.0,0.0,1.0,1.0,0.0,1.0,1.0,1.0
2020-05-29 18:38:42,-0.0120000000000004,8.326,8.316,-0.0199999999999995,8.326,61.92500000000001,0.0375000000000005,1.0,0.0,1.0,1.0,0.0,1.0,1.0,1.0
2020-05-29 18:38:52,-0.0120000000000004,8.314,8.302,-0.0199999999999995,8.314,61.775000000000006,0.04,1.0,0.0,1.0,1.0,0.0,1.0,1.0,1.0
2020-05-29 18:39:02,-0.0120000000000004,8.302,8.29,-0.0180000000000006,8.302,61.85000000000001,0.04,1.0,0.0,1.0,1.0,0.0,1.0,1.0,1.0
2020-05-29 18:39:12,-0.0120000000000004,8.288,8.276,-0.0199999999999995,8.29,61.775000000000006,0.04,1.0,0.0,1.0,1.0,0.0,1.0,1.0,1.0
2020-05-29 18:39:22,-0.0120000000000004,8.274,8.264,-0.0199999999999995,8.278,61.75,0.04,1.0,0.0,1.0,1.0,0.0,1.0,1.0,1.0
2020-05-29 18:39:32,-0.0120000000000004,8.264,8.252,-0.0180000000000006,8.264,61.72500000000001,0.04,1.0,0.0,1.0,1.0,0.0,1.0,1.0,1.0
2020-05-29 18:39:42,-0.0120000000000004,8.252,8.24,-0.0180000000000006,8.252,61.55,0.0375000000000005,1.0,0.0,1.0,1.0,0.0,1.0,1.0,1.0
2020-05-29 18:39:52,-0.0120000000000004,8.238,8.228,-0.0180000000000006,8.24,61.575,0.04,1.0,0.0,1.0,1.0,0.0,1.0,1.0,1.0
2020-05-29 18:40:02,-0.0120000000000004,8.226,8.216,-0.0180000000000006,8.228,61.575,0.0375000000000005,1.0,0.0,1.0,1.0,0.0,1.0,1.0,1.0
2020-05-29 18:40:11,-0.0120000000000004,8.214,8.204,-0.0180000000000006,8.216,61.45,0.04,1.0,0.0,1.0,1.0,0.0,1.0,1.0,1.0
2020-05-29 18:40:21,-0.0120000000000004,8.204,8.19,-0.0180000000000006,8.204,61.35,0.04,1.0,0.0,1.0,1.0,0.0,1.0,1.0,1.0
2020-05-29 18:40:31,-0.0120000000000004,8.19,8.176,-0.0180000000000006,8.19,61.3,0.04,1.0,0.0,1.0,1.0,0.0,1.0,1.0,1.0
2020-05-29 18:40:41,-0.0139999999999993,8.176,8.166,-0.0199999999999995,8.178,61.375,0.04,1.0,0.0,1.0,1.0,0.0,1.0,1.0,1.0
2020-05-29 18:40:51,-0.0120000000000004,8.166,8.154,-0.0180000000000006,8.166,61.27499999999999,0.04,1.0,0.0,1.0,1.0,0.0,1.0,1.0,1.0
2020-05-29 18:41:01,-0.0120000000000004,8.152,8.142,-0.0159999999999982,8.154,61.27499999999999,0.04,1.0,0.0,1.0,1.0,0.0,1.0,1.0,1.0
2020-05-29 18:41:11,-0.0120000000000004,8.14,8.13,-0.0199999999999995,8.144,61.25,0.04,1.0,0.0,1.0,1.0,0.0,1.0,1.0,1.0
2020-05-29 18:41:21,-0.0120000000000004,8.128,8.118,-0.0199999999999995,8.13,61.05000000000001,0.04,1.0,0.0,1.0,1.0,0.0,1.0,1.0,1.0
2020-05-29 18:41:31,-0.0139999999999993,8.112,8.104,-0.0219999999999984,8.116,61.07499999999999,0.0375000000000005,1.0,0.0,1.0,1.0,0.0,1.0,1.0,1.0
2020-05-29 18:41:41,-0.0120000000000004,8.104,8.094,-0.0199999999999995,8.108,60.975,0.04,1.0,0.0,1.0,1.0,0.0,1.0,1.0,1.0
2020-05-29 18:41:51,-0.0139999999999993,8.092,8.082,-0.0180000000000006,8.094,60.92500000000001,0.04,1.0,0.0,1.0,1.0,0.0,1.0,1.0,1.0
2020-05-29 18:42:00,-0.0120000000000004,8.078,8.068,-0.0199999999999995,8.082,60.975,0.04,1.0,0.0,1.0,1.0,0.0,1.0,1.0,1.0
2020-05-29 18:42:10,3.552,8.066,-0.0259999999999998,-0.0199999999999995,8.068,60.94999999999999,4.725,0.0,1.0,1.0,0.0,0.0,1.0,1.0,1.0
2020-05-29 18:42:20,6.933999999999999,8.056,-0.0240000000000009,-0.0180000000000006,8.056,60.775000000000006,5.335000000000001,0.0,1.0,0.0,0.0,0.0,1.0,1.0,1.0
2020-05-29 18:42:30,8.702,8.252,-0.0199999999999995,-0.0180000000000006,8.25,61.07499999999999,5.77,0.0,1.0,0.0,0.0,0.0,1.0,1.0,1.0
2020-05-29 18:42:40,8.918,8.48,-0.0159999999999982,-0.0199999999999995,8.478,61.92500000000001,5.785,0.0,1.0,0.0,0.0,0.0,1.0,1.0,1.0
2020-05-29 18:42:50,9.11,8.694,-0.0139999999999993,-0.0199999999999995,8.69,62.87499999999999,5.93,0.0,1.0,0.0,0.0,0.0,1.0,1.0,1.0
2020-05-29 18:43:00,9.3,8.898,-0.0120000000000004,-0.0180000000000006,8.894,63.94999999999999,5.824999999999999,0.0,1.0,0.0,0.0,0.0,1.0,1.0,1.0
2020-05-29 18:43:10,9.49,9.104,-0.0120000000000004,-0.0180000000000006,9.1,65.14999999999999,6.020000000000001,0.0,1.0,0.0,0.0,0.0,1.0,1.0,1.0
2020-05-29 18:43:20,8.676,9.2,-0.0120000000000004,-0.0199999999999995,9.196,66.05000000000001,5.720000000000001,0.0,1.0,1.0,0.0,0.0,1.0,1.0,1.0
2020-05-29 18:43:30,9.736,9.34,-0.009999999999998,-0.0199999999999995,9.338,67.225,5.9725,0.0,1.0,1.0,0.0,0.0,1.0,1.0,1.0
2020-05-29 18:43:40,9.916,9.536,-0.009999999999998,-0.0180000000000006,9.53,68.32499999999999,5.969999999999999,0.0,1.0,1.0,0.0,0.0,1.0,1.0,1.0
2020-05-29 18:43:49,10.074,9.702,-0.009999999999998,-0.0180000000000006,9.698,69.19999999999999,6.1625,0.0,1.0,1.0,0.0,0.0,1.0,1.0,1.0
2020-05-29 18:43:59,10.23,9.866,-0.009999999999998,-0.0180000000000006,9.86,70.10000000000001,6.072500000000002,0.0,1.0,1.0,0.0,0.0,1.0,1.0,1.0
2020-05-29 18:44:09,10.382,10.024,-0.009999999999998,-0.0199999999999995,10.02,71.0,6.140000000000001,0.0,1.0,1.0,0.0,0.0,1.0,1.0,1.0
2020-05-29 18:44:19,9.118,10.1,-0.009999999999998,-0.0180000000000006,10.098,71.675,5.927500000000002,0.0,1.0,0.0,0.0,0.0,1.0,1.0,1.0
2020-05-29 18:44:29,0.3239999999999998,10.15,10.156,0.2519999999999989,10.148,72.32499999999999,3.880000000000001,1.0,0.0,1.0,1.0,0.0,1.0,1.0,1.0
2020-05-29 18:44:39,-0.0240000000000009,10.102,10.104,-0.0180000000000006,10.098,72.625,3.735000000000001,1.0,0.0,1.0,1.0,0.0,1.0,1.0,1.0
2020-05-29 18:44:49,-0.0240000000000009,10.058,10.056,-0.0180000000000006,10.054,72.725,3.805,1.0,0.0,1.0,1.0,0.0,1.0,1.0,1.0
2020-05-29 18:44:59,-0.0199999999999995,10.022,10.02,-0.0180000000000006,10.02,72.77499999999999,3.717500000000001,1.0,0.0,1.0,1.0,0.0,1.0,1.0,1.0
2020-05-29 18:45:09,-0.0180000000000006,9.992,9.988,-0.0199999999999995,9.992,72.8,3.77,1.0,0.0,1.0,1.0,0.0,1.0,1.0,1.0
2020-05-29 18:45:19,-0.0180000000000006,9.966,9.96,-0.0180000000000006,9.964,72.75,3.7200000000000006,1.0,0.0,1.0,1.0,0.0,1.0,1.0,1.0
2020-05-29 18:45:29,-0.0139999999999993,9.94,9.934,-0.0180000000000006,9.936,72.50000000000001,3.77,1.0,0.0,1.0,1.0,0.0,1.0,1.0,1.0
2020-05-29 18:45:38,-0.0159999999999982,9.914,9.908,-0.0199999999999995,9.914,72.125,3.69,1.0,0.0,1.0,1.0,0.0,1.0,1.0,1.0
2020-05-29 18:45:48,-0.0120000000000004,9.894,9.886,-0.0180000000000006,9.892,71.64999999999999,3.7925,1.0,0.0,1.0,1.0,0.0,1.0,1.0,1.0
2020-05-29 18:45:58,-0.0139999999999993,9.872,9.862,-0.0199999999999995,9.87,71.15,3.6750000000000007,1.0,0.0,1.0,1.0,0.0,1.0,1.0,1.0
2020-05-29 18:46:08,-0.0120000000000004,9.85,9.84,-0.0180000000000006,9.848,70.625,3.76,1.0,0.0,1.0,1.0,0.0,1.0,1.0,1.0
2020-05-29 18:46:18,-0.0120000000000004,9.83,9.82,-0.0180000000000006,9.828,70.35,3.6975,1.0,0.0,1.0,1.0,0.0,1.0,1.0,1.0
2020-05-29 18:46:28,-0.0120000000000004,9.81,9.8,-0.0199999999999995,9.81,70.22500000000001,3.75,1.0,0.0,1.0,1.0,0.0,1.0,1.0,1.0
2020-05-29 18:46:38,-0.009999999999998,9.792,9.782,-0.0180000000000006,9.79,70.19999999999999,3.7325,1.0,0.0,1.0,1.0,0.0,1.0,1.0,1.0
2020-05-29 18:46:48,-0.009999999999998,9.774,9.762,-0.0180000000000006,9.772,69.95,3.75,1.0,0.0,1.0,1.0,0.0,1.0,1.0,1.0
2020-05-29 18:46:58,-0.0120000000000004,9.756,9.744,-0.0180000000000006,9.754,69.625,3.6999999999999993,1.0,0.0,1.0,1.0,0.0,1.0,1.0,1.0
2020-05-29 18:47:08,-0.009999999999998,9.736,9.724,-0.0180000000000006,9.736,69.32499999999999,3.785,1.0,0.0,1.0,1.0,0.0,1.0,1.0,1.0
2020-05-29 18:47:18,-0.0120000000000004,9.718,9.706,-0.0199999999999995,9.718,68.925,3.710000000000001,1.0,0.0,1.0,1.0,0.0,1.0,1.0,1.0
2020-05-29 18:47:27,-0.009999999999998,9.702,9.69,-0.0180000000000006,9.7,68.75,3.735000000000001,1.0,0.0,1.0,1.0,0.0,1.0,1.0,1.0
2020-05-29 18:47:37,-0.009999999999998,9.684,9.67,-0.0180000000000006,9.684,68.6,3.772499999999999,1.0,0.0,1.0,1.0,0.0,1.0,1.0,1.0
2020-05-29 18:47:47,-0.0120000000000004,9.668,9.654,-0.0199999999999995,9.666,68.55,3.69,1.0,0.0,1.0,1.0,0.0,1.0,1.0,1.0
2020-05-29 18:47:57,-0.009999999999998,9.65,9.636,-0.0199999999999995,9.648,68.6,3.695,1.0,0.0,1.0,1.0,0.0,1.0,1.0,1.0
2020-05-29 18:48:07,-0.009999999999998,9.632,9.62,-0.0199999999999995,9.632,68.5,3.735000000000001,1.0,0.0,1.0,1.0,0.0,1.0,1.0,1.0
2020-05-29 18:48:17,-0.0120000000000004,9.616,9.604,-0.0199999999999995,9.616,68.32499999999999,3.8025,1.0,0.0,1.0,1.0,0.0,1.0,1.0,1.0
2020-05-29 18:48:27,-0.0120000000000004,9.598,9.586,-0.0199999999999995,9.6,68.25000000000001,3.78,1.0,0.0,1.0,1.0,0.0,1.0,1.0,1.0
2020-05-29 18:48:37,-0.009999999999998,9.586,9.572,-0.0180000000000006,9.584,68.15,3.705,1.0,0.0,1.0,1.0,0.0,1.0,1.0,1.0
2020-05-29 18:48:47,-0.0120000000000004,9.568,9.556,-0.0180000000000006,9.566,67.97500000000001,3.764999999999999,1.0,0.0,1.0,1.0,0.0,1.0,1.0,1.0
2020-05-29 18:48:57,-0.009999999999998,9.552,9.54,-0.0199999999999995,9.552,68.0,3.8325,1.0,0.0,1.0,1.0,0.0,1.0,1.0,1.0
2020-05-29 18:49:07,-0.0120000000000004,9.536,9.524,-0.0199999999999995,9.534,68.05000000000001,3.77,1.0,0.0,1.0,1.0,0.0,1.0,1.0,1.0
2020-05-29 18:49:16,-0.009999999999998,9.52,9.508,-0.0199999999999995,9.52,68.025,3.7250000000000014,1.0,0.0,1.0,1.0,0.0,1.0,1.0,1.0
2020-05-29 18:49:26,-0.009999999999998,9.506,9.494,-0.0180000000000006,9.506,68.10000000000001,3.7775,1.0,0.0,1.0,1.0,0.0,1.0,1.0,1.0
2020-05-29 18:49:36,-0.009999999999998,9.49,9.478,-0.0180000000000006,9.49,68.32499999999999,3.685000000000001,1.0,0.0,1.0,1.0,0.0,1.0,1.0,1.0
2020-05-29 18:49:46,-0.009999999999998,9.474,9.464,-0.0199999999999995,9.476,68.22500000000001,3.754999999999999,1.0,0.0,1.0,1.0,0.0,1.0,1.0,1.0
2020-05-29 18:49:56,-0.0120000000000004,9.458,9.446,-0.0219999999999984,9.458,68.22500000000001,3.8000000000000007,1.0,0.0,1.0,1.0,0.0,1.0,1.0,1.0
2020-05-29 18:50:06,-0.0120000000000004,9.442,9.43,-0.0219999999999984,9.442,68.15,3.6775,1.0,0.0,1.0,1.0,0.0,1.0,1.0,1.0
2020-05-29 18:50:16,-0.009999999999998,9.43,9.416,-0.0180000000000006,9.43,68.12499999999999,3.7875,1.0,0.0,1.0,1.0,0.0,1.0,1.0,1.0
2020-05-29 18:50:26,-0.0079999999999991,9.412,9.402,-0.0180000000000006,9.414,68.05000000000001,3.6750000000000007,1.0,0.0,1.0,1.0,0.0,1.0,1.0,1.0
2020-05-29 18:50:36,-0.009999999999998,9.398,9.386,-0.0199999999999995,9.398,68.05000000000001,3.78,1.0,0.0,1.0,1.0,0.0,1.0,1.0,1.0
2020-05-29 18:50:46,-0.0120000000000004,9.382,9.374,-0.0199999999999995,9.382,68.025,3.7075,1.0,0.0,1.0,1.0,0.0,1.0,1.0,1.0
2020-05-29 18:50:56,-0.0120000000000004,9.368,9.36,-0.0199999999999995,9.368,68.025,3.74,1.0,0.0,1.0,1.0,0.0,1.0,1.0,1.0
2020-05-29 18:51:06,-0.009999999999998,9.352,9.344,-0.0180000000000006,9.352,68.05000000000001,3.715,1.0,0.0,1.0,1.0,0.0,1.0,1.0,1.0
2020-05-29 18:51:15,-0.009999999999998,9.338,9.33,-0.0180000000000006,9.338,68.025,3.810000000000001,1.0,0.0,1.0,1.0,0.0,1.0,1.0,1.0
2020-05-29 18:51:25,-0.009999999999998,9.324,9.314,-0.0180000000000006,9.324,68.05000000000001,0.0449999999999999,1.0,0.0,1.0,1.0,0.0,1.0,1.0,1.0
2020-05-29 18:51:35,-0.0120000000000004,9.306,9.298,-0.0199999999999995,9.308,68.19999999999999,0.0424999999999995,1.0,0.0,1.0,1.0,0.0,1.0,1.0,1.0
2020-05-29 18:51:45,-0.009999999999998,9.268,9.256,-0.0180000000000006,9.268,67.95,0.04,1.0,0.0,1.0,1.0,0.0,1.0,1.0,1.0
2020-05-29 18:51:55,-0.0120000000000004,9.252,9.24,-0.0199999999999995,9.252,67.6,0.04,1.0,0.0,1.0,1.0,0.0,1.0,1.0,1.0
2020-05-29 18:52:05,-0.0120000000000004,9.236,9.224,-0.0199999999999995,9.238,67.225,0.04,1.0,0.0,1.0,1.0,0.0,1.0,1.0,1.0
2020-05-29 18:52:15,-0.0120000000000004,9.222,9.208,-0.0199999999999995,9.22,66.9,0.04,1.0,0.0,1.0,1.0,0.0,1.0,1.0,1.0
2020-05-29 18:52:25,-0.009999999999998,9.192,9.18,-0.0199999999999995,9.194,66.6,0.0424999999999995,1.0,0.0,1.0,1.0,0.0,1.0,1.0,1.0
2020-05-29 18:52:35,-0.009999999999998,9.18,9.168,-0.0199999999999995,9.18,66.32499999999999,0.04,1.0,0.0,1.0,1.0,0.0,1.0,1.0,1.0
2020-05-29 18:52:45,-0.009999999999998,9.166,9.154,-0.0199999999999995,9.166,66.12499999999999,0.0424999999999995,1.0,0.0,1.0,1.0,0.0,1.0,1.0,1.0
2020-05-29 18:52:55,-0.009999999999998,9.146,9.134,-0.0199999999999995,9.146,65.95,0.04,1.0,0.0,1.0,1.0,0.0,1.0,1.0,1.0
2020-05-29 18:53:05,-0.0120000000000004,9.134,9.12,-0.0180000000000006,9.13,65.675,0.04,1.0,0.0,1.0,1.0,0.0,1.0,1.0,1.0
2020-05-29 18:53:14,-0.009999999999998,9.118,9.106,-0.0180000000000006,9.118,65.65,0.04,1.0,0.0,1.0,1.0,0.0,1.0,1.0,1.0
2020-05-29 18:53:24,-0.0120000000000004,9.106,9.092,-0.0199999999999995,9.104,65.32500000000002,0.04,1.0,0.0,1.0,1.0,0.0,1.0,1.0,1.0
2020-05-29 18:53:34,-0.009999999999998,9.092,9.08,-0.0180000000000006,9.09,65.14999999999999,0.04,1.0,0.0,1.0,1.0,0.0,1.0,1.0,1.0
2020-05-29 18:53:44,-0.009999999999998,9.078,9.064,-0.0199999999999995,9.076,65.025,0.04,1.0,0.0,1.0,1.0,0.0,1.0,1.0,1.0
2020-05-29 18:53:54,-0.009999999999998,9.048,9.036,-0.0199999999999995,9.048,64.75,0.04,1.0,0.0,1.0,1.0,0.0,1.0,1.0,1.0
2020-05-29 18:54:04,-0.009999999999998,9.036,9.022,-0.0180000000000006,9.036,64.675,0.0424999999999995,1.0,0.0,1.0,1.0,0.0,1.0,1.0,1.0
2020-05-29 18:54:14,-0.0120000000000004,9.022,9.008,-0.0199999999999995,9.022,64.475,0.04,1.0,0.0,1.0,1.0,0.0,1.0,1.0,1.0
2020-05-29 18:54:24,-0.0120000000000004,9.004,8.992,-0.0199999999999995,9.006,64.425,0.04,1.0,0.0,1.0,1.0,0.0,1.0,1.0,1.0
2020-05-29 18:54:34,-0.009999999999998,8.994,8.98,-0.0180000000000006,8.994,64.27499999999999,0.0424999999999995,1.0,0.0,1.0,1.0,0.0,1.0,1.0,1.0
2020-05-29 18:54:44,-0.009999999999998,8.98,8.966,-0.0199999999999995,8.98,64.225,0.04,1.0,0.0,1.0,1.0,0.0,1.0,1.0,1.0
2020-05-29 18:54:54,-0.009999999999998,8.966,8.952,-0.0180000000000006,8.966,63.99999999999999,0.0424999999999995,1.0,0.0,1.0,1.0,0.0,1.0,1.0,1.0
2020-05-29 18:55:04,-0.0120000000000004,8.95,8.938,-0.0199999999999995,8.95,63.875,0.04,1.0,0.0,1.0,1.0,0.0,1.0,1.0,1.0
2020-05-29 18:55:14,-0.009999999999998,8.936,8.926,-0.0180000000000006,8.938,63.79999999999998,0.04,1.0,0.0,1.0,1.0,0.0,1.0,1.0,1.0
2020-05-29 18:55:23,-0.0120000000000004,8.922,8.91,-0.0199999999999995,8.924,63.75,0.04,1.0,0.0,1.0,1.0,0.0,1.0,1.0,1.0
2020-05-29 18:55:33,-0.009999999999998,8.908,8.896,-0.0199999999999995,8.91,63.625,0.04,1.0,0.0,1.0,1.0,0.0,1.0,1.0,1.0
2020-05-29 18:55:43,-0.009999999999998,8.896,8.882,-0.0180000000000006,8.896,63.55,0.0375000000000005,1.0,0.0,1.0,1.0,0.0,1.0,1.0,1.0
2020-05-29 18:55:53,-0.009999999999998,8.882,8.87,-0.0199999999999995,8.882,63.3,0.04,1.0,0.0,1.0,1.0,0.0,1.0,1.0,1.0
2020-05-29 18:56:03,-0.009999999999998,8.868,8.854,-0.0199999999999995,8.868,63.14999999999999,0.04,1.0,0.0,1.0,1.0,0.0,1.0,1.0,1.0
2020-05-29 18:56:13,-0.0120000000000004,8.854,8.84,-0.0199999999999995,8.854,63.1,0.04,1.0,0.0,1.0,1.0,0.0,1.0,1.0,1.0
2020-05-29 18:56:23,-0.0120000000000004,8.84,8.828,-0.0199999999999995,8.842,62.900000000000006,0.04,1.0,0.0,1.0,1.0,0.0,1.0,1.0,1.0
2020-05-29 18:56:33,-0.0120000000000004,8.828,8.816,-0.0199999999999995,8.828,62.75,0.04,1.0,0.0,1.0,1.0,0.0,1.0,1.0,1.0
2020-05-29 18:56:43,-0.0120000000000004,8.812,8.8,-0.0180000000000006,8.812,62.625,0.04,1.0,0.0,1.0,1.0,0.0,1.0,1.0,1.0
2020-05-29 18:56:53,-0.009999999999998,8.8,8.786,-0.0180000000000006,8.8,62.575,0.04,1.0,0.0,1.0,1.0,0.0,1.0,1.0,1.0
2020-05-29 18:57:03,-0.0120000000000004,8.784,8.772,-0.0180000000000006,8.786,62.575,0.04,1.0,0.0,1.0,1.0,0.0,1.0,1.0,1.0
2020-05-29 18:57:13,-0.009999999999998,8.772,8.758,-0.0180000000000006,8.772,62.525000000000006,0.04,1.0,0.0,1.0,1.0,0.0,1.0,1.0,1.0
2020-05-29 18:57:22,-0.009999999999998,8.758,8.746,-0.0199999999999995,8.758,62.475,0.04,1.0,0.0,1.0,1.0,0.0,1.0,1.0,1.0
2020-05-29 18:57:32,-0.0120000000000004,8.746,8.734,-0.0199999999999995,8.746,62.375,0.0375000000000005,1.0,0.0,1.0,1.0,0.0,1.0,1.0,1.0
2020-05-29 18:57:42,-0.0120000000000004,8.72,8.708,-0.0199999999999995,8.722,62.25,0.0424999999999995,1.0,0.0,1.0,1.0,0.0,1.0,1.0,1.0
2020-05-29 18:57:52,-0.0120000000000004,8.7,8.688,-0.0180000000000006,8.702,62.05000000000001,0.04,1.0,0.0,1.0,1.0,0.0,1.0,1.0,1.0
2020-05-29 18:58:02,-0.0139999999999993,8.686,8.674,-0.0219999999999984,8.686,61.92500000000001,0.0424999999999995,1.0,0.0,1.0,1.0,0.0,1.0,1.0,1.0
2020-05-29 18:58:12,-0.0120000000000004,8.674,8.664,-0.0199999999999995,8.676,61.650000000000006,0.04,1.0,0.0,1.0,1.0,0.0,1.0,1.0,1.0
2020-05-29 18:58:22,-0.0120000000000004,8.662,8.65,-0.0180000000000006,8.662,61.75,0.04,1.0,0.0,1.0,1.0,0.0,1.0,1.0,1.0
2020-05-29 18:58:32,-0.0120000000000004,8.65,8.636,-0.0199999999999995,8.65,61.675,0.0424999999999995,1.0,0.0,1.0,1.0,0.0,1.0,1.0,1.0
2020-05-29 18:58:42,-0.0120000000000004,8.634,8.622,-0.0199999999999995,8.634,61.675,0.04,1.0,0.0,1.0,1.0,0.0,1.0,1.0,1.0
2020-05-29 18:58:52,-0.009999999999998,8.624,8.612,-0.0180000000000006,8.624,61.72500000000001,0.04,1.0,0.0,1.0,1.0,0.0,1.0,1.0,1.0
2020-05-29 18:59:02,-0.0120000000000004,8.61,8.598,-0.0199999999999995,8.61,61.650000000000006,0.04,1.0,0.0,1.0,1.0,0.0,1.0,1.0,1.0
2020-05-29 18:59:12,-0.0120000000000004,8.594,8.584,-0.0180000000000006,8.598,61.650000000000006,0.04,1.0,0.0,1.0,1.0,0.0,1.0,1.0,1.0
2020-05-29 18:59:22,-0.009999999999998,8.584,8.572,-0.0199999999999995,8.584,61.60000000000001,0.04,1.0,0.0,1.0,1.0,0.0,1.0,1.0,1.0
2020-05-29 18:59:31,-0.0120000000000004,8.57,8.558,-0.0219999999999984,8.57,61.575,0.0424999999999995,1.0,0.0,1.0,1.0,0.0,1.0,1.0,1.0
2020-05-29 18:59:41,-0.0120000000000004,8.558,8.546,-0.0199999999999995,8.556,61.575,0.0424999999999995,1.0,0.0,1.0,1.0,0.0,1.0,1.0,1.0
2020-05-29 18:59:51,-0.0120000000000004,8.544,8.532,-0.0199999999999995,8.544,61.575,0.04,1.0,0.0,1.0,1.0,0.0,1.0,1.0,1.0
2020-05-29 19:00:01,-0.009999999999998,8.532,8.52,-0.0199999999999995,8.532,61.525000000000006,0.04,1.0,0.0,1.0,1.0,0.0,1.0,1.0,1.0
2020-05-29 19:00:11,-0.0120000000000004,8.518,8.506,-0.0199999999999995,8.516,61.45,0.04,1.0,0.0,1.0,1.0,0.0,1.0,1.0,1.0
2020-05-29 19:00:21,-0.0120000000000004,8.504,8.492,-0.0180000000000006,8.504,61.45,0.04,1.0,0.0,1.0,1.0,0.0,1.0,1.0,1.0
2020-05-29 19:00:31,-0.0120000000000004,8.49,8.478,-0.0199999999999995,8.49,61.35,0.04,1.0,0.0,1.0,1.0,0.0,1.0,1.0,1.0
2020-05-29 19:00:41,-0.0139999999999993,8.476,8.466,-0.0219999999999984,8.478,61.325,0.0424999999999995,1.0,0.0,1.0,1.0,0.0,1.0,1.0,1.0
2020-05-29 19:00:51,-0.0120000000000004,8.464,8.452,-0.0219999999999984,8.464,61.35,0.04,1.0,0.0,1.0,1.0,0.0,1.0,1.0,1.0
2020-05-29 19:01:01,-0.0120000000000004,8.452,8.44,-0.0199999999999995,8.452,61.425,0.04,1.0,0.0,1.0,1.0,0.0,1.0,1.0,1.0
2020-05-29 19:01:11,-0.0139999999999993,8.44,8.426,-0.0199999999999995,8.438,61.475,0.04,1.0,0.0,1.0,1.0,0.0,1.0,1.0,1.0
2020-05-29 19:01:21,-0.0120000000000004,8.426,8.414,-0.0180000000000006,8.426,61.35,0.04,1.0,0.0,1.0,1.0,0.0,1.0,1.0,1.0
2020-05-29 19:01:30,-0.0120000000000004,8.412,8.402,-0.0199999999999995,8.414,61.27499999999999,0.04,1.0,0.0,1.0,1.0,0.0,1.0,1.0,1.0
2020-05-29 19:01:40,-0.0120000000000004,8.398,8.388,-0.0199999999999995,8.402,61.27499999999999,0.0375000000000005,1.0,0.0,1.0,1.0,0.0,1.0,1.0,1.0
2020-05-29 19:01:50,-0.0120000000000004,8.388,8.376,-0.0180000000000006,8.388,61.20000000000002,0.04,1.0,0.0,1.0,1.0,0.0,1.0,1.0,1.0
2020-05-29 19:02:00,-0.0120000000000004,8.374,8.362,-0.0180000000000006,8.376,61.000000000000014,0.04,1.0,0.0,1.0,1.0,0.0,1.0,1.0,1.0
2020-05-29 19:02:10,-0.0120000000000004,8.362,8.35,-0.0199999999999995,8.362,61.07499999999999,0.04,1.0,0.0,1.0,1.0,0.0,1.0,1.0,1.0
2020-05-29 19:02:20,-0.0120000000000004,8.346,8.338,-0.0180000000000006,8.348,60.975,0.04,1.0,0.0,1.0,1.0,0.0,1.0,1.0,1.0
2020-05-29 19:02:30,-0.0120000000000004,8.336,8.324,-0.0199999999999995,8.336,61.02499999999999,0.0424999999999995,1.0,0.0,1.0,1.0,0.0,1.0,1.0,1.0
2020-05-29 19:02:40,-0.009999999999998,8.324,8.312,-0.0180000000000006,8.324,60.92500000000001,0.04,1.0,0.0,1.0,1.0,0.0,1.0,1.0,1.0
2020-05-29 19:02:50,-0.0120000000000004,8.31,8.298,-0.0199999999999995,8.31,60.94999999999999,0.04,1.0,0.0,1.0,1.0,0.0,1.0,1.0,1.0
2020-05-29 19:03:00,-0.0139999999999993,8.296,8.286,-0.0199999999999995,8.296,60.92500000000001,0.04,1.0,0.0,1.0,1.0,0.0,1.0,1.0,1.0
2020-05-29 19:03:10,-0.0120000000000004,8.284,8.272,-0.0199999999999995,8.284,60.75,0.04,1.0,0.0,1.0,1.0,0.0,1.0,1.0,1.0
2020-05-29 19:03:19,-0.0120000000000004,8.274,8.262,-0.0180000000000006,8.274,60.75,0.04,1.0,0.0,1.0,1.0,0.0,1.0,1.0,1.0
2020-05-29 19:03:29,-0.0120000000000004,8.26,8.248,-0.0199999999999995,8.26,60.625,0.04,1.0,0.0,1.0,1.0,0.0,1.0,1.0,1.0
2020-05-29 19:03:39,-0.0120000000000004,8.248,8.236,-0.0180000000000006,8.246,60.650000000000006,0.04,1.0,0.0,1.0,1.0,0.0,1.0,1.0,1.0
2020-05-29 19:03:49,-0.0120000000000004,8.234,8.222,-0.0180000000000006,8.234,60.475,0.04,1.0,0.0,1.0,1.0,0.0,1.0,1.0,1.0
2020-05-29 19:03:59,-0.0139999999999993,8.22,8.208,-0.0199999999999995,8.218,60.375,0.0424999999999995,1.0,0.0,1.0,1.0,0.0,1.0,1.0,1.0
2020-05-29 19:04:09,-0.0139999999999993,8.208,8.198,-0.0199999999999995,8.208,60.35,0.04,1.0,0.0,1.0,1.0,0.0,1.0,1.0,1.0
2020-05-29 19:04:19,-0.0120000000000004,8.196,8.184,-0.0180000000000006,8.196,60.375,0.04,1.0,0.0,1.0,1.0,0.0,1.0,1.0,1.0
2020-05-29 19:04:29,-0.0120000000000004,8.182,8.172,-0.0199999999999995,8.184,60.375,0.0375000000000005,1.0,0.0,1.0,1.0,0.0,1.0,1.0,1.0
2020-05-29 19:04:39,-0.0120000000000004,8.172,8.158,-0.0180000000000006,8.172,60.27499999999999,0.04,1.0,0.0,1.0,1.0,0.0,1.0,1.0,1.0
2020-05-29 19:04:49,-0.0139999999999993,8.158,8.144,-0.0199999999999995,8.16,60.27499999999999,0.0424999999999995,1.0,0.0,1.0,1.0,0.0,1.0,1.0,1.0
2020-05-29 19:04:59,-0.0120000000000004,8.144,8.134,-0.0199999999999995,8.146,60.27499999999999,0.04,1.0,0.0,1.0,1.0,0.0,1.0,1.0,1.0
2020-05-29 19:05:08,-0.0139999999999993,8.132,8.12,-0.0199999999999995,8.132,60.325,0.04,1.0,0.0,1.0,1.0,0.0,1.0,1.0,1.0
2020-05-29 19:05:18,-0.0139999999999993,8.12,8.108,-0.0199999999999995,8.12,60.25,0.04,1.0,0.0,1.0,1.0,0.0,1.0,1.0,1.0
2020-05-29 19:05:28,-0.0120000000000004,8.106,8.096,-0.0199999999999995,8.108,60.14999999999999,0.04,1.0,0.0,1.0,1.0,0.0,1.0,1.0,1.0
2020-05-29 19:05:38,-0.0120000000000004,8.094,8.084,-0.0199999999999995,8.096,60.05,0.04,1.0,0.0,1.0,1.0,0.0,1.0,1.0,1.0
2020-05-29 19:05:48,-0.0120000000000004,8.082,8.072,-0.0180000000000006,8.086,59.975,0.04,1.0,0.0,1.0,1.0,0.0,1.0,1.0,1.0
2020-05-29 19:05:58,-0.0120000000000004,8.07,8.06,-0.0199999999999995,8.072,59.975,0.0375000000000005,1.0,0.0,1.0,1.0,0.0,1.0,1.0,1.0
2020-05-29 19:06:08,2.1020000000000003,8.056,-0.0259999999999998,-0.0199999999999995,8.058,59.94999999999999,4.8025,0.0,1.0,0.0,0.0,0.0,1.0,1.0,1.0
2020-05-29 19:06:18,8.488,8.066,-0.0240000000000009,-0.0180000000000006,8.066,59.87499999999999,5.700000000000001,0.0,1.0,0.0,0.0,0.0,1.0,1.0,1.0
2020-05-29 19:06:28,8.772,8.314,-0.0180000000000006,-0.0180000000000006,8.31,59.775000000000006,5.734999999999999,0.0,1.0,0.0,0.0,0.0,1.0,1.0,1.0
2020-05-29 19:06:38,8.984,8.546,-0.0180000000000006,-0.0199999999999995,8.542,60.475,5.887500000000001,0.0,1.0,0.0,0.0,0.0,1.0,1.0,1.0
2020-05-29 19:06:48,9.198,8.78,-0.0120000000000004,-0.0180000000000006,8.776,61.650000000000006,5.98,0.0,1.0,0.0,0.0,0.0,1.0,1.0,1.0
2020-05-29 19:06:57,9.222,8.866,-0.0139999999999993,-0.0199999999999995,8.862,62.675,5.969999999999999,0.0,1.0,1.0,0.0,0.0,1.0,1.0,1.0
2020-05-29 19:07:07,9.484,9.066,-0.0120000000000004,-0.0199999999999995,9.06,63.650000000000006,5.912500000000001,0.0,1.0,1.0,0.0,0.0,1.0,1.0,1.0
2020-05-29 19:07:17,9.654,9.242,-0.0120000000000004,-0.0199999999999995,9.238,64.7,5.965,0.0,1.0,1.0,0.0,0.0,1.0,1.0,1.0
2020-05-29 19:07:27,9.812,9.426,-0.009999999999998,-0.0199999999999995,9.422,65.55,6.114999999999998,0.0,1.0,1.0,0.0,0.0,1.0,1.0,1.0
2020-05-29 19:07:37,9.976,9.602,-0.009999999999998,-0.0180000000000006,9.598,66.55,5.960000000000001,0.0,1.0,1.0,0.0,0.0,1.0,1.0,1.0
2020-05-29 19:07:47,10.146,9.782,-0.009999999999998,-0.0199999999999995,9.778,67.65,6.135,0.0,1.0,1.0,0.0,0.0,1.0,1.0,1.0
2020-05-29 19:07:57,9.762,9.81,-0.009999999999998,-0.0180000000000006,9.806,68.5,5.977499999999999,0.0,1.0,0.0,0.0,0.0,1.0,1.0,1.0
2020-05-29 19:08:07,10.332,9.954,-0.0079999999999991,-0.0180000000000006,9.952,69.39999999999999,6.15,0.0,1.0,0.0,0.0,0.0,1.0,1.0,1.0
2020-05-29 19:08:17,10.482,10.11,-0.009999999999998,-0.0199999999999995,10.108,69.85,6.182499999999999,0.0,1.0,0.0,0.0,0.0,1.0,1.0,1.0
2020-05-29 19:08:27,-0.0240000000000009,10.11,10.114,-0.0180000000000006,10.11,70.64999999999999,3.74,1.0,0.0,1.0,1.0,0.0,1.0,1.0,1.0
2020-05-29 19:08:37,-0.0240000000000009,10.064,10.066,-0.0199999999999995,10.062,70.9,3.7875,1.0,0.0,1.0,1.0,0.0,1.0,1.0,1.0
2020-05-29 19:08:47,-0.0199999999999995,10.026,10.024,-0.0199999999999995,10.026,70.775,3.7925,1.0,0.0,1.0,1.0,0.0,1.0,1.0,1.0
2020-05-29 19:08:56,-0.0180000000000006,9.992,9.986,-0.0180000000000006,9.99,70.85,3.727500000000001,1.0,0.0,1.0,1.0,0.0,1.0,1.0,1.0
2020-05-29 19:09:06,-0.0180000000000006,9.962,9.956,-0.0199999999999995,9.96,70.95,3.7775,1.0,0.0,1.0,1.0,0.0,1.0,1.0,1.0
2020-05-29 19:09:16,-0.0159999999999982,9.936,9.928,-0.0199999999999995,9.934,71.025,3.754999999999999,1.0,0.0,1.0,1.0,0.0,1.0,1.0,1.0
2020-05-29 19:09:26,-0.0139999999999993,9.908,9.9,-0.0180000000000006,9.908,70.85,3.69,1.0,0.0,1.0,1.0,0.0,1.0,1.0,1.0
2020-05-29 19:09:36,-0.0139999999999993,9.884,9.876,-0.0180000000000006,9.884,70.625,3.8000000000000007,1.0,0.0,1.0,1.0,0.0,1.0,1.0,1.0
2020-05-29 19:09:46,-0.0120000000000004,9.864,9.854,-0.0180000000000006,9.862,70.22500000000001,3.717500000000001,1.0,0.0,1.0,1.0,0.0,1.0,1.0,1.0
2020-05-29 19:09:56,-0.0120000000000004,9.842,9.832,-0.0180000000000006,9.84,69.825,3.795,1.0,0.0,1.0,1.0,0.0,1.0,1.0,1.0
2020-05-29 19:10:06,-0.0120000000000004,9.82,9.812,-0.0180000000000006,9.82,69.425,3.692499999999999,1.0,0.0,1.0,1.0,0.0,1.0,1.0,1.0
2020-05-29 19:10:16,-0.009999999999998,9.8,9.79,-0.0199999999999995,9.798,69.15,3.8125,1.0,0.0,1.0,1.0,0.0,1.0,1.0,1.0
2020-05-29 19:10:26,-0.0120000000000004,9.782,9.772,-0.0199999999999995,9.782,68.97500000000001,3.715,1.0,0.0,1.0,1.0,0.0,1.0,1.0,1.0
2020-05-29 19:10:36,-0.009999999999998,9.762,9.75,-0.0199999999999995,9.762,68.75,3.7775,1.0,0.0,1.0,1.0,0.0,1.0,1.0,1.0
2020-05-29 19:10:45,-0.009999999999998,9.746,9.734,-0.0180000000000006,9.746,68.52499999999999,3.710000000000001,1.0,0.0,1.0,1.0,0.0,1.0,1.0,1.0
2020-05-29 19:10:55,-0.0120000000000004,9.726,9.714,-0.0199999999999995,9.726,68.32499999999999,3.735000000000001,1.0,0.0,1.0,1.0,0.0,1.0,1.0,1.0
2020-05-29 19:11:05,-0.009999999999998,9.708,9.696,-0.0180000000000006,9.708,68.0,3.76,1.0,0.0,1.0,1.0,0.0,1.0,1.0,1.0
2020-05-29 19:11:15,-0.009999999999998,9.69,9.68,-0.0180000000000006,9.692,67.775,3.710000000000001,1.0,0.0,1.0,1.0,0.0,1.0,1.0,1.0
2020-05-29 19:11:25,-0.009999999999998,9.674,9.66,-0.0199999999999995,9.672,67.55,3.7675,1.0,0.0,1.0,1.0,0.0,1.0,1.0,1.0
2020-05-29 19:11:35,-0.0120000000000004,9.656,9.642,-0.0199999999999995,9.654,67.07499999999999,3.75,1.0,0.0,1.0,1.0,0.0,1.0,1.0,1.0
2020-05-29 19:11:45,-0.0079999999999991,9.638,9.628,-0.0180000000000006,9.642,66.8,3.710000000000001,1.0,0.0,1.0,1.0,0.0,1.0,1.0,1.0
2020-05-29 19:11:55,-0.009999999999998,9.622,9.61,-0.0199999999999995,9.626,66.825,3.795,1.0,0.0,1.0,1.0,0.0,1.0,1.0,1.0
2020-05-29 19:12:05,-0.009999999999998,9.606,9.594,-0.0199999999999995,9.606,66.75,3.6875,1.0,0.0,1.0,1.0,0.0,1.0,1.0,1.0
2020-05-29 19:12:15,-0.0120000000000004,9.588,9.576,-0.0199999999999995,9.59,66.725,3.7775,1.0,0.0,1.0,1.0,0.0,1.0,1.0,1.0
2020-05-29 19:12:25,-0.0120000000000004,9.572,9.56,-0.0199999999999995,9.574,66.625,3.774999999999999,1.0,0.0,1.0,1.0,0.0,1.0,1.0,1.0
2020-05-29 19:12:34,-0.009999999999998,9.556,9.544,-0.0199999999999995,9.558,66.55,3.67,1.0,0.0,1.0,1.0,0.0,1.0,1.0,1.0
2020-05-29 19:12:44,-0.009999999999998,9.538,9.526,-0.0199999999999995,9.538,66.5,3.789999999999999,1.0,0.0,1.0,1.0,0.0,1.0,1.0,1.0
2020-05-29 19:12:54,-0.009999999999998,9.524,9.51,-0.0180000000000006,9.524,66.775,3.7325,1.0,0.0,1.0,1.0,0.0,1.0,1.0,1.0
2020-05-29 19:13:04,-0.009999999999998,9.506,9.494,-0.0199999999999995,9.506,66.95,3.75,1.0,0.0,1.0,1.0,0.0,1.0,1.0,1.0
2020-05-29 19:13:14,-0.0120000000000004,9.492,9.478,-0.0199999999999995,9.492,66.875,3.785,1.0,0.0,1.0,1.0,0.0,1.0,1.0,1.0
2020-05-29 19:13:24,-0.009999999999998,9.474,9.462,-0.0199999999999995,9.474,66.65,3.6975,1.0,0.0,1.0,1.0,0.0,1.0,1.0,1.0
2020-05-29 19:13:34,-0.009999999999998,9.46,9.446,-0.0199999999999995,9.458,66.55,3.772499999999999,1.0,0.0,1.0,1.0,0.0,1.0,1.0,1.0
2020-05-29 19:13:44,-0.009999999999998,9.442,9.432,-0.0180000000000006,9.444,66.75,3.6750000000000007,1.0,0.0,1.0,1.0,0.0,1.0,1.0,1.0
2020-05-29 19:13:54,-0.009999999999998,9.426,9.416,-0.0199999999999995,9.428,67.12499999999999,3.810000000000001,1.0,0.0,1.0,1.0,0.0,1.0,1.0,1.0
2020-05-29 19:14:04,-0.009999999999998,9.41,9.4,-0.0180000000000006,9.412,67.32499999999999,3.817500000000001,1.0,0.0,1.0,1.0,0.0,1.0,1.0,1.0
2020-05-29 19:14:14,-0.009999999999998,9.394,9.384,-0.0199999999999995,9.396,67.5,3.7775,1.0,0.0,1.0,1.0,0.0,1.0,1.0,1.0
2020-05-29 19:14:23,-0.009999999999998,9.382,9.37,-0.0199999999999995,9.382,67.52499999999999,3.735000000000001,1.0,0.0,1.0,1.0,0.0,1.0,1.0,1.0
2020-05-29 19:14:33,-0.009999999999998,9.364,9.354,-0.0199999999999995,9.364,67.625,3.6999999999999993,1.0,0.0,1.0,1.0,0.0,1.0,1.0,1.0
2020-05-29 19:14:43,-0.009999999999998,9.348,9.336,-0.0199999999999995,9.348,67.55,3.682499999999999,1.0,0.0,1.0,1.0,0.0,1.0,1.0,1.0
2020-05-29 19:14:53,-0.0139999999999993,9.332,9.32,-0.0219999999999984,9.334,67.225,3.7525,1.0,0.0,1.0,1.0,0.0,1.0,1.0,1.0
2020-05-29 19:15:03,-0.009999999999998,9.318,9.306,-0.0180000000000006,9.318,67.15,3.82,1.0,0.0,1.0,1.0,0.0,1.0,1.0,1.0
2020-05-29 19:15:13,-0.009999999999998,9.302,9.29,-0.0199999999999995,9.304,67.05000000000001,0.0449999999999999,1.0,0.0,1.0,1.0,0.0,1.0,1.0,1.0
2020-05-29 19:15:23,-0.009999999999998,9.286,9.276,-0.0199999999999995,9.288,67.15,0.0424999999999995,1.0,0.0,1.0,1.0,0.0,1.0,1.0,1.0
2020-05-29 19:15:33,-0.0120000000000004,9.27,9.258,-0.0199999999999995,9.27,67.32499999999999,0.0424999999999995,1.0,0.0,1.0,1.0,0.0,1.0,1.0,1.0
2020-05-29 19:15:43,-0.009999999999998,9.254,9.242,-0.0199999999999995,9.254,67.15,0.04,1.0,0.0,1.0,1.0,0.0,1.0,1.0,1.0
2020-05-29 19:15:53,-0.009999999999998,9.242,9.228,-0.0199999999999995,9.24,66.92499999999998,0.0424999999999995,1.0,0.0,1.0,1.0,0.0,1.0,1.0,1.0
2020-05-29 19:16:03,-0.009999999999998,9.224,9.212,-0.0180000000000006,9.226,66.65,0.0424999999999995,1.0,0.0,1.0,1.0,0.0,1.0,1.0,1.0
2020-05-29 19:16:12,-0.009999999999998,9.208,9.196,-0.0199999999999995,9.208,66.25000000000001,0.0424999999999995,1.0,0.0,1.0,1.0,0.0,1.0,1.0,1.0
2020-05-29 19:16:22,-0.0120000000000004,9.194,9.182,-0.0199999999999995,9.194,65.97500000000001,0.04,1.0,0.0,1.0,1.0,0.0,1.0,1.0,1.0
2020-05-29 19:16:32,-0.009999999999998,9.18,9.168,-0.0199999999999995,9.18,65.575,0.04,1.0,0.0,1.0,1.0,0.0,1.0,1.0,1.0
2020-05-29 19:16:42,-0.0120000000000004,9.162,9.15,-0.0219999999999984,9.162,65.32500000000002,0.0375000000000005,1.0,0.0,1.0,1.0,0.0,1.0,1.0,1.0
2020-05-29 19:16:52,-0.0120000000000004,9.148,9.136,-0.0219999999999984,9.148,65.05000000000001,0.04,1.0,0.0,1.0,1.0,0.0,1.0,1.0,1.0
2020-05-29 19:17:02,-0.0120000000000004,9.134,9.12,-0.0199999999999995,9.134,64.75,0.04,1.0,0.0,1.0,1.0,0.0,1.0,1.0,1.0
2020-05-29 19:17:12,-0.009999999999998,9.118,9.104,-0.0199999999999995,9.118,64.39999999999999,0.04,1.0,0.0,1.0,1.0,0.0,1.0,1.0,1.0
2020-05-29 19:17:22,-0.009999999999998,9.102,9.09,-0.0199999999999995,9.102,64.25,0.04,1.0,0.0,1.0,1.0,0.0,1.0,1.0,1.0
2020-05-29 19:17:32,-0.009999999999998,9.088,9.076,-0.0180000000000006,9.088,64.27499999999999,0.04,1.0,0.0,1.0,1.0,0.0,1.0,1.0,1.0
2020-05-29 19:17:42,-0.0120000000000004,9.074,9.06,-0.0199999999999995,9.072,64.07499999999999,0.04,1.0,0.0,1.0,1.0,0.0,1.0,1.0,1.0
2020-05-29 19:17:52,-0.0120000000000004,9.056,9.044,-0.0219999999999984,9.058,63.94999999999999,0.04,1.0,0.0,1.0,1.0,0.0,1.0,1.0,1.0
2020-05-29 19:18:01,-0.009999999999998,9.042,9.03,-0.0199999999999995,9.042,63.94999999999999,0.04,1.0,0.0,1.0,1.0,0.0,1.0,1.0,1.0
2020-05-29 19:18:11,-0.0079999999999991,9.03,9.016,-0.0180000000000006,9.028,63.650000000000006,0.04,1.0,0.0,1.0,1.0,0.0,1.0,1.0,1.0
2020-05-29 19:18:21,-0.009999999999998,9.014,9.0,-0.0199999999999995,9.014,63.650000000000006,0.0424999999999995,1.0,0.0,1.0,1.0,0.0,1.0,1.0,1.0
2020-05-29 19:18:31,-0.0120000000000004,9.0,8.986,-0.0199999999999995,9.0,63.45,0.04,1.0,0.0,1.0,1.0,0.0,1.0,1.0,1.0
2020-05-29 19:18:41,-0.0120000000000004,8.984,8.97,-0.0199999999999995,8.984,63.325,0.04,1.0,0.0,1.0,1.0,0.0,1.0,1.0,1.0
2020-05-29 19:18:51,-0.0120000000000004,8.97,8.958,-0.0199999999999995,8.97,63.125000000000014,0.0424999999999995,1.0,0.0,1.0,1.0,0.0,1.0,1.0,1.0
2020-05-29 19:19:01,-0.009999999999998,8.956,8.944,-0.0180000000000006,8.958,62.94999999999999,0.04,1.0,0.0,1.0,1.0,0.0,1.0,1.0,1.0
2020-05-29 19:19:11,-0.009999999999998,8.942,8.93,-0.0199999999999995,8.942,62.99999999999999,0.0424999999999995,1.0,0.0,1.0,1.0,0.0,1.0,1.0,1.0
2020-05-29 19:19:21,-0.009999999999998,8.926,8.914,-0.0199999999999995,8.928,62.94999999999999,0.04,1.0,0.0,1.0,1.0,0.0,1.0,1.0,1.0
2020-05-29 19:19:31,-0.0120000000000004,8.912,8.9,-0.0180000000000006,8.914,62.650000000000006,0.0424999999999995,1.0,0.0,1.0,1.0,0.0,1.0,1.0,1.0
2020-05-29 19:19:41,-0.009999999999998,8.898,8.886,-0.0199999999999995,8.9,62.75,0.04,1.0,0.0,1.0,1.0,0.0,1.0,1.0,1.0
2020-05-29 19:19:50,-0.009999999999998,8.884,8.872,-0.0180000000000006,8.884,62.55,0.0424999999999995,1.0,0.0,1.0,1.0,0.0,1.0,1.0,1.0
2020-05-29 19:20:00,-0.0120000000000004,8.87,8.858,-0.0199999999999995,8.87,62.425,0.04,1.0,0.0,1.0,1.0,0.0,1.0,1.0,1.0
2020-05-29 19:20:10,-0.0120000000000004,8.856,8.844,-0.0180000000000006,8.856,62.425,0.04,1.0,0.0,1.0,1.0,0.0,1.0,1.0,1.0
2020-05-29 19:20:20,-0.0120000000000004,8.842,8.83,-0.0199999999999995,8.842,62.35,0.0424999999999995,1.0,0.0,1.0,1.0,0.0,1.0,1.0,1.0
2020-05-29 19:20:30,-0.0120000000000004,8.826,8.816,-0.0199999999999995,8.828,62.25,0.04,1.0,0.0,1.0,1.0,0.0,1.0,1.0,1.0
2020-05-29 19:20:40,-0.0120000000000004,8.812,8.8,-0.0199999999999995,8.814,62.175,0.0424999999999995,1.0,0.0,1.0,1.0,0.0,1.0,1.0,1.0
2020-05-29 19:20:50,-0.0120000000000004,8.8,8.786,-0.0199999999999995,8.802,62.07499999999999,0.04,1.0,0.0,1.0,1.0,0.0,1.0,1.0,1.0
2020-05-29 19:21:00,-0.009999999999998,8.784,8.772,-0.0199999999999995,8.786,61.92500000000001,0.0424999999999995,1.0,0.0,1.0,1.0,0.0,1.0,1.0,1.0
2020-05-29 19:21:10,-0.009999999999998,8.77,8.758,-0.0180000000000006,8.772,61.85000000000001,0.0424999999999995,1.0,0.0,1.0,1.0,0.0,1.0,1.0,1.0
2020-05-29 19:21:20,-0.0120000000000004,8.758,8.744,-0.0199999999999995,8.758,61.85000000000001,0.04,1.0,0.0,1.0,1.0,0.0,1.0,1.0,1.0
2020-05-29 19:21:30,-0.009999999999998,8.744,8.732,-0.0199999999999995,8.746,61.650000000000006,0.04,1.0,0.0,1.0,1.0,0.0,1.0,1.0,1.0
2020-05-29 19:21:39,-0.009999999999998,8.728,8.716,-0.0180000000000006,8.73,61.7,0.0424999999999995,1.0,0.0,1.0,1.0,0.0,1.0,1.0,1.0
2020-05-29 19:21:49,-0.0120000000000004,8.716,8.706,-0.0199999999999995,8.718,61.60000000000001,0.04,1.0,0.0,1.0,1.0,0.0,1.0,1.0,1.0
2020-05-29 19:21:59,-0.0120000000000004,8.702,8.69,-0.0180000000000006,8.704,61.525000000000006,0.0424999999999995,1.0,0.0,1.0,1.0,0.0,1.0,1.0,1.0
2020-05-29 19:22:09,-0.0120000000000004,8.686,8.674,-0.0199999999999995,8.688,61.475,0.0424999999999995,1.0,0.0,1.0,1.0,0.0,1.0,1.0,1.0
2020-05-29 19:22:19,-0.009999999999998,8.674,8.662,-0.0180000000000006,8.676,61.425,0.04,1.0,0.0,1.0,1.0,0.0,1.0,1.0,1.0
2020-05-29 19:22:29,-0.0120000000000004,8.66,8.648,-0.0199999999999995,8.66,61.35,0.0424999999999995,1.0,0.0,1.0,1.0,0.0,1.0,1.0,1.0
2020-05-29 19:22:39,-0.0120000000000004,8.646,8.632,-0.0199999999999995,8.646,61.3,0.04,1.0,0.0,1.0,1.0,0.0,1.0,1.0,1.0
2020-05-29 19:22:49,-0.009999999999998,8.634,8.622,-0.0180000000000006,8.636,61.175,0.04,1.0,0.0,1.0,1.0,0.0,1.0,1.0,1.0
2020-05-29 19:22:59,-0.009999999999998,8.622,8.608,-0.0180000000000006,8.622,61.20000000000002,0.0424999999999995,1.0,0.0,1.0,1.0,0.0,1.0,1.0,1.0
2020-05-29 19:23:09,-0.009999999999998,8.606,8.594,-0.0180000000000006,8.608,61.14999999999999,0.04,1.0,0.0,1.0,1.0,0.0,1.0,1.0,1.0
2020-05-29 19:23:19,-0.0120000000000004,8.594,8.58,-0.0180000000000006,8.594,61.05000000000001,0.04,1.0,0.0,1.0,1.0,0.0,1.0,1.0,1.0
2020-05-29 19:23:28,-0.0120000000000004,8.58,8.568,-0.0199999999999995,8.582,61.05000000000001,0.04,1.0,0.0,1.0,1.0,0.0,1.0,1.0,1.0
2020-05-29 19:23:38,-0.0120000000000004,8.566,8.556,-0.0180000000000006,8.568,60.975,0.0424999999999995,1.0,0.0,1.0,1.0,0.0,1.0,1.0,1.0
2020-05-29 19:23:48,-0.0120000000000004,8.552,8.538,-0.0199999999999995,8.554,60.75,0.04,1.0,0.0,1.0,1.0,0.0,1.0,1.0,1.0
2020-05-29 19:23:58,-0.009999999999998,8.542,8.528,-0.0180000000000006,8.542,60.775000000000006,0.04,1.0,0.0,1.0,1.0,0.0,1.0,1.0,1.0
2020-05-29 19:24:08,-0.0120000000000004,8.526,8.514,-0.0199999999999995,8.528,60.775000000000006,0.04,1.0,0.0,1.0,1.0,0.0,1.0,1.0,1.0
2020-05-29 19:24:18,-0.009999999999998,8.514,8.502,-0.0180000000000006,8.516,60.775000000000006,0.0424999999999995,1.0,0.0,1.0,1.0,0.0,1.0,1.0,1.0
2020-05-29 19:24:28,-0.0120000000000004,8.5,8.488,-0.0199999999999995,8.502,60.67499999999998,0.04,1.0,0.0,1.0,1.0,0.0,1.0,1.0,1.0
2020-05-29 19:24:38,-0.0120000000000004,8.488,8.476,-0.0199999999999995,8.488,60.67499999999998,0.04,1.0,0.0,1.0,1.0,0.0,1.0,1.0,1.0
2020-05-29 19:24:48,-0.0120000000000004,8.476,8.462,-0.0180000000000006,8.476,60.625,0.04,1.0,0.0,1.0,1.0,0.0,1.0,1.0,1.0
2020-05-29 19:24:58,-0.0120000000000004,8.464,8.45,-0.0180000000000006,8.462,60.5,0.04,1.0,0.0,1.0,1.0,0.0,1.0,1.0,1.0
2020-05-29 19:25:08,-0.0120000000000004,8.448,8.436,-0.0180000000000006,8.448,60.375,0.04,1.0,0.0,1.0,1.0,0.0,1.0,1.0,1.0
2020-05-29 19:25:17,-0.009999999999998,8.436,8.424,-0.0180000000000006,8.436,60.375,0.04,1.0,0.0,1.0,1.0,0.0,1.0,1.0,1.0
2020-05-29 19:25:27,-0.0120000000000004,8.422,8.41,-0.0199999999999995,8.422,60.35,0.0424999999999995,1.0,0.0,1.0,1.0,0.0,1.0,1.0,1.0
2020-05-29 19:25:37,-0.0120000000000004,8.41,8.396,-0.0199999999999995,8.41,60.25,0.04,1.0,0.0,1.0,1.0,0.0,1.0,1.0,1.0
2020-05-29 19:25:47,-0.0120000000000004,8.396,8.384,-0.0199999999999995,8.396,60.175,0.0424999999999995,1.0,0.0,1.0,1.0,0.0,1.0,1.0,1.0
2020-05-29 19:25:57,-0.009999999999998,8.384,8.37,-0.0180000000000006,8.384,60.175,0.04,1.0,0.0,1.0,1.0,0.0,1.0,1.0,1.0
2020-05-29 19:26:07,-0.0120000000000004,8.37,8.356,-0.0199999999999995,8.372,60.1,0.04,1.0,0.0,1.0,1.0,0.0,1.0,1.0,1.0
2020-05-29 19:26:17,-0.009999999999998,8.358,8.346,-0.0180000000000006,8.358,60.07499999999999,0.0424999999999995,1.0,0.0,1.0,1.0,0.0,1.0,1.0,1.0
2020-05-29 19:26:27,-0.0120000000000004,8.344,8.332,-0.0199999999999995,8.344,59.975,0.0424999999999995,1.0,0.0,1.0,1.0,0.0,1.0,1.0,1.0
2020-05-29 19:26:37,-0.009999999999998,8.332,8.32,-0.0199999999999995,8.332,59.975,0.04,1.0,0.0,1.0,1.0,0.0,1.0,1.0,1.0
2020-05-29 19:26:47,-0.0120000000000004,8.318,8.306,-0.0199999999999995,8.318,59.87499999999999,0.04,1.0,0.0,1.0,1.0,0.0,1.0,1.0,1.0
2020-05-29 19:26:57,-0.0120000000000004,8.306,8.294,-0.0199999999999995,8.306,59.92500000000001,0.04,1.0,0.0,1.0,1.0,0.0,1.0,1.0,1.0
2020-05-29 19:27:07,-0.0139999999999993,8.292,8.28,-0.0219999999999984,8.292,59.85000000000001,0.04,1.0,0.0,1.0,1.0,0.0,1.0,1.0,1.0
2020-05-29 19:27:16,-0.0120000000000004,8.282,8.27,-0.0199999999999995,8.28,59.72500000000001,0.0424999999999995,1.0,0.0,1.0,1.0,0.0,1.0,1.0,1.0
2020-05-29 19:27:26,-0.0120000000000004,8.266,8.254,-0.0199999999999995,8.266,59.775000000000006,0.04,1.0,0.0,1.0,1.0,0.0,1.0,1.0,1.0
2020-05-29 19:27:36,-0.0120000000000004,8.254,8.242,-0.0199999999999995,8.254,59.67499999999998,0.04,1.0,0.0,1.0,1.0,0.0,1.0,1.0,1.0
2020-05-29 19:27:46,-0.0120000000000004,8.242,8.23,-0.0199999999999995,8.24,59.67499999999998,0.04,1.0,0.0,1.0,1.0,0.0,1.0,1.0,1.0
2020-05-29 19:27:56,-0.0120000000000004,8.228,8.216,-0.0199999999999995,8.23,59.67499999999998,0.0424999999999995,1.0,0.0,1.0,1.0,0.0,1.0,1.0,1.0
2020-05-29 19:28:06,-0.0120000000000004,8.216,8.204,-0.0199999999999995,8.218,59.575,0.04,1.0,0.0,1.0,1.0,0.0,1.0,1.0,1.0
2020-05-29 19:28:16,-0.0120000000000004,8.204,8.192,-0.0199999999999995,8.204,59.55,0.04,1.0,0.0,1.0,1.0,0.0,1.0,1.0,1.0
2020-05-29 19:28:26,-0.0120000000000004,8.188,8.178,-0.0199999999999995,8.19,59.45,0.04,1.0,0.0,1.0,1.0,0.0,1.0,1.0,1.0
2020-05-29 19:28:36,-0.0120000000000004,8.178,8.166,-0.0199999999999995,8.178,59.375,0.0424999999999995,1.0,0.0,1.0,1.0,0.0,1.0,1.0,1.0
2020-05-29 19:28:46,-0.0120000000000004,8.166,8.154,-0.0199999999999995,8.166,59.45,0.04,1.0,0.0,1.0,1.0,0.0,1.0,1.0,1.0
2020-05-29 19:28:56,-0.0120000000000004,8.15,8.14,-0.0199999999999995,8.152,59.375,0.0424999999999995,1.0,0.0,1.0,1.0,0.0,1.0,1.0,1.0
2020-05-29 19:29:05,-0.0120000000000004,8.138,8.128,-0.0199999999999995,8.14,59.25,0.04,1.0,0.0,1.0,1.0,0.0,1.0,1.0,1.0
2020-05-29 19:29:15,-0.0139999999999993,8.126,8.116,-0.0199999999999995,8.126,59.25,0.0424999999999995,1.0,0.0,1.0,1.0,0.0,1.0,1.0,1.0
2020-05-29 19:29:25,-0.0139999999999993,8.112,8.102,-0.0180000000000006,8.114,59.25,0.0375000000000005,1.0,0.0,1.0,1.0,0.0,1.0,1.0,1.0
2020-05-29 19:29:35,-0.0120000000000004,8.102,8.09,-0.0199999999999995,8.102,59.175,0.04,1.0,0.0,1.0,1.0,0.0,1.0,1.0,1.0
2020-05-29 19:29:45,-0.0120000000000004,8.09,8.08,-0.0199999999999995,8.092,59.175,0.04,1.0,0.0,1.0,1.0,0.0,1.0,1.0,1.0
2020-05-29 19:29:55,-0.0120000000000004,8.076,8.066,-0.0199999999999995,8.076,59.07500000000002,0.04,1.0,0.0,1.0,1.0,0.0,1.0,1.0,1.0
2020-05-29 19:30:05,-0.0120000000000004,8.064,8.054,-0.0219999999999984,8.066,59.05,0.04,1.0,0.0,1.0,1.0,0.0,1.0,1.0,1.0
2020-05-29 19:30:15,0.2080000000000001,8.052,-0.0219999999999984,-0.0199999999999995,8.054,59.000000000000014,4.727499999999999,0.0,1.0,0.0,0.0,0.0,1.0,1.0,1.0
2020-05-29 19:30:25,7.638,8.038,-0.0240000000000009,-0.0180000000000006,8.04,58.975,5.5875,0.0,1.0,0.0,0.0,0.0,1.0,1.0,1.0
2020-05-29 19:30:35,8.736,8.272,-0.0199999999999995,-0.0199999999999995,8.27,59.07500000000002,5.745000000000001,0.0,1.0,0.0,0.0,0.0,1.0,1.0,1.0
2020-05-29 19:30:45,8.394,8.504,-0.0159999999999982,-0.0199999999999995,8.504,59.575,5.9,0.0,1.0,1.0,0.0,0.0,0.0,1.0,1.0
2020-05-29 19:30:54,9.058,8.612,-0.0139999999999993,-0.0199999999999995,8.61,60.2,5.940000000000001,0.0,1.0,1.0,0.0,0.0,1.0,1.0,1.0
2020-05-29 19:31:04,9.28,8.848,-0.0139999999999993,-0.0219999999999984,8.846,61.07499999999999,5.8925,0.0,1.0,1.0,0.0,0.0,1.0,1.0,1.0
2020-05-29 19:31:14,9.466,9.048,-0.0120000000000004,-0.0199999999999995,9.046,62.07499999999999,5.965,0.0,1.0,1.0,0.0,0.0,1.0,1.0,1.0
2020-05-29 19:31:24,9.644,9.242,-0.0120000000000004,-0.0199999999999995,9.236,62.94999999999999,6.100000000000001,0.0,1.0,1.0,0.0,0.0,1.0,1.0,1.0
2020-05-29 19:31:34,9.81,9.422,-0.0120000000000004,-0.0199999999999995,9.42,63.85000000000001,6.112500000000001,0.0,1.0,1.0,0.0,0.0,1.0,1.0,1.0
2020-05-29 19:31:44,6.878,9.602,-0.009999999999998,-0.0199999999999995,9.6,65.05000000000001,5.407500000000001,0.0,1.0,0.0,0.0,0.0,1.0,1.0,1.0
2020-05-29 19:31:54,10.02,9.63,-0.0079999999999991,-0.0199999999999995,9.628,66.17500000000001,6.154999999999999,0.0,1.0,0.0,0.0,0.0,1.0,1.0,1.0
2020-05-29 19:32:04,10.188,9.8,-0.009999999999998,-0.0199999999999995,9.796,67.32499999999999,6.067499999999999,0.0,1.0,0.0,0.0,0.0,1.0,1.0,1.0
2020-05-29 19:32:14,10.35,9.972,-0.0079999999999991,-0.0199999999999995,9.968,68.35,6.1775,0.0,1.0,0.0,0.0,0.0,1.0,1.0,1.0
2020-05-29 19:32:24,10.498,10.13,-0.0079999999999991,-0.0180000000000006,10.126,69.35,6.192500000000001,0.0,1.0,0.0,0.0,0.0,1.0,1.0,1.0
2020-05-29 19:32:34,-0.0259999999999998,10.104,10.108,-0.0199999999999995,10.102,70.125,3.795,1.0,0.0,1.0,1.0,0.0,1.0,1.0,1.0
2020-05-29 19:32:43,-0.0240000000000009,10.056,10.056,-0.0199999999999995,10.054,70.55,3.7775,1.0,0.0,1.0,1.0,0.0,1.0,1.0,1.0
2020-05-29 19:32:53,-0.0199999999999995,10.014,10.01,-0.0199999999999995,10.012,70.825,3.83,1.0,0.0,1.0,1.0,0.0,1.0,1.0,1.0
2020-05-29 19:33:03,-0.0180000000000006,9.98,9.976,-0.0199999999999995,9.98,70.925,3.772499999999999,1.0,0.0,1.0,1.0,0.0,1.0,1.0,1.0
2020-05-29 19:33:13,-0.0180000000000006,9.95,9.944,-0.0199999999999995,9.95,71.0,3.74,1.0,0.0,1.0,1.0,0.0,1.0,1.0,1.0
2020-05-29 19:33:23,-0.0159999999999982,9.92,9.912,-0.0199999999999995,9.918,71.025,3.782499999999999,1.0,0.0,1.0,1.0,0.0,1.0,1.0,1.0
2020-05-29 19:33:33,-0.0139999999999993,9.894,9.886,-0.0199999999999995,9.892,70.825,3.82,1.0,0.0,1.0,1.0,0.0,1.0,1.0,1.0
2020-05-29 19:33:43,-0.0139999999999993,9.87,9.86,-0.0199999999999995,9.87,70.55,3.7325,1.0,0.0,1.0,1.0,0.0,1.0,1.0,1.0
2020-05-29 19:33:53,-0.0120000000000004,9.848,9.838,-0.0180000000000006,9.846,70.17500000000001,3.710000000000001,1.0,0.0,1.0,1.0,0.0,1.0,1.0,1.0
2020-05-29 19:34:03,-0.0120000000000004,9.826,9.816,-0.0199999999999995,9.824,69.875,3.735000000000001,1.0,0.0,1.0,1.0,0.0,1.0,1.0,1.0
2020-05-29 19:34:13,-0.0139999999999993,9.804,9.794,-0.0219999999999984,9.804,69.32499999999999,3.7975,1.0,0.0,1.0,1.0,0.0,1.0,1.0,1.0
2020-05-29 19:34:23,-0.0120000000000004,9.784,9.77,-0.0199999999999995,9.784,69.025,3.7200000000000006,1.0,0.0,1.0,1.0,0.0,1.0,1.0,1.0
2020-05-29 19:34:32,-0.0120000000000004,9.764,9.754,-0.0180000000000006,9.764,68.85,3.747500000000001,1.0,0.0,1.0,1.0,0.0,1.0,1.0,1.0
2020-05-29 19:34:42,-0.0139999999999993,9.744,9.732,-0.0219999999999984,9.744,68.625,3.817500000000001,1.0,0.0,1.0,1.0,0.0,1.0,1.0,1.0
2020-05-29 19:34:52,-0.0120000000000004,9.724,9.712,-0.0219999999999984,9.722,68.52499999999999,3.7200000000000006,1.0,0.0,1.0,1.0,0.0,1.0,1.0,1.0
2020-05-29 19:35:02,-0.009999999999998,9.706,9.694,-0.0199999999999995,9.706,68.19999999999999,3.727500000000001,1.0,0.0,1.0,1.0,0.0,1.0,1.0,1.0
2020-05-29 19:35:12,-0.0120000000000004,9.686,9.674,-0.0199999999999995,9.688,67.775,3.795,1.0,0.0,1.0,1.0,0.0,1.0,1.0,1.0
2020-05-29 19:35:22,-0.0120000000000004,9.668,9.654,-0.0199999999999995,9.668,67.625,3.74,1.0,0.0,1.0,1.0,0.0,1.0,1.0,1.0
2020-05-29 19:35:32,-0.0120000000000004,9.65,9.636,-0.0199999999999995,9.652,67.475,3.795,1.0,0.0,1.0,1.0,0.0,1.0,1.0,1.0
2020-05-29 19:35:42,-0.009999999999998,9.632,9.62,-0.0180000000000006,9.632,67.30000000000001,3.7225,1.0,0.0,1.0,1.0,0.0,1.0,1.0,1.0
2020-05-29 19:35:52,-0.0120000000000004,9.614,9.602,-0.0219999999999984,9.612,67.05000000000001,3.795,1.0,0.0,1.0,1.0,0.0,1.0,1.0,1.0
2020-05-29 19:36:02,-0.009999999999998,9.596,9.582,-0.0199999999999995,9.596,67.025,3.764999999999999,1.0,0.0,1.0,1.0,0.0,1.0,1.0,1.0
2020-05-29 19:36:12,-0.009999999999998,9.58,9.566,-0.0199999999999995,9.58,66.825,3.7775,1.0,0.0,1.0,1.0,0.0,1.0,1.0,1.0
2020-05-29 19:36:22,-0.009999999999998,9.562,9.552,-0.0199999999999995,9.564,66.775,3.715,1.0,0.0,1.0,1.0,0.0,1.0,1.0,1.0
2020-05-29 19:36:31,-0.009999999999998,9.544,9.534,-0.0199999999999995,9.546,66.85000000000001,3.815,1.0,0.0,1.0,1.0,0.0,1.0,1.0,1.0
2020-05-29 19:36:41,-0.009999999999998,9.528,9.518,-0.0199999999999995,9.528,66.775,3.74,1.0,0.0,1.0,1.0,0.0,1.0,1.0,1.0
2020-05-29 19:36:51,-0.0120000000000004,9.512,9.5,-0.0199999999999995,9.514,66.725,3.8425,1.0,0.0,1.0,1.0,0.0,1.0,1.0,1.0
2020-05-29 19:37:01,-0.009999999999998,9.496,9.484,-0.0180000000000006,9.496,66.825,3.7125,1.0,0.0,1.0,1.0,0.0,1.0,1.0,1.0
2020-05-29 19:37:11,-0.0120000000000004,9.48,9.468,-0.0199999999999995,9.48,66.825,3.7375000000000007,1.0,0.0,1.0,1.0,0.0,1.0,1.0,1.0
2020-05-29 19:37:21,-0.009999999999998,9.464,9.454,-0.0199999999999995,9.464,66.85000000000001,3.77,1.0,0.0,1.0,1.0,0.0,1.0,1.0,1.0
2020-05-29 19:37:31,-0.009999999999998,9.448,9.436,-0.0199999999999995,9.448,66.85000000000001,3.692499999999999,1.0,0.0,1.0,1.0,0.0,1.0,1.0,1.0
2020-05-29 19:37:41,-0.009999999999998,9.432,9.42,-0.0180000000000006,9.43,66.92499999999998,3.7575,1.0,0.0,1.0,1.0,0.0,1.0,1.0,1.0
2020-05-29 19:37:51,-0.0120000000000004,9.416,9.404,-0.0199999999999995,9.416,66.825,3.805,1.0,0.0,1.0,1.0,0.0,1.0,1.0,1.0
2020-05-29 19:38:01,-0.009999999999998,9.4,9.388,-0.0180000000000006,9.402,66.875,3.710000000000001,1.0,0.0,1.0,1.0,0.0,1.0,1.0,1.0
2020-05-29 19:38:11,-0.009999999999998,9.384,9.37,-0.0199999999999995,9.384,66.825,3.692499999999999,1.0,0.0,1.0,1.0,0.0,1.0,1.0,1.0
2020-05-29 19:38:21,-0.009999999999998,9.368,9.356,-0.0199999999999995,9.368,66.95,3.7624999999999993,1.0,0.0,1.0,1.0,0.0,1.0,1.0,1.0
2020-05-29 19:38:30,-0.009999999999998,9.354,9.342,-0.0199999999999995,9.356,66.8,3.77,1.0,0.0,1.0,1.0,0.0,1.0,1.0,1.0
2020-05-29 19:38:40,-0.009999999999998,9.338,9.326,-0.0199999999999995,9.338,66.875,3.6999999999999993,1.0,0.0,1.0,1.0,0.0,1.0,1.0,1.0
2020-05-29 19:38:50,-0.009999999999998,9.322,9.31,-0.0199999999999995,9.324,66.92499999999998,3.7675,1.0,0.0,1.0,1.0,0.0,1.0,1.0,1.0
2020-05-29 19:39:00,-0.0120000000000004,9.306,9.296,-0.0199999999999995,9.308,66.85000000000001,3.785,1.0,0.0,1.0,1.0,0.0,1.0,1.0,1.0
2020-05-29 19:39:10,-0.009999999999998,9.29,9.28,-0.0199999999999995,9.292,66.92499999999998,3.702500000000001,1.0,0.0,1.0,1.0,0.0,1.0,1.0,1.0
2020-05-29 19:39:20,-0.009999999999998,9.276,9.266,-0.0180000000000006,9.278,66.9,0.0475000000000003,1.0,0.0,1.0,1.0,0.0,1.0,1.0,1.0
2020-05-29 19:39:30,-0.009999999999998,9.26,9.248,-0.0199999999999995,9.262,66.8,0.0449999999999999,1.0,0.0,1.0,1.0,0.0,1.0,1.0,1.0
2020-05-29 19:39:40,-0.0120000000000004,9.246,9.232,-0.0199999999999995,9.246,66.825,0.0449999999999999,1.0,0.0,1.0,1.0,0.0,1.0,1.0,1.0
2020-05-29 19:39:50,-0.0120000000000004,9.23,9.216,-0.0199999999999995,9.23,66.625,0.0424999999999995,1.0,0.0,1.0,1.0,0.0,1.0,1.0,1.0
2020-05-29 19:40:00,-0.009999999999998,9.212,9.202,-0.0199999999999995,9.216,66.25000000000001,0.0424999999999995,1.0,0.0,1.0,1.0,0.0,1.0,1.0,1.0
2020-05-29 19:40:10,-0.0120000000000004,9.198,9.188,-0.0199999999999995,9.2,65.8,0.0424999999999995,1.0,0.0,1.0,1.0,0.0,1.0,1.0,1.0
2020-05-29 19:40:20,-0.0120000000000004,9.182,9.17,-0.0199999999999995,9.186,65.45,0.0424999999999995,1.0,0.0,1.0,1.0,0.0,1.0,1.0,1.0
2020-05-29 19:40:30,-0.0120000000000004,9.168,9.156,-0.0199999999999995,9.17,65.17500000000001,0.0424999999999995,1.0,0.0,1.0,1.0,0.0,1.0,1.0,1.0
2020-05-29 19:40:39,-0.009999999999998,9.154,9.14,-0.0199999999999995,9.156,64.775,0.0424999999999995,1.0,0.0,1.0,1.0,0.0,1.0,1.0,1.0
2020-05-29 19:40:49,-0.009999999999998,9.136,9.124,-0.0199999999999995,9.138,64.525,0.0424999999999995,1.0,0.0,1.0,1.0,0.0,1.0,1.0,1.0
2020-05-29 19:40:59,-0.009999999999998,9.122,9.108,-0.0199999999999995,9.124,64.32500000000002,0.0424999999999995,1.0,0.0,1.0,1.0,0.0,1.0,1.0,1.0
2020-05-29 19:41:09,-0.009999999999998,9.108,9.094,-0.0199999999999995,9.108,63.97500000000001,0.0424999999999995,1.0,0.0,1.0,1.0,0.0,1.0,1.0,1.0
2020-05-29 19:41:19,-0.009999999999998,9.092,9.08,-0.0199999999999995,9.094,63.875,0.0424999999999995,1.0,0.0,1.0,1.0,0.0,1.0,1.0,1.0
2020-05-29 19:41:29,-0.0120000000000004,9.078,9.064,-0.0199999999999995,9.078,63.650000000000006,0.04,1.0,0.0,1.0,1.0,0.0,1.0,1.0,1.0
2020-05-29 19:41:39,-0.009999999999998,9.062,9.048,-0.0199999999999995,9.064,63.45,0.0424999999999995,1.0,0.0,1.0,1.0,0.0,1.0,1.0,1.0
2020-05-29 19:41:49,-0.0120000000000004,9.048,9.034,-0.0180000000000006,9.048,63.35,0.0424999999999995,1.0,0.0,1.0,1.0,0.0,1.0,1.0,1.0
2020-05-29 19:41:59,-0.0120000000000004,9.032,9.018,-0.0199999999999995,9.032,63.175,0.0424999999999995,1.0,0.0,1.0,1.0,0.0,1.0,1.0,1.0
2020-05-29 19:42:09,-0.009999999999998,9.018,9.004,-0.0180000000000006,9.018,63.05000000000001,0.0424999999999995,1.0,0.0,1.0,1.0,0.0,1.0,1.0,1.0
2020-05-29 19:42:19,-0.0120000000000004,9.004,8.99,-0.0199999999999995,9.006,62.94999999999999,0.0424999999999995,1.0,0.0,1.0,1.0,0.0,1.0,1.0,1.0
2020-05-29 19:42:29,-0.0120000000000004,8.986,8.974,-0.0199999999999995,8.988,62.775000000000006,0.0424999999999995,1.0,0.0,1.0,1.0,0.0,1.0,1.0,1.0
2020-05-29 19:42:38,-0.0120000000000004,8.972,8.96,-0.0199999999999995,8.974,62.75,0.0424999999999995,1.0,0.0,1.0,1.0,0.0,1.0,1.0,1.0
2020-05-29 19:42:48,-0.009999999999998,8.958,8.946,-0.0199999999999995,8.96,62.675,0.0424999999999995,1.0,0.0,1.0,1.0,0.0,1.0,1.0,1.0
2020-05-29 19:42:58,-0.009999999999998,8.944,8.93,-0.0219999999999984,8.944,62.45,0.0424999999999995,1.0,0.0,1.0,1.0,0.0,1.0,1.0,1.0
2020-05-29 19:43:08,-0.0120000000000004,8.928,8.916,-0.0199999999999995,8.93,62.45,0.0424999999999995,1.0,0.0,1.0,1.0,0.0,1.0,1.0,1.0
2020-05-29 19:43:18,-0.0120000000000004,8.914,8.902,-0.0199999999999995,8.914,62.35,0.0424999999999995,1.0,0.0,1.0,1.0,0.0,1.0,1.0,1.0
2020-05-29 19:43:28,-0.009999999999998,8.898,8.886,-0.0199999999999995,8.9,62.325,0.0424999999999995,1.0,0.0,1.0,1.0,0.0,1.0,1.0,1.0
2020-05-29 19:43:38,-0.009999999999998,8.884,8.87,-0.0199999999999995,8.884,62.1,0.0424999999999995,1.0,0.0,1.0,1.0,0.0,1.0,1.0,1.0
2020-05-29 19:43:48,-0.0120000000000004,8.868,8.856,-0.0199999999999995,8.87,62.02499999999999,0.0424999999999995,1.0,0.0,1.0,1.0,0.0,1.0,1.0,1.0
2020-05-29 19:43:58,-0.0120000000000004,8.854,8.844,-0.0199999999999995,8.856,62.000000000000014,0.0424999999999995,1.0,0.0,1.0,1.0,0.0,1.0,1.0,1.0
2020-05-29 19:44:08,-0.0120000000000004,8.84,8.83,-0.0199999999999995,8.842,61.94999999999999,0.0424999999999995,1.0,0.0,1.0,1.0,0.0,1.0,1.0,1.0
2020-05-29 19:44:18,-0.0120000000000004,8.826,8.814,-0.0199999999999995,8.826,61.85000000000001,0.0424999999999995,1.0,0.0,1.0,1.0,0.0,1.0,1.0,1.0
2020-05-29 19:44:28,-0.0120000000000004,8.812,8.8,-0.0199999999999995,8.814,61.775000000000006,0.0424999999999995,1.0,0.0,1.0,1.0,0.0,1.0,1.0,1.0
2020-05-29 19:44:37,-0.009999999999998,8.798,8.786,-0.0199999999999995,8.8,61.825,0.04,1.0,0.0,1.0,1.0,0.0,1.0,1.0,1.0
2020-05-29 19:44:47,-0.0120000000000004,8.782,8.77,-0.0199999999999995,8.784,61.625,0.0424999999999995,1.0,0.0,1.0,1.0,0.0,1.0,1.0,1.0
2020-05-29 19:44:57,-0.009999999999998,8.768,8.758,-0.0199999999999995,8.77,61.625,0.0424999999999995,1.0,0.0,1.0,1.0,0.0,1.0,1.0,1.0
2020-05-29 19:45:07,-0.009999999999998,8.756,8.742,-0.0199999999999995,8.756,61.475,0.0424999999999995,1.0,0.0,1.0,1.0,0.0,1.0,1.0,1.0
2020-05-29 19:45:17,-0.0120000000000004,8.74,8.728,-0.0199999999999995,8.74,61.475,0.0424999999999995,1.0,0.0,1.0,1.0,0.0,1.0,1.0,1.0
2020-05-29 19:45:27,-0.0120000000000004,8.726,8.714,-0.0199999999999995,8.728,61.375,0.0424999999999995,1.0,0.0,1.0,1.0,0.0,1.0,1.0,1.0
2020-05-29 19:45:37,-0.0120000000000004,8.71,8.698,-0.0199999999999995,8.714,61.3,0.0424999999999995,1.0,0.0,1.0,1.0,0.0,1.0,1.0,1.0
2020-05-29 19:45:47,-0.009999999999998,8.698,8.684,-0.0199999999999995,8.698,61.175,0.0424999999999995,1.0,0.0,1.0,1.0,0.0,1.0,1.0,1.0
2020-05-29 19:45:57,-0.0120000000000004,8.684,8.67,-0.0199999999999995,8.686,61.175,0.0424999999999995,1.0,0.0,1.0,1.0,0.0,1.0,1.0,1.0
2020-05-29 19:46:07,-0.009999999999998,8.668,8.658,-0.0199999999999995,8.67,61.1,0.0424999999999995,1.0,0.0,1.0,1.0,0.0,1.0,1.0,1.0
2020-05-29 19:46:17,-0.0120000000000004,8.656,8.642,-0.0199999999999995,8.656,61.07499999999999,0.0424999999999995,1.0,0.0,1.0,1.0,0.0,1.0,1.0,1.0
2020-05-29 19:46:27,-0.0120000000000004,8.64,8.63,-0.0219999999999984,8.644,60.94999999999999,0.0424999999999995,1.0,0.0,1.0,1.0,0.0,1.0,1.0,1.0
2020-05-29 19:46:36,-0.009999999999998,8.628,8.616,-0.0199999999999995,8.628,60.87499999999999,0.0424999999999995,1.0,0.0,1.0,1.0,0.0,1.0,1.0,1.0
2020-05-29 19:46:46,-0.0120000000000004,8.614,8.602,-0.0199999999999995,8.614,60.87499999999999,0.0424999999999995,1.0,0.0,1.0,1.0,0.0,1.0,1.0,1.0
2020-05-29 19:46:56,-0.0120000000000004,8.6,8.588,-0.0199999999999995,8.602,60.775000000000006,0.0424999999999995,1.0,0.0,1.0,1.0,0.0,1.0,1.0,1.0
2020-05-29 19:47:06,-0.0120000000000004,8.586,8.574,-0.0199999999999995,8.588,60.87499999999999,0.0424999999999995,1.0,0.0,1.0,1.0,0.0,1.0,1.0,1.0
2020-05-29 19:47:16,-0.0120000000000004,8.574,8.56,-0.0199999999999995,8.574,60.650000000000006,0.0424999999999995,1.0,0.0,1.0,1.0,0.0,1.0,1.0,1.0
2020-05-29 19:47:26,-0.0120000000000004,8.56,8.546,-0.0199999999999995,8.56,60.45,0.0424999999999995,1.0,0.0,1.0,1.0,0.0,1.0,1.0,1.0
2020-05-29 19:47:36,-0.0120000000000004,8.546,8.534,-0.0180000000000006,8.546,60.55,0.0424999999999995,1.0,0.0,1.0,1.0,0.0,1.0,1.0,1.0
2020-05-29 19:47:46,-0.0120000000000004,8.532,8.52,-0.0199999999999995,8.532,60.400000000000006,0.0424999999999995,1.0,0.0,1.0,1.0,0.0,1.0,1.0,1.0
2020-05-29 19:47:56,-0.0120000000000004,8.518,8.506,-0.0199999999999995,8.52,60.3,0.04,1.0,0.0,1.0,1.0,0.0,1.0,1.0,1.0
2020-05-29 19:48:06,-0.0120000000000004,8.506,8.492,-0.0199999999999995,8.506,60.35,0.0424999999999995,1.0,0.0,1.0,1.0,0.0,1.0,1.0,1.0
2020-05-29 19:48:16,-0.0120000000000004,8.49,8.478,-0.0219999999999984,8.494,60.25,0.0424999999999995,1.0,0.0,1.0,1.0,0.0,1.0,1.0,1.0
2020-05-29 19:48:26,-0.0120000000000004,8.478,8.466,-0.0199999999999995,8.478,60.14999999999999,0.0424999999999995,1.0,0.0,1.0,1.0,0.0,1.0,1.0,1.0
2020-05-29 19:48:35,-0.0120000000000004,8.466,8.454,-0.0199999999999995,8.466,60.14999999999999,0.0424999999999995,1.0,0.0,1.0,1.0,0.0,1.0,1.0,1.0
2020-05-29 19:48:45,-0.0120000000000004,8.452,8.44,-0.0219999999999984,8.45,60.1,0.0424999999999995,1.0,0.0,1.0,1.0,0.0,1.0,1.0,1.0
2020-05-29 19:48:55,-0.0120000000000004,8.438,8.426,-0.0199999999999995,8.438,60.07499999999999,0.0424999999999995,1.0,0.0,1.0,1.0,0.0,1.0,1.0,1.0
2020-05-29 19:49:05,-0.0120000000000004,8.424,8.412,-0.0199999999999995,8.426,59.87499999999999,0.0424999999999995,1.0,0.0,1.0,1.0,0.0,1.0,1.0,1.0
2020-05-29 19:49:15,-0.009999999999998,8.41,8.4,-0.0199999999999995,8.412,59.89999999999999,0.0424999999999995,1.0,0.0,1.0,1.0,0.0,1.0,1.0,1.0
2020-05-29 19:49:25,-0.0120000000000004,8.398,8.386,-0.0199999999999995,8.4,59.82499999999999,0.0424999999999995,1.0,0.0,1.0,1.0,0.0,1.0,1.0,1.0
2020-05-29 19:49:35,-0.0120000000000004,8.384,8.372,-0.0199999999999995,8.386,59.80000000000001,0.04,1.0,0.0,1.0,1.0,0.0,1.0,1.0,1.0
2020-05-29 19:49:45,-0.0120000000000004,8.37,8.36,-0.0199999999999995,8.374,59.775000000000006,0.0424999999999995,1.0,0.0,1.0,1.0,0.0,1.0,1.0,1.0
2020-05-29 19:49:55,-0.0120000000000004,8.36,8.346,-0.0199999999999995,8.36,59.67499999999998,0.0424999999999995,1.0,0.0,1.0,1.0,0.0,1.0,1.0,1.0
2020-05-29 19:50:05,-0.0120000000000004,8.344,8.332,-0.0199999999999995,8.346,59.55,0.0424999999999995,1.0,0.0,1.0,1.0,0.0,1.0,1.0,1.0
2020-05-29 19:50:15,-0.0120000000000004,8.332,8.32,-0.0180000000000006,8.334,59.55,0.0424999999999995,1.0,0.0,1.0,1.0,0.0,1.0,1.0,1.0
2020-05-29 19:50:25,-0.0120000000000004,8.318,8.306,-0.0199999999999995,8.32,59.475,0.0424999999999995,1.0,0.0,1.0,1.0,0.0,1.0,1.0,1.0
2020-05-29 19:50:34,-0.0120000000000004,8.306,8.296,-0.0180000000000006,8.306,59.425,0.0424999999999995,1.0,0.0,1.0,1.0,0.0,1.0,1.0,1.0
2020-05-29 19:50:44,-0.0120000000000004,8.292,8.28,-0.0199999999999995,8.294,59.475,0.0424999999999995,1.0,0.0,1.0,1.0,0.0,1.0,1.0,1.0
2020-05-29 19:50:54,-0.0120000000000004,8.278,8.268,-0.0219999999999984,8.28,59.3,0.0424999999999995,1.0,0.0,1.0,1.0,0.0,1.0,1.0,1.0
2020-05-29 19:51:04,-0.0120000000000004,8.266,8.256,-0.0199999999999995,8.266,59.25,0.0424999999999995,1.0,0.0,1.0,1.0,0.0,1.0,1.0,1.0
2020-05-29 19:51:14,-0.0120000000000004,8.254,8.24,-0.0199999999999995,8.254,59.25,0.0424999999999995,1.0,0.0,1.0,1.0,0.0,1.0,1.0,1.0
2020-05-29 19:51:24,-0.0139999999999993,8.24,8.23,-0.0199999999999995,8.242,59.14999999999999,0.0424999999999995,1.0,0.0,1.0,1.0,0.0,1.0,1.0,1.0
2020-05-29 19:51:34,-0.0120000000000004,8.228,8.216,-0.0199999999999995,8.23,59.2,0.0424999999999995,1.0,0.0,1.0,1.0,0.0,1.0,1.0,1.0
2020-05-29 19:51:44,-0.0120000000000004,8.216,8.204,-0.0180000000000006,8.218,59.07500000000002,0.0424999999999995,1.0,0.0,1.0,1.0,0.0,1.0,1.0,1.0
2020-05-29 19:51:54,-0.0120000000000004,8.202,8.19,-0.0199999999999995,8.206,58.975,0.0424999999999995,1.0,0.0,1.0,1.0,0.0,1.0,1.0,1.0
2020-05-29 19:52:04,-0.0120000000000004,8.19,8.178,-0.0199999999999995,8.192,59.02499999999999,0.0424999999999995,1.0,0.0,1.0,1.0,0.0,1.0,1.0,1.0
2020-05-29 19:52:14,-0.0120000000000004,8.176,8.164,-0.0199999999999995,8.178,58.975,0.04,1.0,0.0,1.0,1.0,0.0,1.0,1.0,1.0
2020-05-29 19:52:23,-0.0120000000000004,8.166,8.154,-0.0199999999999995,8.166,58.94999999999999,0.0424999999999995,1.0,0.0,1.0,1.0,0.0,1.0,1.0,1.0
2020-05-29 19:52:33,-0.0120000000000004,8.15,8.14,-0.0199999999999995,8.152,58.82499999999999,0.0424999999999995,1.0,0.0,1.0,1.0,0.0,1.0,1.0,1.0
2020-05-29 19:52:43,-0.0120000000000004,8.14,8.126,-0.0199999999999995,8.14,58.7,0.0424999999999995,1.0,0.0,1.0,1.0,0.0,1.0,1.0,1.0
2020-05-29 19:52:53,-0.0120000000000004,8.126,8.114,-0.0180000000000006,8.126,58.72500000000001,0.0424999999999995,1.0,0.0,1.0,1.0,0.0,1.0,1.0,1.0
2020-05-29 19:53:03,-0.0120000000000004,8.114,8.1,-0.0180000000000006,8.116,58.650000000000006,0.0424999999999995,1.0,0.0,1.0,1.0,0.0,1.0,1.0,1.0
2020-05-29 19:53:13,-0.0120000000000004,8.1,8.09,-0.0219999999999984,8.104,58.7,0.0424999999999995,1.0,0.0,1.0,1.0,0.0,1.0,1.0,1.0
2020-05-29 19:53:23,-0.0120000000000004,8.086,8.076,-0.0199999999999995,8.09,58.67500000000001,0.04,1.0,0.0,1.0,1.0,0.0,1.0,1.0,1.0
2020-05-29 19:53:33,-0.0120000000000004,8.074,8.064,-0.0199999999999995,8.078,58.60000000000001,0.0424999999999995,1.0,0.0,1.0,1.0,0.0,1.0,1.0,1.0
2020-05-29 19:53:43,-0.0120000000000004,8.064,8.05,-0.0199999999999995,8.066,58.47500000000001,0.0424999999999995,1.0,0.0,1.0,1.0,0.0,1.0,1.0,1.0
2020-05-29 19:53:53,0.1959999999999997,8.05,-0.0219999999999984,-0.0199999999999995,8.052,58.47500000000001,4.73,0.0,1.0,0.0,0.0,0.0,1.0,1.0,1.0
2020-05-29 19:54:03,7.795999999999999,8.038,-0.0240000000000009,-0.0199999999999995,8.038,58.35,5.674999999999999,0.0,1.0,0.0,0.0,0.0,1.0,1.0,1.0
2020-05-29 19:54:12,8.038,8.168,-0.0199999999999995,-0.0180000000000006,8.168,58.400000000000006,5.702499999999999,0.0,1.0,1.0,0.0,0.0,1.0,1.0,1.0
2020-05-29 19:54:22,8.862,8.404,-0.0159999999999982,-0.0199999999999995,8.402,59.07500000000002,5.845000000000001,0.0,1.0,1.0,0.0,0.0,1.0,1.0,1.0
2020-05-29 19:54:32,9.074,8.63,-0.0139999999999993,-0.0219999999999984,8.628,59.67499999999998,5.860000000000001,0.0,1.0,1.0,0.0,0.0,1.0,1.0,1.0
2020-05-29 19:54:42,9.272,8.846,-0.0139999999999993,-0.0199999999999995,8.844,60.45,5.842499999999999,0.0,1.0,1.0,0.0,0.0,1.0,1.0,1.0
2020-05-29 19:54:52,9.478,9.066,-0.009999999999998,-0.0199999999999995,9.064,61.475,5.895,0.0,1.0,1.0,0.0,0.0,1.0,1.0,1.0
2020-05-29 19:55:02,9.648,9.254,-0.009999999999998,-0.0219999999999984,9.252,62.55,6.01,0.0,1.0,1.0,0.0,0.0,1.0,1.0,1.0
2020-05-29 19:55:12,8.434,9.346,-0.009999999999998,-0.0199999999999995,9.344,63.625,5.787500000000001,0.0,1.0,0.0,0.0,0.0,1.0,1.0,1.0
2020-05-29 19:55:22,9.872,9.466,-0.0079999999999991,-0.0199999999999995,9.462,64.85000000000001,6.129999999999999,0.0,1.0,0.0,0.0,0.0,1.0,1.0,1.0
2020-05-29 19:55:32,10.046,9.652,-0.0079999999999991,-0.0199999999999995,9.648,66.10000000000001,6.147499999999999,0.0,1.0,0.0,0.0,0.0,1.0,1.0,1.0
2020-05-29 19:55:42,10.194,9.812,-0.0079999999999991,-0.0199999999999995,9.81,66.95,6.135,0.0,1.0,0.0,0.0,0.0,1.0,1.0,1.0
2020-05-29 19:55:52,10.342,9.97,-0.0079999999999991,-0.0199999999999995,9.966,68.0,6.0600000000000005,0.0,1.0,0.0,0.0,0.0,1.0,1.0,1.0
2020-05-29 19:56:01,10.498,10.136,-0.009999999999998,-0.0199999999999995,10.134,69.04999999999998,6.140000000000001,0.0,1.0,0.0,0.0,0.0,1.0,1.0,1.0
2020-05-29 19:56:11,-0.0240000000000009,10.098,10.1,-0.0199999999999995,10.096,69.85,3.73,1.0,0.0,1.0,1.0,0.0,1.0,1.0,1.0
2020-05-29 19:56:21,-0.0240000000000009,10.05,10.05,-0.0199999999999995,10.048,70.275,3.7375000000000007,1.0,0.0,1.0,1.0,0.0,1.0,1.0,1.0
2020-05-29 19:56:31,-0.0199999999999995,10.008,10.004,-0.0199999999999995,10.006,70.625,3.75,1.0,0.0,1.0,1.0,0.0,1.0,1.0,1.0
2020-05-29 19:56:41,-0.0199999999999995,9.976,9.968,-0.0199999999999995,9.972,70.7,3.782499999999999,1.0,0.0,1.0,1.0,0.0,1.0,1.0,1.0
2020-05-29 19:56:51,-0.0180000000000006,9.944,9.936,-0.0199999999999995,9.942,70.75,3.8225,1.0,0.0,1.0,1.0,0.0,1.0,1.0,1.0
2020-05-29 19:57:01,-0.0159999999999982,9.916,9.906,-0.0199999999999995,9.914,70.725,3.795,1.0,0.0,1.0,1.0,0.0,1.0,1.0,1.0
2020-05-29 19:57:11,-0.0139999999999993,9.888,9.878,-0.0199999999999995,9.888,70.57500000000002,3.789999999999999,1.0,0.0,1.0,1.0,0.0,1.0,1.0,1.0
2020-05-29 19:57:21,-0.0139999999999993,9.864,9.854,-0.0199999999999995,9.862,70.32499999999999,3.715,1.0,0.0,1.0,1.0,0.0,1.0,1.0,1.0
2020-05-29 19:57:31,-0.0139999999999993,9.842,9.832,-0.0199999999999995,9.84,69.9,3.7200000000000006,1.0,0.0,1.0,1.0,0.0,1.0,1.0,1.0
2020-05-29 19:57:41,-0.0139999999999993,9.82,9.808,-0.0199999999999995,9.818,69.44999999999999,3.7624999999999993,1.0,0.0,1.0,1.0,0.0,1.0,1.0,1.0
2020-05-29 19:57:50,-0.0120000000000004,9.8,9.788,-0.0180000000000006,9.798,69.10000000000001,3.805,1.0,0.0,1.0,1.0,0.0,1.0,1.0,1.0
2020-05-29 19:58:00,-0.0120000000000004,9.778,9.768,-0.0199999999999995,9.776,68.75,3.815,1.0,0.0,1.0,1.0,0.0,1.0,1.0,1.0
2020-05-29 19:58:10,-0.0120000000000004,9.76,9.748,-0.0180000000000006,9.758,68.65,3.795,1.0,0.0,1.0,1.0,0.0,1.0,1.0,1.0
2020-05-29 19:58:20,-0.0120000000000004,9.738,9.726,-0.0199999999999995,9.738,68.52499999999999,3.7775,1.0,0.0,1.0,1.0,0.0,1.0,1.0,1.0
2020-05-29 19:58:30,-0.0120000000000004,9.72,9.708,-0.0199999999999995,9.72,68.30000000000001,3.7325,1.0,0.0,1.0,1.0,0.0,1.0,1.0,1.0
2020-05-29 19:58:40,-0.0120000000000004,9.7,9.688,-0.0199999999999995,9.702,68.0,3.73,1.0,0.0,1.0,1.0,0.0,1.0,1.0,1.0
2020-05-29 19:58:50,-0.009999999999998,9.684,9.67,-0.0199999999999995,9.682,67.65,3.717500000000001,1.0,0.0,1.0,1.0,0.0,1.0,1.0,1.0
2020-05-29 19:59:00,-0.009999999999998,9.666,9.652,-0.0199999999999995,9.668,67.45000000000002,3.6975,1.0,0.0,1.0,1.0,0.0,1.0,1.0,1.0
2020-05-29 19:59:10,-0.0120000000000004,9.648,9.634,-0.0199999999999995,9.648,67.225,3.747500000000001,1.0,0.0,1.0,1.0,0.0,1.0,1.0,1.0
2020-05-29 19:59:20,-0.009999999999998,9.63,9.616,-0.0199999999999995,9.628,66.875,3.7675,1.0,0.0,1.0,1.0,0.0,1.0,1.0,1.0
2020-05-29 19:59:30,-0.0120000000000004,9.614,9.6,-0.0199999999999995,9.612,66.675,3.805,1.0,0.0,1.0,1.0,0.0,1.0,1.0,1.0
2020-05-29 19:59:39,-0.009999999999998,9.598,9.584,-0.0199999999999995,9.596,66.675,3.810000000000001,1.0,0.0,1.0,1.0,0.0,1.0,1.0,1.0
2020-05-29 19:59:49,-0.009999999999998,9.58,9.566,-0.0199999999999995,9.578,66.5,3.7875,1.0,0.0,1.0,1.0,0.0,1.0,1.0,1.0
2020-05-29 19:59:59,-0.0120000000000004,9.562,9.55,-0.0199999999999995,9.562,66.52499999999999,3.735000000000001,1.0,0.0,1.0,1.0,0.0,1.0,1.0,1.0
2020-05-29 20:00:09,-0.0120000000000004,9.546,9.534,-0.0199999999999995,9.546,66.55,3.6999999999999993,1.0,0.0,1.0,1.0,0.0,1.0,1.0,1.0
2020-05-29 20:00:19,-0.0120000000000004,9.528,9.516,-0.0199999999999995,9.528,66.45,3.705,1.0,0.0,1.0,1.0,0.0,1.0,1.0,1.0
2020-05-29 20:00:29,-0.0120000000000004,9.514,9.5,-0.0199999999999995,9.512,66.55,3.710000000000001,1.0,0.0,1.0,1.0,0.0,1.0,1.0,1.0
2020-05-29 20:00:39,-0.009999999999998,9.498,9.486,-0.0199999999999995,9.498,66.475,3.7075,1.0,0.0,1.0,1.0,0.0,1.0,1.0,1.0
2020-05-29 20:00:49,-0.0120000000000004,9.478,9.468,-0.0199999999999995,9.478,66.475,3.7225,1.0,0.0,1.0,1.0,0.0,1.0,1.0,1.0
2020-05-29 20:00:59,-0.009999999999998,9.462,9.454,-0.0199999999999995,9.464,66.475,3.7125,1.0,0.0,1.0,1.0,0.0,1.0,1.0,1.0
2020-05-29 20:01:09,-0.009999999999998,9.448,9.438,-0.0199999999999995,9.448,66.55,3.78,1.0,0.0,1.0,1.0,0.0,1.0,1.0,1.0
2020-05-29 20:01:19,-0.0120000000000004,9.43,9.418,-0.0199999999999995,9.43,66.39999999999999,3.7925,1.0,0.0,1.0,1.0,0.0,1.0,1.0,1.0
2020-05-29 20:01:28,-0.009999999999998,9.418,9.402,-0.0199999999999995,9.416,66.52499999999999,3.7925,1.0,0.0,1.0,1.0,0.0,1.0,1.0,1.0
2020-05-29 20:01:38,-0.0120000000000004,9.4,9.388,-0.0199999999999995,9.4,66.45,3.795,1.0,0.0,1.0,1.0,0.0,1.0,1.0,1.0
2020-05-29 20:01:48,-0.009999999999998,9.386,9.372,-0.0199999999999995,9.384,66.52499999999999,3.77,1.0,0.0,1.0,1.0,0.0,1.0,1.0,1.0
2020-05-29 20:01:58,-0.009999999999998,9.37,9.358,-0.0180000000000006,9.37,66.5,3.78,1.0,0.0,1.0,1.0,0.0,1.0,1.0,1.0
2020-05-29 20:02:08,-0.009999999999998,9.356,9.342,-0.0199999999999995,9.356,66.45,3.715,1.0,0.0,1.0,1.0,0.0,1.0,1.0,1.0
2020-05-29 20:02:18,-0.009999999999998,9.34,9.328,-0.0199999999999995,9.34,66.5,3.705,1.0,0.0,1.0,1.0,0.0,1.0,1.0,1.0
2020-05-29 20:02:28,-0.009999999999998,9.324,9.31,-0.0199999999999995,9.324,66.45,3.702500000000001,1.0,0.0,1.0,1.0,0.0,1.0,1.0,1.0
2020-05-29 20:02:38,-0.0120000000000004,9.308,9.296,-0.0199999999999995,9.308,66.475,3.692499999999999,1.0,0.0,1.0,1.0,0.0,1.0,1.0,1.0
2020-05-29 20:02:48,-0.009999999999998,9.294,9.282,-0.0199999999999995,9.294,66.52499999999999,3.695,1.0,0.0,1.0,1.0,0.0,1.0,1.0,1.0
2020-05-29 20:02:58,-0.009999999999998,9.28,9.268,-0.0199999999999995,9.28,66.45,0.0475000000000003,1.0,0.0,1.0,1.0,0.0,1.0,1.0,1.0
2020-05-29 20:03:08,-0.009999999999998,9.264,9.252,-0.0199999999999995,9.264,66.575,0.0449999999999999,1.0,0.0,1.0,1.0,0.0,1.0,1.0,1.0
2020-05-29 20:03:17,-0.009999999999998,9.246,9.236,-0.0199999999999995,9.248,66.475,0.0449999999999999,1.0,0.0,1.0,1.0,0.0,1.0,1.0,1.0
2020-05-29 20:03:27,-0.009999999999998,9.232,9.22,-0.0199999999999995,9.232,66.17500000000001,0.0424999999999995,1.0,0.0,1.0,1.0,0.0,1.0,1.0,1.0
2020-05-29 20:03:37,-0.0120000000000004,9.214,9.204,-0.0199999999999995,9.216,65.85000000000001,0.0449999999999999,1.0,0.0,1.0,1.0,0.0,1.0,1.0,1.0
2020-05-29 20:03:47,-0.0120000000000004,9.2,9.188,-0.0199999999999995,9.2,65.39999999999999,0.0424999999999995,1.0,0.0,1.0,1.0,0.0,1.0,1.0,1.0
2020-05-29 20:03:57,-0.0120000000000004,9.184,9.172,-0.0219999999999984,9.184,64.95,0.0449999999999999,1.0,0.0,1.0,1.0,0.0,1.0,1.0,1.0
2020-05-29 20:04:07,-0.0120000000000004,9.168,9.158,-0.0199999999999995,9.17,64.775,0.0424999999999995,1.0,0.0,1.0,1.0,0.0,1.0,1.0,1.0
2020-05-29 20:04:17,-0.009999999999998,9.154,9.142,-0.0180000000000006,9.156,64.375,0.0449999999999999,1.0,0.0,1.0,1.0,0.0,1.0,1.0,1.0
2020-05-29 20:04:27,-0.009999999999998,9.14,9.126,-0.0199999999999995,9.138,64.14999999999999,0.0424999999999995,1.0,0.0,1.0,1.0,0.0,1.0,1.0,1.0
2020-05-29 20:04:37,-0.0120000000000004,9.126,9.11,-0.0199999999999995,9.126,63.900000000000006,0.0424999999999995,1.0,0.0,1.0,1.0,0.0,1.0,1.0,1.0
2020-05-29 20:04:47,-0.009999999999998,9.108,9.096,-0.0180000000000006,9.11,63.675,0.0424999999999995,1.0,0.0,1.0,1.0,0.0,1.0,1.0,1.0
2020-05-29 20:04:57,-0.009999999999998,9.094,9.08,-0.0199999999999995,9.096,63.375,0.0424999999999995,1.0,0.0,1.0,1.0,0.0,1.0,1.0,1.0
2020-05-29 20:05:07,-0.009999999999998,9.08,9.064,-0.0199999999999995,9.078,63.225,0.0424999999999995,1.0,0.0,1.0,1.0,0.0,1.0,1.0,1.0
2020-05-29 20:05:16,-0.0120000000000004,9.062,9.05,-0.0199999999999995,9.064,63.05000000000001,0.0424999999999995,1.0,0.0,1.0,1.0,0.0,1.0,1.0,1.0
2020-05-29 20:05:26,-0.009999999999998,9.048,9.034,-0.0199999999999995,9.048,62.900000000000006,0.0424999999999995,1.0,0.0,1.0,1.0,0.0,1.0,1.0,1.0
2020-05-29 20:05:36,-0.009999999999998,9.034,9.02,-0.0180000000000006,9.036,62.775000000000006,0.0424999999999995,1.0,0.0,1.0,1.0,0.0,1.0,1.0,1.0
2020-05-29 20:05:46,-0.009999999999998,9.018,9.004,-0.0199999999999995,9.018,62.650000000000006,0.0424999999999995,1.0,0.0,1.0,1.0,0.0,1.0,1.0,1.0
2020-05-29 20:05:56,-0.0120000000000004,9.004,8.99,-0.0199999999999995,9.004,62.55,0.0424999999999995,1.0,0.0,1.0,1.0,0.0,1.0,1.0,1.0
2020-05-29 20:06:06,-0.0120000000000004,8.988,8.976,-0.0199999999999995,8.988,62.475,0.0424999999999995,1.0,0.0,1.0,1.0,0.0,1.0,1.0,1.0
2020-05-29 20:06:16,-0.0120000000000004,8.974,8.96,-0.0180000000000006,8.974,62.25,0.0424999999999995,1.0,0.0,1.0,1.0,0.0,1.0,1.0,1.0
2020-05-29 20:06:26,-0.0120000000000004,8.958,8.946,-0.0199999999999995,8.962,62.175,0.0424999999999995,1.0,0.0,1.0,1.0,0.0,1.0,1.0,1.0
2020-05-29 20:06:36,-0.009999999999998,8.942,8.932,-0.0199999999999995,8.944,62.05000000000001,0.0424999999999995,1.0,0.0,1.0,1.0,0.0,1.0,1.0,1.0
2020-05-29 20:06:46,-0.009999999999998,8.928,8.916,-0.0199999999999995,8.93,61.97500000000001,0.0424999999999995,1.0,0.0,1.0,1.0,0.0,1.0,1.0,1.0
2020-05-29 20:06:56,-0.0120000000000004,8.914,8.9,-0.0199999999999995,8.916,61.87499999999999,0.0424999999999995,1.0,0.0,1.0,1.0,0.0,1.0,1.0,1.0
2020-05-29 20:07:05,-0.0120000000000004,8.9,8.888,-0.0199999999999995,8.902,61.87499999999999,0.0424999999999995,1.0,0.0,1.0,1.0,0.0,1.0,1.0,1.0
2020-05-29 20:07:15,-0.0120000000000004,8.886,8.874,-0.0199999999999995,8.886,61.775000000000006,0.0424999999999995,1.0,0.0,1.0,1.0,0.0,1.0,1.0,1.0
2020-05-29 20:07:25,-0.0120000000000004,8.868,8.858,-0.0199999999999995,8.87,61.625,0.0424999999999995,1.0,0.0,1.0,1.0,0.0,1.0,1.0,1.0
2020-05-29 20:07:35,-0.0120000000000004,8.856,8.844,-0.0199999999999995,8.856,61.575,0.0424999999999995,1.0,0.0,1.0,1.0,0.0,1.0,1.0,1.0
2020-05-29 20:07:45,-0.009999999999998,8.842,8.832,-0.0199999999999995,8.844,61.575,0.0424999999999995,1.0,0.0,1.0,1.0,0.0,1.0,1.0,1.0
2020-05-29 20:07:55,-0.0120000000000004,8.826,8.814,-0.0199999999999995,8.828,61.475,0.0424999999999995,1.0,0.0,1.0,1.0,0.0,1.0,1.0,1.0
2020-05-29 20:08:05,-0.0120000000000004,8.812,8.802,-0.0199999999999995,8.816,61.35,0.0424999999999995,1.0,0.0,1.0,1.0,0.0,1.0,1.0,1.0
2020-05-29 20:08:15,-0.0120000000000004,8.798,8.786,-0.0199999999999995,8.8,61.27499999999999,0.0424999999999995,1.0,0.0,1.0,1.0,0.0,1.0,1.0,1.0
2020-05-29 20:08:25,-0.0120000000000004,8.784,8.774,-0.0199999999999995,8.784,61.175,0.0424999999999995,1.0,0.0,1.0,1.0,0.0,1.0,1.0,1.0
2020-05-29 20:08:35,-0.0120000000000004,8.768,8.758,-0.0199999999999995,8.77,61.05000000000001,0.0424999999999995,1.0,0.0,1.0,1.0,0.0,1.0,1.0,1.0
2020-05-29 20:08:45,-0.0120000000000004,8.754,8.742,-0.0199999999999995,8.756,61.000000000000014,0.0424999999999995,1.0,0.0,1.0,1.0,0.0,1.0,1.0,1.0
2020-05-29 20:08:54,-0.0120000000000004,8.742,8.728,-0.0180000000000006,8.744,60.975,0.0424999999999995,1.0,0.0,1.0,1.0,0.0,1.0,1.0,1.0
2020-05-29 20:09:04,-0.0120000000000004,8.726,8.716,-0.0199999999999995,8.728,60.975,0.0424999999999995,1.0,0.0,1.0,1.0,0.0,1.0,1.0,1.0
2020-05-29 20:09:14,-0.0139999999999993,8.712,8.7,-0.0199999999999995,8.714,60.775000000000006,0.0424999999999995,1.0,0.0,1.0,1.0,0.0,1.0,1.0,1.0
2020-05-29 20:09:24,-0.0120000000000004,8.7,8.688,-0.0199999999999995,8.702,60.775000000000006,0.0424999999999995,1.0,0.0,1.0,1.0,0.0,1.0,1.0,1.0
2020-05-29 20:09:34,-0.0120000000000004,8.684,8.672,-0.0199999999999995,8.686,60.75,0.0424999999999995,1.0,0.0,1.0,1.0,0.0,1.0,1.0,1.0
2020-05-29 20:09:44,-0.0139999999999993,8.67,8.658,-0.0219999999999984,8.672,60.650000000000006,0.0424999999999995,1.0,0.0,1.0,1.0,0.0,1.0,1.0,1.0
2020-05-29 20:09:54,-0.0120000000000004,8.658,8.646,-0.0199999999999995,8.658,60.575,0.0424999999999995,1.0,0.0,1.0,1.0,0.0,1.0,1.0,1.0
2020-05-29 20:10:04,-0.0120000000000004,8.644,8.634,-0.0199999999999995,8.646,60.475,0.0424999999999995,1.0,0.0,1.0,1.0,0.0,1.0,1.0,1.0
2020-05-29 20:10:14,-0.0120000000000004,8.63,8.618,-0.0199999999999995,8.63,60.45,0.0424999999999995,1.0,0.0,1.0,1.0,0.0,1.0,1.0,1.0
2020-05-29 20:10:24,-0.0120000000000004,8.616,8.606,-0.0199999999999995,8.618,60.400000000000006,0.0424999999999995,1.0,0.0,1.0,1.0,0.0,1.0,1.0,1.0
2020-05-29 20:10:34,-0.0120000000000004,8.602,8.592,-0.0199999999999995,8.604,60.375,0.0424999999999995,1.0,0.0,1.0,1.0,0.0,1.0,1.0,1.0
2020-05-29 20:10:43,-0.0120000000000004,8.588,8.578,-0.0199999999999995,8.592,60.25,0.0424999999999995,1.0,0.0,1.0,1.0,0.0,1.0,1.0,1.0
2020-05-29 20:10:53,-0.0120000000000004,8.574,8.564,-0.0199999999999995,8.576,60.14999999999999,0.0424999999999995,1.0,0.0,1.0,1.0,0.0,1.0,1.0,1.0
2020-05-29 20:11:03,-0.0120000000000004,8.562,8.552,-0.0199999999999995,8.564,60.14999999999999,0.0424999999999995,1.0,0.0,1.0,1.0,0.0,1.0,1.0,1.0
2020-05-29 20:11:13,-0.0120000000000004,8.548,8.536,-0.0199999999999995,8.55,60.2,0.0424999999999995,1.0,0.0,1.0,1.0,0.0,1.0,1.0,1.0
2020-05-29 20:11:23,-0.0120000000000004,8.534,8.522,-0.0199999999999995,8.536,60.175,0.0424999999999995,1.0,0.0,1.0,1.0,0.0,1.0,1.0,1.0
2020-05-29 20:11:33,-0.0120000000000004,8.522,8.51,-0.0199999999999995,8.522,59.975,0.0424999999999995,1.0,0.0,1.0,1.0,0.0,1.0,1.0,1.0
2020-05-29 20:11:43,-0.0120000000000004,8.508,8.496,-0.0219999999999984,8.508,59.87499999999999,0.0424999999999995,1.0,0.0,1.0,1.0,0.0,1.0,1.0,1.0
2020-05-29 20:11:53,-0.0120000000000004,8.494,8.482,-0.0199999999999995,8.494,59.87499999999999,0.0424999999999995,1.0,0.0,1.0,1.0,0.0,1.0,1.0,1.0
2020-05-29 20:12:03,-0.0120000000000004,8.482,8.468,-0.0199999999999995,8.482,59.775000000000006,0.0424999999999995,1.0,0.0,1.0,1.0,0.0,1.0,1.0,1.0
2020-05-29 20:12:13,-0.0120000000000004,8.468,8.456,-0.0199999999999995,8.47,59.625,0.0424999999999995,1.0,0.0,1.0,1.0,0.0,1.0,1.0,1.0
2020-05-29 20:12:23,-0.0120000000000004,8.456,8.442,-0.0199999999999995,8.458,59.650000000000006,0.0424999999999995,1.0,0.0,1.0,1.0,0.0,1.0,1.0,1.0
2020-05-29 20:12:32,-0.0120000000000004,8.442,8.428,-0.0199999999999995,8.442,59.650000000000006,0.0424999999999995,1.0,0.0,1.0,1.0,0.0,1.0,1.0,1.0
2020-05-29 20:12:42,-0.009999999999998,8.428,8.416,-0.0199999999999995,8.43,59.60000000000001,0.0424999999999995,1.0,0.0,1.0,1.0,0.0,1.0,1.0,1.0
2020-05-29 20:12:52,-0.0120000000000004,8.416,8.404,-0.0219999999999984,8.416,59.55,0.0424999999999995,1.0,0.0,1.0,1.0,0.0,1.0,1.0,1.0
2020-05-29 20:13:02,-0.0120000000000004,8.402,8.39,-0.0199999999999995,8.404,59.575,0.0424999999999995,1.0,0.0,1.0,1.0,0.0,1.0,1.0,1.0
2020-05-29 20:13:12,-0.0120000000000004,8.39,8.378,-0.0199999999999995,8.39,59.45,0.0424999999999995,1.0,0.0,1.0,1.0,0.0,1.0,1.0,1.0
2020-05-29 20:13:22,-0.0120000000000004,8.376,8.364,-0.0199999999999995,8.376,59.35,0.0424999999999995,1.0,0.0,1.0,1.0,0.0,1.0,1.0,1.0
2020-05-29 20:13:32,-0.0120000000000004,8.362,8.35,-0.0199999999999995,8.364,59.375,0.0424999999999995,1.0,0.0,1.0,1.0,0.0,1.0,1.0,1.0
2020-05-29 20:13:42,-0.0120000000000004,8.348,8.338,-0.0199999999999995,8.35,59.25,0.0424999999999995,1.0,0.0,1.0,1.0,0.0,1.0,1.0,1.0
2020-05-29 20:13:52,-0.009999999999998,8.336,8.326,-0.0199999999999995,8.338,59.07500000000002,0.0424999999999995,1.0,0.0,1.0,1.0,0.0,1.0,1.0,1.0
2020-05-29 20:14:02,-0.009999999999998,8.324,8.314,-0.0219999999999984,8.324,59.05,0.0424999999999995,1.0,0.0,1.0,1.0,0.0,1.0,1.0,1.0
2020-05-29 20:14:12,-0.0120000000000004,8.31,8.298,-0.0199999999999995,8.312,59.000000000000014,0.0424999999999995,1.0,0.0,1.0,1.0,0.0,1.0,1.0,1.0
2020-05-29 20:14:21,-0.0120000000000004,8.298,8.286,-0.0219999999999984,8.298,59.02499999999999,0.0424999999999995,1.0,0.0,1.0,1.0,0.0,1.0,1.0,1.0
2020-05-29 20:14:31,-0.0120000000000004,8.286,8.274,-0.0199999999999995,8.286,58.975,0.0424999999999995,1.0,0.0,1.0,1.0,0.0,1.0,1.0,1.0
2020-05-29 20:14:41,-0.0139999999999993,8.268,8.26,-0.0199999999999995,8.272,58.94999999999999,0.0424999999999995,1.0,0.0,1.0,1.0,0.0,1.0,1.0,1.0
2020-05-29 20:14:51,-0.0120000000000004,8.258,8.248,-0.0199999999999995,8.26,58.80000000000001,0.0424999999999995,1.0,0.0,1.0,1.0,0.0,1.0,1.0,1.0
2020-05-29 20:15:01,-0.0120000000000004,8.246,8.236,-0.0199999999999995,8.246,58.875000000000014,0.0424999999999995,1.0,0.0,1.0,1.0,0.0,1.0,1.0,1.0
2020-05-29 20:15:11,-0.0120000000000004,8.232,8.224,-0.0199999999999995,8.234,58.72500000000001,0.0424999999999995,1.0,0.0,1.0,1.0,0.0,1.0,1.0,1.0
2020-05-29 20:15:21,-0.0139999999999993,8.22,8.21,-0.0199999999999995,8.222,58.7,0.0424999999999995,1.0,0.0,1.0,1.0,0.0,1.0,1.0,1.0
2020-05-29 20:15:31,-0.0120000000000004,8.208,8.196,-0.0199999999999995,8.21,58.775000000000006,0.04,1.0,0.0,1.0,1.0,0.0,1.0,1.0,1.0
2020-05-29 20:15:41,-0.0120000000000004,8.194,8.184,-0.0199999999999995,8.196,58.67500000000001,0.0424999999999995,1.0,0.0,1.0,1.0,0.0,1.0,1.0,1.0
2020-05-29 20:15:51,-0.0120000000000004,8.184,8.172,-0.0199999999999995,8.184,58.55,0.0424999999999995,1.0,0.0,1.0,1.0,0.0,1.0,1.0,1.0
2020-05-29 20:16:01,-0.0120000000000004,8.168,8.158,-0.0199999999999995,8.17,58.55,0.0424999999999995,1.0,0.0,1.0,1.0,0.0,1.0,1.0,1.0
2020-05-29 20:16:10,-0.0120000000000004,8.158,8.146,-0.0199999999999995,8.158,58.5,0.0424999999999995,1.0,0.0,1.0,1.0,0.0,1.0,1.0,1.0
2020-05-29 20:16:20,-0.0120000000000004,8.144,8.134,-0.0180000000000006,8.146,58.525000000000006,0.0424999999999995,1.0,0.0,1.0,1.0,0.0,1.0,1.0,1.0
2020-05-29 20:16:30,-0.0120000000000004,8.13,8.12,-0.0199999999999995,8.134,58.425,0.0424999999999995,1.0,0.0,1.0,1.0,0.0,1.0,1.0,1.0
2020-05-29 20:16:40,-0.0139999999999993,8.118,8.11,-0.0199999999999995,8.12,58.47500000000001,0.0424999999999995,1.0,0.0,1.0,1.0,0.0,1.0,1.0,1.0
2020-05-29 20:16:50,-0.0120000000000004,8.106,8.096,-0.0199999999999995,8.108,58.35,0.0424999999999995,1.0,0.0,1.0,1.0,0.0,1.0,1.0,1.0
2020-05-29 20:17:00,-0.0120000000000004,8.094,8.082,-0.0199999999999995,8.096,58.400000000000006,0.0424999999999995,1.0,0.0,1.0,1.0,0.0,1.0,1.0,1.0
2020-05-29 20:17:10,-0.0120000000000004,8.082,8.07,-0.0199999999999995,8.084,58.175,0.04,1.0,0.0,1.0,1.0,0.0,1.0,1.0,1.0
2020-05-29 20:17:20,-0.0120000000000004,8.07,8.058,-0.0199999999999995,8.072,58.14999999999999,0.0424999999999995,1.0,0.0,1.0,1.0,0.0,1.0,1.0,1.0
2020-05-29 20:17:30,-0.0139999999999993,8.056,8.046,-0.0199999999999995,8.058,58.14999999999999,0.0424999999999995,1.0,0.0,1.0,1.0,0.0,1.0,1.0,1.0
2020-05-29 20:17:40,3.219999999999999,8.04,-0.0279999999999986,-0.0199999999999995,8.044,58.175,4.717499999999999,0.0,1.0,0.0,0.0,0.0,1.0,1.0,1.0
2020-05-29 20:17:50,8.314,8.034,-0.0240000000000009,-0.0199999999999995,8.036,58.07500000000002,5.647500000000001,0.0,1.0,1.0,0.0,0.0,1.0,1.0,1.0
2020-05-29 20:17:59,8.76,8.3,-0.0219999999999984,-0.0199999999999995,8.298,58.175,5.772500000000001,0.0,1.0,1.0,0.0,0.0,1.0,1.0,1.0
2020-05-29 20:18:09,8.984,8.538,-0.0180000000000006,-0.0199999999999995,8.536,58.60000000000001,5.875,0.0,1.0,1.0,0.0,0.0,1.0,1.0,1.0
2020-05-29 20:18:19,9.186,8.758,-0.0139999999999993,-0.0180000000000006,8.756,59.225,5.965,0.0,1.0,1.0,0.0,0.0,1.0,1.0,1.0
2020-05-29 20:18:29,9.394,8.984,-0.0139999999999993,-0.0199999999999995,8.98,60.175,6.065000000000001,0.0,1.0,1.0,0.0,0.0,1.0,1.0,1.0
2020-05-29 20:18:39,9.576,9.18,-0.0120000000000004,-0.0180000000000006,9.178,61.20000000000002,6.094999999999999,0.0,1.0,1.0,0.0,0.0,1.0,1.0,1.0
2020-05-29 20:18:49,9.632,9.22,-0.009999999999998,-0.0199999999999995,9.216,62.35,6.065000000000001,0.0,1.0,0.0,0.0,0.0,1.0,1.0,1.0
2020-05-29 20:18:59,9.81,9.4,-0.009999999999998,-0.0199999999999995,9.398,63.55,6.109999999999999,0.0,1.0,0.0,0.0,0.0,1.0,1.0,1.0
2020-05-29 20:19:09,9.982,9.59,-0.0120000000000004,-0.0199999999999995,9.588,64.55,6.067499999999999,0.0,1.0,0.0,0.0,0.0,1.0,1.0,1.0
2020-05-29 20:19:19,10.134,9.756,-0.0079999999999991,-0.0199999999999995,9.752,65.675,6.0525,0.0,1.0,0.0,0.0,0.0,1.0,1.0,1.0
2020-05-29 20:19:29,10.28,9.914,-0.009999999999998,-0.0199999999999995,9.91,66.75,6.0975,0.0,1.0,0.0,0.0,0.0,1.0,1.0,1.0
2020-05-29 20:19:39,9.178,9.996,-0.009999999999998,0.4559999999999995,9.996,67.95,5.9925,0.0,1.0,1.0,0.0,0.0,0.0,1.0,1.0
2020-05-29 20:19:49,10.204,9.958,-0.009999999999998,0.5180000000000007,9.956,69.0,6.057500000000001,0.0,1.0,1.0,0.0,0.0,1.0,1.0,1.0
2020-05-29 20:19:58,10.29,10.036,-0.009999999999998,0.5259999999999998,10.034,69.825,6.07,0.0,1.0,1.0,0.0,0.0,1.0,1.0,1.0
2020-05-29 20:20:08,10.366,10.118,-0.009999999999998,0.5300000000000011,10.116,70.19999999999999,6.1275,0.0,1.0,1.0,0.0,0.0,1.0,1.0,1.0
2020-05-29 20:20:18,-0.0259999999999998,10.122,10.126,-0.0199999999999995,10.12,70.64999999999999,3.872500000000001,1.0,0.0,1.0,1.0,0.0,1.0,1.0,1.0
2020-05-29 20:20:28,-0.0240000000000009,10.084,10.086,-0.0199999999999995,10.082,70.925,3.84,1.0,0.0,1.0,1.0,0.0,1.0,1.0,1.0
2020-05-29 20:20:38,-0.0219999999999984,10.046,10.046,-0.0199999999999995,10.044,70.85,3.8575,1.0,0.0,1.0,1.0,0.0,1.0,1.0,1.0
2020-05-29 20:20:48,-0.0180000000000006,10.018,10.014,-0.0199999999999995,10.016,70.75,3.85,1.0,0.0,1.0,1.0,0.0,1.0,1.0,1.0
2020-05-29 20:20:58,-0.0180000000000006,9.992,9.986,-0.0199999999999995,9.988,70.64999999999999,3.83,1.0,0.0,1.0,1.0,0.0,1.0,1.0,1.0
2020-05-29 20:21:08,-0.0180000000000006,9.964,9.958,-0.0219999999999984,9.962,70.55,3.7925,1.0,0.0,1.0,1.0,0.0,1.0,1.0,1.0
2020-05-29 20:21:18,-0.0159999999999982,9.942,9.932,-0.0199999999999995,9.938,70.44999999999999,3.754999999999999,1.0,0.0,1.0,1.0,0.0,1.0,1.0,1.0
2020-05-29 20:21:28,-0.0139999999999993,9.92,9.91,-0.0199999999999995,9.918,70.22500000000001,3.747500000000001,1.0,0.0,1.0,1.0,0.0,1.0,1.0,1.0
2020-05-29 20:21:38,-0.0139999999999993,9.896,9.886,-0.0219999999999984,9.894,69.85,3.6975,1.0,0.0,1.0,1.0,0.0,1.0,1.0,1.0
2020-05-29 20:21:48,-0.0120000000000004,9.876,9.866,-0.0199999999999995,9.876,69.52499999999999,3.6999999999999993,1.0,0.0,1.0,1.0,0.0,1.0,1.0,1.0
2020-05-29 20:21:57,-0.0139999999999993,9.856,9.842,-0.0219999999999984,9.854,68.85,3.727500000000001,1.0,0.0,1.0,1.0,0.0,1.0,1.0,1.0
2020-05-29 20:22:07,-0.0120000000000004,9.838,9.824,-0.0219999999999984,9.836,68.55,3.7575,1.0,0.0,1.0,1.0,0.0,1.0,1.0,1.0
2020-05-29 20:22:17,-0.0120000000000004,9.818,9.806,-0.0199999999999995,9.816,68.37500000000001,3.805,1.0,0.0,1.0,1.0,0.0,1.0,1.0,1.0
2020-05-29 20:22:27,-0.009999999999998,9.8,9.788,-0.0219999999999984,9.798,68.32499999999999,3.8025,1.0,0.0,1.0,1.0,0.0,1.0,1.0,1.0
2020-05-29 20:22:37,-0.0120000000000004,9.78,9.768,-0.0219999999999984,9.778,68.19999999999999,3.785,1.0,0.0,1.0,1.0,0.0,1.0,1.0,1.0
2020-05-29 20:22:47,-0.009999999999998,9.762,9.75,-0.0199999999999995,9.76,67.95,3.717500000000001,1.0,0.0,1.0,1.0,0.0,1.0,1.0,1.0
2020-05-29 20:22:57,-0.009999999999998,9.744,9.73,-0.0219999999999984,9.742,67.65,3.7375000000000007,1.0,0.0,1.0,1.0,0.0,1.0,1.0,1.0
2020-05-29 20:23:07,-0.0120000000000004,9.726,9.716,-0.0219999999999984,9.726,67.425,3.7075,1.0,0.0,1.0,1.0,0.0,1.0,1.0,1.0
2020-05-29 20:23:17,-0.0120000000000004,9.708,9.696,-0.0199999999999995,9.708,67.12499999999999,3.772499999999999,1.0,0.0,1.0,1.0,0.0,1.0,1.0,1.0
2020-05-29 20:23:27,-0.0120000000000004,9.69,9.678,-0.0199999999999995,9.69,66.92499999999998,3.7875,1.0,0.0,1.0,1.0,0.0,1.0,1.0,1.0
2020-05-29 20:23:37,-0.009999999999998,9.674,9.662,-0.0219999999999984,9.674,66.85000000000001,3.805,1.0,0.0,1.0,1.0,0.0,1.0,1.0,1.0
2020-05-29 20:23:47,-0.009999999999998,9.658,9.646,-0.0199999999999995,9.658,66.7,3.810000000000001,1.0,0.0,1.0,1.0,0.0,1.0,1.0,1.0
2020-05-29 20:23:56,-0.0120000000000004,9.638,9.628,-0.0219999999999984,9.638,66.6,3.7624999999999993,1.0,0.0,1.0,1.0,0.0,1.0,1.0,1.0
2020-05-29 20:24:06,-0.0120000000000004,9.622,9.612,-0.0219999999999984,9.622,66.52499999999999,3.7225,1.0,0.0,1.0,1.0,0.0,1.0,1.0,1.0
2020-05-29 20:24:16,-0.009999999999998,9.608,9.596,-0.0199999999999995,9.606,66.52499999999999,3.715,1.0,0.0,1.0,1.0,0.0,1.0,1.0,1.0
2020-05-29 20:24:26,-0.009999999999998,9.59,9.578,-0.0199999999999995,9.592,66.425,3.717500000000001,1.0,0.0,1.0,1.0,0.0,1.0,1.0,1.0
2020-05-29 20:24:36,-0.009999999999998,9.576,9.562,-0.0199999999999995,9.574,66.625,3.7624999999999993,1.0,0.0,1.0,1.0,0.0,1.0,1.0,1.0
2020-05-29 20:24:46,-0.009999999999998,9.558,9.546,-0.0199999999999995,9.558,66.52499999999999,3.8025,1.0,0.0,1.0,1.0,0.0,1.0,1.0,1.0
2020-05-29 20:24:56,-0.009999999999998,9.542,9.53,-0.0199999999999995,9.54,66.55,3.817500000000001,1.0,0.0,1.0,1.0,0.0,1.0,1.0,1.0
2020-05-29 20:25:06,-0.009999999999998,9.526,9.514,-0.0199999999999995,9.524,66.45,3.7925,1.0,0.0,1.0,1.0,0.0,1.0,1.0,1.0
2020-05-29 20:25:16,-0.0120000000000004,9.51,9.5,-0.0199999999999995,9.51,66.45,3.785,1.0,0.0,1.0,1.0,0.0,1.0,1.0,1.0
2020-05-29 20:25:26,-0.009999999999998,9.494,9.484,-0.0199999999999995,9.494,66.55,3.73,1.0,0.0,1.0,1.0,0.0,1.0,1.0,1.0
2020-05-29 20:25:36,-0.0120000000000004,9.478,9.468,-0.0219999999999984,9.478,66.55,3.7375000000000007,1.0,0.0,1.0,1.0,0.0,1.0,1.0,1.0
2020-05-29 20:25:46,-0.009999999999998,9.462,9.452,-0.0199999999999995,9.464,66.52499999999999,3.7250000000000014,1.0,0.0,1.0,1.0,0.0,1.0,1.0,1.0
2020-05-29 20:25:55,-0.009999999999998,9.448,9.438,-0.0199999999999995,9.448,66.39999999999999,3.7200000000000006,1.0,0.0,1.0,1.0,0.0,1.0,1.0,1.0
2020-05-29 20:26:05,-0.0120000000000004,9.43,9.42,-0.0199999999999995,9.43,66.65,3.7200000000000006,1.0,0.0,1.0,1.0,0.0,1.0,1.0,1.0
2020-05-29 20:26:15,-0.009999999999998,9.414,9.404,-0.0219999999999984,9.414,66.52499999999999,3.717500000000001,1.0,0.0,1.0,1.0,0.0,1.0,1.0,1.0
2020-05-29 20:26:25,-0.009999999999998,9.398,9.388,-0.0199999999999995,9.398,66.575,3.695,1.0,0.0,1.0,1.0,0.0,1.0,1.0,1.0
2020-05-29 20:26:35,-0.009999999999998,9.384,9.374,-0.0219999999999984,9.384,66.5,3.7525,1.0,0.0,1.0,1.0,0.0,1.0,1.0,1.0
2020-05-29 20:26:45,-0.009999999999998,9.368,9.358,-0.0219999999999984,9.37,66.475,3.807500000000001,1.0,0.0,1.0,1.0,0.0,1.0,1.0,1.0
2020-05-29 20:26:55,-0.009999999999998,9.354,9.344,-0.0199999999999995,9.354,66.45,3.785,1.0,0.0,1.0,1.0,0.0,1.0,1.0,1.0
2020-05-29 20:27:05,-0.009999999999998,9.338,9.328,-0.0199999999999995,9.338,66.55,0.0499999999999998,1.0,0.0,1.0,1.0,0.0,1.0,1.0,1.0
2020-05-29 20:27:15,-0.009999999999998,9.32,9.312,-0.0199999999999995,9.322,66.52499999999999,0.0475000000000003,1.0,0.0,1.0,1.0,0.0,1.0,1.0,1.0
2020-05-29 20:27:25,-0.009999999999998,9.306,9.296,-0.0199999999999995,9.308,66.45,0.0449999999999999,1.0,0.0,1.0,1.0,0.0,1.0,1.0,1.0
2020-05-29 20:27:35,-0.009999999999998,9.292,9.28,-0.0219999999999984,9.29,66.225,0.0449999999999999,1.0,0.0,1.0,1.0,0.0,1.0,1.0,1.0
2020-05-29 20:27:44,-0.0120000000000004,9.274,9.264,-0.0199999999999995,9.276,65.95,0.0449999999999999,1.0,0.0,1.0,1.0,0.0,1.0,1.0,1.0
2020-05-29 20:27:54,-0.009999999999998,9.26,9.248,-0.0199999999999995,9.26,65.575,0.0449999999999999,1.0,0.0,1.0,1.0,0.0,1.0,1.0,1.0
2020-05-29 20:28:04,-0.0120000000000004,9.246,9.232,-0.0219999999999984,9.246,65.14999999999999,0.0449999999999999,1.0,0.0,1.0,1.0,0.0,1.0,1.0,1.0
2020-05-29 20:28:14,-0.009999999999998,9.23,9.216,-0.0199999999999995,9.228,64.875,0.0424999999999995,1.0,0.0,1.0,1.0,0.0,1.0,1.0,1.0
2020-05-29 20:28:24,-0.009999999999998,9.214,9.202,-0.0199999999999995,9.214,64.525,0.0424999999999995,1.0,0.0,1.0,1.0,0.0,1.0,1.0,1.0
2020-05-29 20:28:34,-0.0120000000000004,9.198,9.186,-0.0199999999999995,9.198,64.32500000000002,0.0424999999999995,1.0,0.0,1.0,1.0,0.0,1.0,1.0,1.0
2020-05-29 20:28:44,-0.009999999999998,9.184,9.17,-0.0199999999999995,9.182,63.99999999999999,0.0424999999999995,1.0,0.0,1.0,1.0,0.0,1.0,1.0,1.0
2020-05-29 20:28:54,-0.0120000000000004,9.168,9.156,-0.0199999999999995,9.168,63.775000000000006,0.0424999999999995,1.0,0.0,1.0,1.0,0.0,1.0,1.0,1.0
2020-05-29 20:29:04,-0.0120000000000004,9.152,9.14,-0.0219999999999984,9.154,63.5,0.0424999999999995,1.0,0.0,1.0,1.0,0.0,1.0,1.0,1.0
2020-05-29 20:29:14,-0.009999999999998,9.136,9.124,-0.0199999999999995,9.138,63.25,0.0449999999999999,1.0,0.0,1.0,1.0,0.0,1.0,1.0,1.0
2020-05-29 20:29:24,-0.0120000000000004,9.12,9.11,-0.0219999999999984,9.124,63.05000000000001,0.0424999999999995,1.0,0.0,1.0,1.0,0.0,1.0,1.0,1.0
2020-05-29 20:29:33,-0.0120000000000004,9.106,9.094,-0.0219999999999984,9.108,62.94999999999999,0.0424999999999995,1.0,0.0,1.0,1.0,0.0,1.0,1.0,1.0
2020-05-29 20:29:43,-0.009999999999998,9.09,9.078,-0.0199999999999995,9.092,62.75,0.0424999999999995,1.0,0.0,1.0,1.0,0.0,1.0,1.0,1.0
2020-05-29 20:29:53,-0.0120000000000004,9.076,9.064,-0.0219999999999984,9.076,62.650000000000006,0.0424999999999995,1.0,0.0,1.0,1.0,0.0,1.0,1.0,1.0
2020-05-29 20:30:03,-0.009999999999998,9.06,9.048,-0.0219999999999984,9.064,62.45,0.0424999999999995,1.0,0.0,1.0,1.0,0.0,1.0,1.0,1.0
2020-05-29 20:30:13,-0.0120000000000004,9.046,9.036,-0.0199999999999995,9.048,62.45,0.0424999999999995,1.0,0.0,1.0,1.0,0.0,1.0,1.0,1.0
2020-05-29 20:30:23,-0.009999999999998,9.03,9.018,-0.0199999999999995,9.03,62.25,0.0424999999999995,1.0,0.0,1.0,1.0,0.0,1.0,1.0,1.0
2020-05-29 20:30:33,-0.0120000000000004,9.018,9.006,-0.0219999999999984,9.018,62.05000000000001,0.0424999999999995,1.0,0.0,1.0,1.0,0.0,1.0,1.0,1.0
2020-05-29 20:30:43,-0.0120000000000004,9.002,8.99,-0.0199999999999995,9.002,62.05000000000001,0.0424999999999995,1.0,0.0,1.0,1.0,0.0,1.0,1.0,1.0
2020-05-29 20:30:53,-0.0120000000000004,8.986,8.974,-0.0199999999999995,8.988,61.94999999999999,0.0424999999999995,1.0,0.0,1.0,1.0,0.0,1.0,1.0,1.0
2020-05-29 20:31:03,-0.009999999999998,8.974,8.96,-0.0199999999999995,8.974,61.85000000000001,0.0424999999999995,1.0,0.0,1.0,1.0,0.0,1.0,1.0,1.0
2020-05-29 20:31:13,-0.0120000000000004,8.958,8.946,-0.0219999999999984,8.96,61.650000000000006,0.0424999999999995,1.0,0.0,1.0,1.0,0.0,1.0,1.0,1.0
2020-05-29 20:31:22,-0.0120000000000004,8.942,8.93,-0.0219999999999984,8.944,61.650000000000006,0.0424999999999995,1.0,0.0,1.0,1.0,0.0,1.0,1.0,1.0
2020-05-29 20:31:32,-0.0139999999999993,8.926,8.916,-0.0199999999999995,8.93,61.575,0.0424999999999995,1.0,0.0,1.0,1.0,0.0,1.0,1.0,1.0
2020-05-29 20:31:42,-0.0120000000000004,8.914,8.902,-0.0199999999999995,8.914,61.475,0.0424999999999995,1.0,0.0,1.0,1.0,0.0,1.0,1.0,1.0
2020-05-29 20:31:52,-0.009999999999998,8.898,8.888,-0.0199999999999995,8.9,61.27499999999999,0.0424999999999995,1.0,0.0,1.0,1.0,0.0,1.0,1.0,1.0
2020-05-29 20:32:02,-0.0120000000000004,8.886,8.872,-0.0219999999999984,8.884,61.25,0.0424999999999995,1.0,0.0,1.0,1.0,0.0,1.0,1.0,1.0
2020-05-29 20:32:12,-0.009999999999998,8.87,8.858,-0.0199999999999995,8.872,61.400000000000006,0.0424999999999995,1.0,0.0,1.0,1.0,0.0,1.0,1.0,1.0
2020-05-29 20:32:22,-0.0120000000000004,8.856,8.844,-0.0219999999999984,8.858,61.07499999999999,0.0424999999999995,1.0,0.0,1.0,1.0,0.0,1.0,1.0,1.0
2020-05-29 20:32:32,-0.0120000000000004,8.842,8.83,-0.0199999999999995,8.842,61.05000000000001,0.04,1.0,0.0,1.0,1.0,0.0,1.0,1.0,1.0
2020-05-29 20:32:42,-0.0120000000000004,8.828,8.816,-0.0219999999999984,8.828,61.05000000000001,0.0424999999999995,1.0,0.0,1.0,1.0,0.0,1.0,1.0,1.0
2020-05-29 20:32:52,-0.009999999999998,8.814,8.802,-0.0199999999999995,8.814,60.85000000000001,0.0424999999999995,1.0,0.0,1.0,1.0,0.0,1.0,1.0,1.0
2020-05-29 20:33:02,-0.009999999999998,8.798,8.786,-0.0199999999999995,8.798,60.87499999999999,0.0424999999999995,1.0,0.0,1.0,1.0,0.0,1.0,1.0,1.0
2020-05-29 20:33:11,-0.0120000000000004,8.784,8.772,-0.0199999999999995,8.786,60.82499999999999,0.0424999999999995,1.0,0.0,1.0,1.0,0.0,1.0,1.0,1.0
2020-05-29 20:33:21,-0.0139999999999993,8.77,8.758,-0.0219999999999984,8.772,60.75,0.0424999999999995,1.0,0.0,1.0,1.0,0.0,1.0,1.0,1.0
2020-05-29 20:33:31,-0.0120000000000004,8.756,8.744,-0.0199999999999995,8.758,60.75,0.0424999999999995,1.0,0.0,1.0,1.0,0.0,1.0,1.0,1.0
2020-05-29 20:33:41,-0.0120000000000004,8.742,8.73,-0.0219999999999984,8.742,60.575,0.0424999999999995,1.0,0.0,1.0,1.0,0.0,1.0,1.0,1.0
2020-05-29 20:33:51,-0.0120000000000004,8.728,8.716,-0.0199999999999995,8.728,60.5,0.0424999999999995,1.0,0.0,1.0,1.0,0.0,1.0,1.0,1.0
2020-05-29 20:34:01,-0.0120000000000004,8.716,8.704,-0.0219999999999984,8.716,60.475,0.0424999999999995,1.0,0.0,1.0,1.0,0.0,1.0,1.0,1.0
2020-05-29 20:34:11,-0.0120000000000004,8.698,8.688,-0.0219999999999984,8.7,60.425,0.0424999999999995,1.0,0.0,1.0,1.0,0.0,1.0,1.0,1.0
2020-05-29 20:34:21,-0.0120000000000004,8.686,8.674,-0.0219999999999984,8.688,60.27499999999999,0.0424999999999995,1.0,0.0,1.0,1.0,0.0,1.0,1.0,1.0
2020-05-29 20:34:31,-0.0120000000000004,8.674,8.662,-0.0199999999999995,8.676,60.27499999999999,0.0424999999999995,1.0,0.0,1.0,1.0,0.0,1.0,1.0,1.0
2020-05-29 20:34:41,-0.0120000000000004,8.656,8.646,-0.0219999999999984,8.658,60.25,0.0424999999999995,1.0,0.0,1.0,1.0,0.0,1.0,1.0,1.0
2020-05-29 20:34:51,-0.0120000000000004,8.644,8.634,-0.0219999999999984,8.644,60.14999999999999,0.0424999999999995,1.0,0.0,1.0,1.0,0.0,1.0,1.0,1.0
2020-05-29 20:35:01,-0.0120000000000004,8.63,8.62,-0.0199999999999995,8.632,60.175,0.04,1.0,0.0,1.0,1.0,0.0,1.0,1.0,1.0
2020-05-29 20:35:10,-0.0120000000000004,8.618,8.608,-0.0199999999999995,8.62,60.000000000000014,0.04,1.0,0.0,1.0,1.0,0.0,1.0,1.0,1.0
2020-05-29 20:35:20,-0.0120000000000004,8.602,8.592,-0.0199999999999995,8.604,60.07499999999999,0.0424999999999995,1.0,0.0,1.0,1.0,0.0,1.0,1.0,1.0
2020-05-29 20:35:30,-0.0120000000000004,8.59,8.578,-0.0199999999999995,8.59,60.000000000000014,0.0424999999999995,1.0,0.0,1.0,1.0,0.0,1.0,1.0,1.0
2020-05-29 20:35:40,-0.0120000000000004,8.578,8.566,-0.0199999999999995,8.578,59.87499999999999,0.0424999999999995,1.0,0.0,1.0,1.0,0.0,1.0,1.0,1.0
2020-05-29 20:35:50,-0.0120000000000004,8.562,8.552,-0.0219999999999984,8.564,59.775000000000006,0.0424999999999995,1.0,0.0,1.0,1.0,0.0,1.0,1.0,1.0
2020-05-29 20:36:00,-0.0120000000000004,8.55,8.538,-0.0199999999999995,8.552,59.775000000000006,0.0424999999999995,1.0,0.0,1.0,1.0,0.0,1.0,1.0,1.0
2020-05-29 20:36:10,-0.0120000000000004,8.536,8.526,-0.0199999999999995,8.538,59.74999999999999,0.0424999999999995,1.0,0.0,1.0,1.0,0.0,1.0,1.0,1.0
2020-05-29 20:36:20,-0.0120000000000004,8.522,8.51,-0.0219999999999984,8.526,59.67499999999998,0.0424999999999995,1.0,0.0,1.0,1.0,0.0,1.0,1.0,1.0
2020-05-29 20:36:30,-0.0120000000000004,8.508,8.498,-0.0199999999999995,8.51,59.55,0.0424999999999995,1.0,0.0,1.0,1.0,0.0,1.0,1.0,1.0
2020-05-29 20:36:40,-0.0120000000000004,8.496,8.486,-0.0199999999999995,8.498,59.575,0.0424999999999995,1.0,0.0,1.0,1.0,0.0,1.0,1.0,1.0
2020-05-29 20:36:50,-0.0120000000000004,8.484,8.472,-0.0199999999999995,8.486,59.525000000000006,0.0424999999999995,1.0,0.0,1.0,1.0,0.0,1.0,1.0,1.0
2020-05-29 20:37:00,-0.0120000000000004,8.468,8.46,-0.0219999999999984,8.472,59.45,0.0424999999999995,1.0,0.0,1.0,1.0,0.0,1.0,1.0,1.0
2020-05-29 20:37:09,-0.0120000000000004,8.456,8.446,-0.0219999999999984,8.458,59.375,0.0424999999999995,1.0,0.0,1.0,1.0,0.0,1.0,1.0,1.0
2020-05-29 20:37:19,-0.0120000000000004,8.444,8.43,-0.0219999999999984,8.442,59.35,0.0424999999999995,1.0,0.0,1.0,1.0,0.0,1.0,1.0,1.0
2020-05-29 20:37:29,-0.0120000000000004,8.428,8.42,-0.0199999999999995,8.43,59.275000000000006,0.0424999999999995,1.0,0.0,1.0,1.0,0.0,1.0,1.0,1.0
2020-05-29 20:37:39,-0.0120000000000004,8.418,8.406,-0.0199999999999995,8.418,59.275000000000006,0.0424999999999995,1.0,0.0,1.0,1.0,0.0,1.0,1.0,1.0
2020-05-29 20:37:49,-0.0120000000000004,8.404,8.394,-0.0199999999999995,8.406,59.275000000000006,0.0424999999999995,1.0,0.0,1.0,1.0,0.0,1.0,1.0,1.0
2020-05-29 20:37:59,-0.0120000000000004,8.39,8.38,-0.0199999999999995,8.39,59.1,0.0424999999999995,1.0,0.0,1.0,1.0,0.0,1.0,1.0,1.0
2020-05-29 20:38:09,-0.0139999999999993,8.378,8.368,-0.0219999999999984,8.378,59.05,0.0424999999999995,1.0,0.0,1.0,1.0,0.0,1.0,1.0,1.0
2020-05-29 20:38:19,-0.0120000000000004,8.364,8.354,-0.0199999999999995,8.366,58.975,0.0424999999999995,1.0,0.0,1.0,1.0,0.0,1.0,1.0,1.0
2020-05-29 20:38:29,-0.0120000000000004,8.352,8.342,-0.0199999999999995,8.354,59.02499999999999,0.0424999999999995,1.0,0.0,1.0,1.0,0.0,1.0,1.0,1.0
2020-05-29 20:38:39,-0.0120000000000004,8.338,8.328,-0.0199999999999995,8.34,58.975,0.0424999999999995,1.0,0.0,1.0,1.0,0.0,1.0,1.0,1.0
2020-05-29 20:38:49,-0.0120000000000004,8.326,8.316,-0.0219999999999984,8.328,58.85000000000001,0.04,1.0,0.0,1.0,1.0,0.0,1.0,1.0,1.0
2020-05-29 20:38:59,-0.0120000000000004,8.312,8.302,-0.0219999999999984,8.314,58.89999999999999,0.0424999999999995,1.0,0.0,1.0,1.0,0.0,1.0,1.0,1.0
2020-05-29 20:39:09,-0.0139999999999993,8.298,8.29,-0.0219999999999984,8.302,58.74999999999999,0.0424999999999995,1.0,0.0,1.0,1.0,0.0,1.0,1.0,1.0
2020-05-29 20:39:18,-0.0120000000000004,8.288,8.276,-0.0219999999999984,8.288,58.74999999999999,0.0424999999999995,1.0,0.0,1.0,1.0,0.0,1.0,1.0,1.0
2020-05-29 20:39:28,-0.0120000000000004,8.276,8.264,-0.0219999999999984,8.276,58.650000000000006,0.0424999999999995,1.0,0.0,1.0,1.0,0.0,1.0,1.0,1.0
2020-05-29 20:39:38,-0.0120000000000004,8.26,8.25,-0.0219999999999984,8.264,58.67500000000001,0.0424999999999995,1.0,0.0,1.0,1.0,0.0,1.0,1.0,1.0
2020-05-29 20:39:48,-0.0120000000000004,8.248,8.24,-0.0219999999999984,8.25,58.67500000000001,0.0424999999999995,1.0,0.0,1.0,1.0,0.0,1.0,1.0,1.0
2020-05-29 20:39:58,-0.0120000000000004,8.236,8.226,-0.0199999999999995,8.236,58.55,0.0424999999999995,1.0,0.0,1.0,1.0,0.0,1.0,1.0,1.0
2020-05-29 20:40:08,-0.0139999999999993,8.224,8.212,-0.0219999999999984,8.226,58.47500000000001,0.0424999999999995,1.0,0.0,1.0,1.0,0.0,1.0,1.0,1.0
2020-05-29 20:40:18,-0.0120000000000004,8.21,8.2,-0.0219999999999984,8.212,58.47500000000001,0.0424999999999995,1.0,0.0,1.0,1.0,0.0,1.0,1.0,1.0
2020-05-29 20:40:28,-0.0120000000000004,8.198,8.188,-0.0219999999999984,8.2,58.47500000000001,0.0424999999999995,1.0,0.0,1.0,1.0,0.0,1.0,1.0,1.0
2020-05-29 20:40:38,-0.0120000000000004,8.186,8.176,-0.0199999999999995,8.188,58.375,0.0424999999999995,1.0,0.0,1.0,1.0,0.0,1.0,1.0,1.0
2020-05-29 20:40:48,-0.0120000000000004,8.174,8.164,-0.0219999999999984,8.176,58.35,0.0424999999999995,1.0,0.0,1.0,1.0,0.0,1.0,1.0,1.0
2020-05-29 20:40:58,-0.0120000000000004,8.16,8.15,-0.0219999999999984,8.162,58.35,0.0424999999999995,1.0,0.0,1.0,1.0,0.0,1.0,1.0,1.0
2020-05-29 20:41:08,-0.0120000000000004,8.146,8.138,-0.0219999999999984,8.148,58.275000000000006,0.0424999999999995,1.0,0.0,1.0,1.0,0.0,1.0,1.0,1.0
2020-05-29 20:41:17,-0.0139999999999993,8.136,8.126,-0.0199999999999995,8.138,58.125,0.04,1.0,0.0,1.0,1.0,0.0,1.0,1.0,1.0
2020-05-29 20:41:27,-0.0139999999999993,8.122,8.114,-0.0219999999999984,8.124,58.175,0.0424999999999995,1.0,0.0,1.0,1.0,0.0,1.0,1.0,1.0
2020-05-29 20:41:37,-0.0120000000000004,8.11,8.1,-0.0180000000000006,8.112,58.14999999999999,0.0424999999999995,1.0,0.0,1.0,1.0,0.0,1.0,1.0,1.0
2020-05-29 20:41:47,-0.0120000000000004,8.096,8.088,-0.0199999999999995,8.098,58.1,0.0424999999999995,1.0,0.0,1.0,1.0,0.0,1.0,1.0,1.0
2020-05-29 20:41:57,-0.0120000000000004,8.084,8.076,-0.0219999999999984,8.088,57.975,0.0424999999999995,1.0,0.0,1.0,1.0,0.0,1.0,1.0,1.0
2020-05-29 20:42:07,-0.0120000000000004,8.076,8.064,-0.0199999999999995,8.074,57.89999999999999,0.0424999999999995,1.0,0.0,1.0,1.0,0.0,1.0,1.0,1.0
2020-05-29 20:42:17,-0.0120000000000004,8.06,8.05,-0.0219999999999984,8.064,57.875000000000014,0.0424999999999995,1.0,0.0,1.0,1.0,0.0,1.0,1.0,1.0
2020-05-29 20:42:27,-0.0139999999999993,8.048,8.038,-0.0199999999999995,8.052,57.875000000000014,0.0424999999999995,1.0,0.0,1.0,1.0,0.0,1.0,1.0,1.0
2020-05-29 20:42:37,4.763999999999999,8.038,-0.0259999999999998,-0.0199999999999995,8.04,57.80000000000001,5.017499999999998,0.0,1.0,1.0,0.0,0.0,1.0,1.0,1.0
2020-05-29 20:42:47,8.6,8.13,-0.0240000000000009,-0.0199999999999995,8.13,57.74999999999999,5.845000000000001,0.0,1.0,1.0,0.0,0.0,1.0,1.0,1.0
2020-05-29 20:42:57,6.472,8.364,-0.0180000000000006,-0.0180000000000006,8.364,58.0,5.4125,0.0,1.0,0.0,0.0,0.0,1.0,1.0,1.0
2020-05-29 20:43:07,8.96,8.496,-0.0159999999999982,-0.0199999999999995,8.492,58.67500000000001,5.940000000000001,0.0,1.0,0.0,0.0,0.0,1.0,1.0,1.0
2020-05-29 20:43:16,9.164,8.714,-0.0139999999999993,-0.0180000000000006,8.712,59.35,5.947499999999998,0.0,1.0,0.0,0.0,0.0,1.0,1.0,1.0
2020-05-29 20:43:26,9.354,8.922,-0.0120000000000004,-0.0199999999999995,8.92,60.27499999999999,5.984999999999999,0.0,1.0,0.0,0.0,0.0,1.0,1.0,1.0
2020-05-29 20:43:36,9.544,9.134,-0.0139999999999993,-0.0199999999999995,9.132,61.20000000000002,5.925000000000001,0.0,1.0,0.0,0.0,0.0,1.0,1.0,1.0
2020-05-29 20:43:46,9.714,9.318,-0.0120000000000004,-0.0199999999999995,9.316,62.125000000000014,5.967499999999999,0.0,1.0,0.0,0.0,0.0,1.0,1.0,1.0
2020-05-29 20:43:56,7.432,9.472,-0.009999999999998,-0.0199999999999995,9.468,63.225,5.467500000000001,0.0,1.0,1.0,0.0,0.0,1.0,1.0,1.0
2020-05-29 20:44:06,9.944,9.546,-0.009999999999998,-0.0199999999999995,9.544,64.45,6.07,0.0,1.0,1.0,0.0,0.0,1.0,1.0,1.0
2020-05-29 20:44:16,10.122,9.736,-0.009999999999998,-0.0199999999999995,9.732,65.6,6.234999999999999,0.0,1.0,1.0,0.0,0.0,1.0,1.0,1.0
2020-05-29 20:44:26,10.276,9.902,-0.009999999999998,-0.0219999999999984,9.898,66.625,6.252500000000001,0.0,1.0,1.0,0.0,0.0,1.0,1.0,1.0
2020-05-29 20:44:36,10.424,10.06,-0.0120000000000004,-0.0219999999999984,10.058,67.7,6.1850000000000005,0.0,1.0,1.0,0.0,0.0,1.0,1.0,1.0
2020-05-29 20:44:46,-0.0259999999999998,10.112,10.116,-0.0219999999999984,10.11,68.65,3.747500000000001,1.0,0.0,1.0,1.0,0.0,1.0,1.0,1.0
2020-05-29 20:44:56,-0.0240000000000009,10.062,10.064,-0.0219999999999984,10.06,69.55,3.7250000000000014,1.0,0.0,1.0,1.0,0.0,1.0,1.0,1.0
2020-05-29 20:45:06,-0.0219999999999984,10.02,10.02,-0.0199999999999995,10.02,70.0,3.7575,1.0,0.0,1.0,1.0,0.0,1.0,1.0,1.0
2020-05-29 20:45:15,-0.0199999999999995,9.982,9.978,-0.0199999999999995,9.982,70.42500000000001,3.8125,1.0,0.0,1.0,1.0,0.0,1.0,1.0,1.0
2020-05-29 20:45:25,-0.0180000000000006,9.952,9.944,-0.0199999999999995,9.95,70.52499999999999,3.810000000000001,1.0,0.0,1.0,1.0,0.0,1.0,1.0,1.0
2020-05-29 20:45:35,-0.0159999999999982,9.924,9.916,-0.0199999999999995,9.922,70.55,3.8249999999999993,1.0,0.0,1.0,1.0,0.0,1.0,1.0,1.0
2020-05-29 20:45:45,-0.0159999999999982,9.896,9.886,-0.0199999999999995,9.894,70.55,3.754999999999999,1.0,0.0,1.0,1.0,0.0,1.0,1.0,1.0
2020-05-29 20:45:55,-0.0139999999999993,9.872,9.86,-0.0219999999999984,9.87,70.30000000000001,3.727500000000001,1.0,0.0,1.0,1.0,0.0,1.0,1.0,1.0
2020-05-29 20:46:05,-0.0139999999999993,9.848,9.838,-0.0219999999999984,9.848,69.85,3.7125,1.0,0.0,1.0,1.0,0.0,1.0,1.0,1.0
2020-05-29 20:46:15,-0.0139999999999993,9.826,9.816,-0.0199999999999995,9.826,69.37500000000001,3.764999999999999,1.0,0.0,1.0,1.0,0.0,1.0,1.0,1.0
2020-05-29 20:46:25,-0.0120000000000004,9.804,9.796,-0.0199999999999995,9.804,69.04999999999998,3.7875,1.0,0.0,1.0,1.0,0.0,1.0,1.0,1.0
2020-05-29 20:46:35,-0.0120000000000004,9.786,9.776,-0.0199999999999995,9.784,68.75,3.8225,1.0,0.0,1.0,1.0,0.0,1.0,1.0,1.0
2020-05-29 20:46:45,-0.0120000000000004,9.766,9.754,-0.0199999999999995,9.764,68.52499999999999,3.805,1.0,0.0,1.0,1.0,0.0,1.0,1.0,1.0
2020-05-29 20:46:55,-0.0120000000000004,9.746,9.734,-0.0219999999999984,9.744,68.32499999999999,3.75,1.0,0.0,1.0,1.0,0.0,1.0,1.0,1.0
2020-05-29 20:47:05,-0.0120000000000004,9.728,9.716,-0.0199999999999995,9.726,68.12499999999999,3.7250000000000014,1.0,0.0,1.0,1.0,0.0,1.0,1.0,1.0
2020-05-29 20:47:14,-0.0120000000000004,9.71,9.698,-0.0219999999999984,9.708,67.95,3.715,1.0,0.0,1.0,1.0,0.0,1.0,1.0,1.0
2020-05-29 20:47:24,-0.0120000000000004,9.69,9.678,-0.0199999999999995,9.69,67.6,3.76,1.0,0.0,1.0,1.0,0.0,1.0,1.0,1.0
2020-05-29 20:47:34,-0.0120000000000004,9.674,9.662,-0.0199999999999995,9.672,67.27499999999999,3.789999999999999,1.0,0.0,1.0,1.0,0.0,1.0,1.0,1.0
2020-05-29 20:47:44,-0.0120000000000004,9.656,9.642,-0.0219999999999984,9.654,67.025,3.8225,1.0,0.0,1.0,1.0,0.0,1.0,1.0,1.0
2020-05-29 20:47:54,-0.0120000000000004,9.638,9.626,-0.0219999999999984,9.638,66.75,3.7975,1.0,0.0,1.0,1.0,0.0,1.0,1.0,1.0
2020-05-29 20:48:04,-0.009999999999998,9.622,9.608,-0.0199999999999995,9.62,66.675,3.7575,1.0,0.0,1.0,1.0,0.0,1.0,1.0,1.0
2020-05-29 20:48:14,-0.0120000000000004,9.606,9.592,-0.0199999999999995,9.604,66.5,3.745000000000001,1.0,0.0,1.0,1.0,0.0,1.0,1.0,1.0
2020-05-29 20:48:24,-0.0120000000000004,9.588,9.574,-0.0199999999999995,9.588,66.3,3.7425,1.0,0.0,1.0,1.0,0.0,1.0,1.0,1.0
2020-05-29 20:48:34,-0.0120000000000004,9.572,9.558,-0.0199999999999995,9.57,66.19999999999999,3.747500000000001,1.0,0.0,1.0,1.0,0.0,1.0,1.0,1.0
2020-05-29 20:48:44,-0.009999999999998,9.554,9.542,-0.0199999999999995,9.556,66.225,3.8025,1.0,0.0,1.0,1.0,0.0,1.0,1.0,1.0
2020-05-29 20:48:54,-0.0120000000000004,9.538,9.526,-0.0199999999999995,9.538,66.225,3.8249999999999993,1.0,0.0,1.0,1.0,0.0,1.0,1.0,1.0
2020-05-29 20:49:03,-0.009999999999998,9.522,9.51,-0.0219999999999984,9.522,66.27499999999999,3.82,1.0,0.0,1.0,1.0,0.0,1.0,1.0,1.0
2020-05-29 20:49:13,-0.0120000000000004,9.506,9.496,-0.0219999999999984,9.508,66.32499999999999,3.7925,1.0,0.0,1.0,1.0,0.0,1.0,1.0,1.0
2020-05-29 20:49:23,-0.0120000000000004,9.49,9.476,-0.0219999999999984,9.49,66.225,3.74,1.0,0.0,1.0,1.0,0.0,1.0,1.0,1.0
2020-05-29 20:49:33,-0.009999999999998,9.474,9.464,-0.0199999999999995,9.476,66.25000000000001,3.7125,1.0,0.0,1.0,1.0,0.0,1.0,1.0,1.0
2020-05-29 20:49:43,-0.0120000000000004,9.46,9.446,-0.0219999999999984,9.46,66.225,3.745000000000001,1.0,0.0,1.0,1.0,0.0,1.0,1.0,1.0
2020-05-29 20:49:53,-0.0120000000000004,9.444,9.432,-0.0219999999999984,9.444,66.225,3.747500000000001,1.0,0.0,1.0,1.0,0.0,1.0,1.0,1.0
2020-05-29 20:50:03,-0.0120000000000004,9.426,9.416,-0.0219999999999984,9.428,66.225,3.827500000000001,1.0,0.0,1.0,1.0,0.0,1.0,1.0,1.0
2020-05-29 20:50:13,-0.009999999999998,9.41,9.4,-0.0219999999999984,9.412,66.225,3.817500000000001,1.0,0.0,1.0,1.0,0.0,1.0,1.0,1.0
2020-05-29 20:50:23,-0.0120000000000004,9.396,9.386,-0.0199999999999995,9.398,66.12499999999999,3.7624999999999993,1.0,0.0,1.0,1.0,0.0,1.0,1.0,1.0
2020-05-29 20:50:33,-0.0120000000000004,9.382,9.37,-0.0199999999999995,9.382,66.17500000000001,3.717500000000001,1.0,0.0,1.0,1.0,0.0,1.0,1.0,1.0
2020-05-29 20:50:43,-0.009999999999998,9.366,9.354,-0.0219999999999984,9.366,66.27499999999999,3.7325,1.0,0.0,1.0,1.0,0.0,1.0,1.0,1.0
2020-05-29 20:50:52,-0.0120000000000004,9.35,9.338,-0.0219999999999984,9.352,66.19999999999999,3.772499999999999,1.0,0.0,1.0,1.0,0.0,1.0,1.0,1.0
2020-05-29 20:51:02,-0.009999999999998,9.336,9.326,-0.0199999999999995,9.338,66.25000000000001,3.817500000000001,1.0,0.0,1.0,1.0,0.0,1.0,1.0,1.0
2020-05-29 20:51:12,-0.009999999999998,9.322,9.31,-0.0199999999999995,9.324,66.12499999999999,3.8025,1.0,0.0,1.0,1.0,0.0,1.0,1.0,1.0
2020-05-29 20:51:22,-0.0120000000000004,9.306,9.294,-0.0199999999999995,9.306,66.225,3.7575,1.0,0.0,1.0,1.0,0.0,1.0,1.0,1.0
2020-05-29 20:51:32,-0.009999999999998,9.292,9.28,-0.0199999999999995,9.294,66.225,0.7125000000000004,1.0,0.0,1.0,1.0,0.0,1.0,1.0,1.0
2020-05-29 20:51:42,-0.0120000000000004,9.276,9.264,-0.0219999999999984,9.278,66.25000000000001,0.0475000000000003,1.0,0.0,1.0,1.0,0.0,1.0,1.0,1.0
2020-05-29 20:51:52,-0.0120000000000004,9.26,9.248,-0.0219999999999984,9.262,66.225,0.0449999999999999,1.0,0.0,1.0,1.0,0.0,1.0,1.0,1.0
2020-05-29 20:52:02,-0.0120000000000004,9.246,9.234,-0.0199999999999995,9.246,65.97500000000001,0.0449999999999999,1.0,0.0,1.0,1.0,0.0,1.0,1.0,1.0
2020-05-29 20:52:12,-0.009999999999998,9.23,9.218,-0.0219999999999984,9.232,65.65,0.0424999999999995,1.0,0.0,1.0,1.0,0.0,1.0,1.0,1.0
2020-05-29 20:52:22,-0.009999999999998,9.214,9.204,-0.0199999999999995,9.216,65.35,0.0449999999999999,1.0,0.0,1.0,1.0,0.0,1.0,1.0,1.0
2020-05-29 20:52:32,-0.009999999999998,9.2,9.188,-0.0199999999999995,9.2,64.875,0.0449999999999999,1.0,0.0,1.0,1.0,0.0,1.0,1.0,1.0
2020-05-29 20:52:41,-0.0120000000000004,9.184,9.172,-0.0199999999999995,9.186,64.6,0.0449999999999999,1.0,0.0,1.0,1.0,0.0,1.0,1.0,1.0
2020-05-29 20:52:51,-0.0120000000000004,9.17,9.156,-0.0219999999999984,9.17,64.14999999999999,0.0449999999999999,1.0,0.0,1.0,1.0,0.0,1.0,1.0,1.0
2020-05-29 20:53:01,-0.0120000000000004,9.154,9.14,-0.0199999999999995,9.154,63.99999999999999,0.0449999999999999,1.0,0.0,1.0,1.0,0.0,1.0,1.0,1.0
2020-05-29 20:53:11,-0.0120000000000004,9.14,9.126,-0.0219999999999984,9.142,63.75,0.0424999999999995,1.0,0.0,1.0,1.0,0.0,1.0,1.0,1.0
2020-05-29 20:53:21,-0.0120000000000004,9.122,9.112,-0.0199999999999995,9.124,63.425,0.0424999999999995,1.0,0.0,1.0,1.0,0.0,1.0,1.0,1.0
2020-05-29 20:53:31,-0.0120000000000004,9.108,9.096,-0.0199999999999995,9.11,63.25,0.0424999999999995,1.0,0.0,1.0,1.0,0.0,1.0,1.0,1.0
2020-05-29 20:53:41,-0.009999999999998,9.096,9.082,-0.0199999999999995,9.096,63.1,0.0424999999999995,1.0,0.0,1.0,1.0,0.0,1.0,1.0,1.0
2020-05-29 20:53:51,-0.0120000000000004,9.08,9.066,-0.0199999999999995,9.082,62.85000000000001,0.0424999999999995,1.0,0.0,1.0,1.0,0.0,1.0,1.0,1.0
2020-05-29 20:54:01,-0.0120000000000004,9.064,9.05,-0.0199999999999995,9.064,62.72500000000001,0.0424999999999995,1.0,0.0,1.0,1.0,0.0,1.0,1.0,1.0
2020-05-29 20:54:11,-0.0120000000000004,9.052,9.036,-0.0199999999999995,9.05,62.575,0.0424999999999995,1.0,0.0,1.0,1.0,0.0,1.0,1.0,1.0
2020-05-29 20:54:21,-0.0120000000000004,9.034,9.022,-0.0219999999999984,9.034,62.375,0.0424999999999995,1.0,0.0,1.0,1.0,0.0,1.0,1.0,1.0
2020-05-29 20:54:31,-0.0120000000000004,9.02,9.006,-0.0199999999999995,9.022,62.25,0.0424999999999995,1.0,0.0,1.0,1.0,0.0,1.0,1.0,1.0
2020-05-29 20:54:40,-0.0120000000000004,9.006,8.994,-0.0219999999999984,9.006,62.175,0.0424999999999995,1.0,0.0,1.0,1.0,0.0,1.0,1.0,1.0
2020-05-29 20:54:50,-0.0120000000000004,8.99,8.978,-0.0199999999999995,8.992,62.07499999999999,0.0424999999999995,1.0,0.0,1.0,1.0,0.0,1.0,1.0,1.0
2020-05-29 20:55:00,-0.0120000000000004,8.976,8.964,-0.0199999999999995,8.976,62.000000000000014,0.0449999999999999,1.0,0.0,1.0,1.0,0.0,1.0,1.0,1.0
2020-05-29 20:55:10,-0.0120000000000004,8.96,8.95,-0.0199999999999995,8.962,61.900000000000006,0.0424999999999995,1.0,0.0,1.0,1.0,0.0,1.0,1.0,1.0
2020-05-29 20:55:20,-0.0120000000000004,8.948,8.936,-0.0199999999999995,8.948,61.675,0.0424999999999995,1.0,0.0,1.0,1.0,0.0,1.0,1.0,1.0
2020-05-29 20:55:30,-0.0120000000000004,8.934,8.92,-0.0180000000000006,8.934,61.675,0.0424999999999995,1.0,0.0,1.0,1.0,0.0,1.0,1.0,1.0
2020-05-29 20:55:40,-0.0120000000000004,8.918,8.904,-0.0199999999999995,8.92,61.575,0.0424999999999995,1.0,0.0,1.0,1.0,0.0,1.0,1.0,1.0
2020-05-29 20:55:50,-0.0120000000000004,8.904,8.89,-0.0219999999999984,8.906,61.45,0.0424999999999995,1.0,0.0,1.0,1.0,0.0,1.0,1.0,1.0
2020-05-29 20:56:00,-0.0120000000000004,8.89,8.878,-0.0199999999999995,8.892,61.475,0.0424999999999995,1.0,0.0,1.0,1.0,0.0,1.0,1.0,1.0
2020-05-29 20:56:10,-0.0120000000000004,8.874,8.862,-0.0219999999999984,8.876,61.45,0.04,1.0,0.0,1.0,1.0,0.0,1.0,1.0,1.0
2020-05-29 20:56:20,-0.0139999999999993,8.86,8.848,-0.0199999999999995,8.86,61.25,0.0424999999999995,1.0,0.0,1.0,1.0,0.0,1.0,1.0,1.0
2020-05-29 20:56:29,-0.0120000000000004,8.846,8.834,-0.0219999999999984,8.848,61.14999999999999,0.0424999999999995,1.0,0.0,1.0,1.0,0.0,1.0,1.0,1.0
2020-05-29 20:56:39,-0.0120000000000004,8.832,8.818,-0.0219999999999984,8.832,61.07499999999999,0.0424999999999995,1.0,0.0,1.0,1.0,0.0,1.0,1.0,1.0
2020-05-29 20:56:49,-0.0120000000000004,8.818,8.806,-0.0199999999999995,8.82,61.125,0.0424999999999995,1.0,0.0,1.0,1.0,0.0,1.0,1.0,1.0
2020-05-29 20:56:59,-0.0120000000000004,8.806,8.792,-0.0199999999999995,8.804,61.07499999999999,0.0424999999999995,1.0,0.0,1.0,1.0,0.0,1.0,1.0,1.0
2020-05-29 20:57:09,-0.0120000000000004,8.79,8.778,-0.0199999999999995,8.79,60.900000000000006,0.0424999999999995,1.0,0.0,1.0,1.0,0.0,1.0,1.0,1.0
2020-05-29 20:57:19,-0.0120000000000004,8.776,8.762,-0.0199999999999995,8.774,60.85000000000001,0.0424999999999995,1.0,0.0,1.0,1.0,0.0,1.0,1.0,1.0
2020-05-29 20:57:29,-0.0120000000000004,8.762,8.75,-0.0199999999999995,8.762,60.75,0.0424999999999995,1.0,0.0,1.0,1.0,0.0,1.0,1.0,1.0
2020-05-29 20:57:39,-0.0120000000000004,8.746,8.736,-0.0199999999999995,8.748,60.75,0.0424999999999995,1.0,0.0,1.0,1.0,0.0,1.0,1.0,1.0
2020-05-29 20:57:49,-0.0139999999999993,8.734,8.72,-0.0219999999999984,8.734,60.67499999999998,0.0424999999999995,1.0,0.0,1.0,1.0,0.0,1.0,1.0,1.0
2020-05-29 20:57:59,-0.0120000000000004,8.718,8.706,-0.0199999999999995,8.72,60.575,0.0424999999999995,1.0,0.0,1.0,1.0,0.0,1.0,1.0,1.0
2020-05-29 20:58:09,-0.0120000000000004,8.706,8.694,-0.0199999999999995,8.708,60.375,0.0424999999999995,1.0,0.0,1.0,1.0,0.0,1.0,1.0,1.0
2020-05-29 20:58:18,-0.0120000000000004,8.692,8.68,-0.0199999999999995,8.694,60.475,0.0424999999999995,1.0,0.0,1.0,1.0,0.0,1.0,1.0,1.0
2020-05-29 20:58:28,-0.0120000000000004,8.678,8.666,-0.0199999999999995,8.68,60.400000000000006,0.0424999999999995,1.0,0.0,1.0,1.0,0.0,1.0,1.0,1.0
2020-05-29 20:58:38,-0.0120000000000004,8.664,8.652,-0.0199999999999995,8.666,60.3,0.0424999999999995,1.0,0.0,1.0,1.0,0.0,1.0,1.0,1.0
2020-05-29 20:58:48,-0.0120000000000004,8.65,8.638,-0.0199999999999995,8.652,60.325,0.0424999999999995,1.0,0.0,1.0,1.0,0.0,1.0,1.0,1.0
2020-05-29 20:58:58,-0.0120000000000004,8.638,8.626,-0.0199999999999995,8.638,60.175,0.0424999999999995,1.0,0.0,1.0,1.0,0.0,1.0,1.0,1.0
2020-05-29 20:59:08,-0.0120000000000004,8.622,8.612,-0.0199999999999995,8.624,60.175,0.0449999999999999,1.0,0.0,1.0,1.0,0.0,1.0,1.0,1.0
2020-05-29 20:59:18,-0.0120000000000004,8.61,8.598,-0.0199999999999995,8.61,60.05,0.0424999999999995,1.0,0.0,1.0,1.0,0.0,1.0,1.0,1.0
2020-05-29 20:59:28,-0.0120000000000004,8.596,8.586,-0.0199999999999995,8.598,60.05,0.0424999999999995,1.0,0.0,1.0,1.0,0.0,1.0,1.0,1.0
2020-05-29 20:59:38,-0.0120000000000004,8.582,8.572,-0.0199999999999995,8.582,59.94999999999999,0.0424999999999995,1.0,0.0,1.0,1.0,0.0,1.0,1.0,1.0
2020-05-29 20:59:48,-0.0120000000000004,8.568,8.558,-0.0199999999999995,8.568,59.87499999999999,0.0424999999999995,1.0,0.0,1.0,1.0,0.0,1.0,1.0,1.0
2020-05-29 20:59:58,-0.0120000000000004,8.556,8.544,-0.0199999999999995,8.558,59.87499999999999,0.0424999999999995,1.0,0.0,1.0,1.0,0.0,1.0,1.0,1.0
2020-05-29 21:00:07,-0.0139999999999993,8.544,8.53,-0.0219999999999984,8.544,59.775000000000006,0.0424999999999995,1.0,0.0,1.0,1.0,0.0,1.0,1.0,1.0
2020-05-29 21:00:17,-0.0120000000000004,8.528,8.518,-0.0199999999999995,8.53,59.775000000000006,0.04,1.0,0.0,1.0,1.0,0.0,1.0,1.0,1.0
2020-05-29 21:00:27,-0.0120000000000004,8.514,8.504,-0.0199999999999995,8.518,59.67499999999998,0.0424999999999995,1.0,0.0,1.0,1.0,0.0,1.0,1.0,1.0
2020-05-29 21:00:37,-0.0120000000000004,8.502,8.492,-0.0199999999999995,8.504,59.650000000000006,0.0424999999999995,1.0,0.0,1.0,1.0,0.0,1.0,1.0,1.0
2020-05-29 21:00:47,-0.0120000000000004,8.488,8.478,-0.0219999999999984,8.492,59.67499999999998,0.0424999999999995,1.0,0.0,1.0,1.0,0.0,1.0,1.0,1.0
2020-05-29 21:00:57,-0.0120000000000004,8.476,8.466,-0.0219999999999984,8.478,59.475,0.0424999999999995,1.0,0.0,1.0,1.0,0.0,1.0,1.0,1.0
2020-05-29 21:01:07,-0.0139999999999993,8.464,8.452,-0.0199999999999995,8.464,59.575,0.0424999999999995,1.0,0.0,1.0,1.0,0.0,1.0,1.0,1.0
2020-05-29 21:01:17,-0.0120000000000004,8.45,8.44,-0.0219999999999984,8.45,59.375,0.0424999999999995,1.0,0.0,1.0,1.0,0.0,1.0,1.0,1.0
2020-05-29 21:01:27,-0.0139999999999993,8.436,8.424,-0.0199999999999995,8.438,59.325,0.0424999999999995,1.0,0.0,1.0,1.0,0.0,1.0,1.0,1.0
2020-05-29 21:01:37,-0.0120000000000004,8.424,8.412,-0.0219999999999984,8.424,59.14999999999999,0.0424999999999995,1.0,0.0,1.0,1.0,0.0,1.0,1.0,1.0
2020-05-29 21:01:47,-0.0120000000000004,8.41,8.398,-0.0219999999999984,8.414,59.25,0.0424999999999995,1.0,0.0,1.0,1.0,0.0,1.0,1.0,1.0
2020-05-29 21:01:56,-0.0120000000000004,8.398,8.386,-0.0219999999999984,8.4,59.14999999999999,0.0424999999999995,1.0,0.0,1.0,1.0,0.0,1.0,1.0,1.0
2020-05-29 21:02:06,-0.0139999999999993,8.386,8.374,-0.0199999999999995,8.388,59.07500000000002,0.0424999999999995,1.0,0.0,1.0,1.0,0.0,1.0,1.0,1.0
2020-05-29 21:02:16,-0.0120000000000004,8.372,8.362,-0.0219999999999984,8.374,59.07500000000002,0.0424999999999995,1.0,0.0,1.0,1.0,0.0,1.0,1.0,1.0
2020-05-29 21:02:26,-0.0139999999999993,8.358,8.348,-0.0219999999999984,8.36,58.975,0.0424999999999995,1.0,0.0,1.0,1.0,0.0,1.0,1.0,1.0
2020-05-29 21:02:36,-0.0139999999999993,8.346,8.334,-0.0219999999999984,8.348,58.94999999999999,0.0424999999999995,1.0,0.0,1.0,1.0,0.0,1.0,1.0,1.0
2020-05-29 21:02:46,-0.0120000000000004,8.334,8.322,-0.0199999999999995,8.336,58.875000000000014,0.0424999999999995,1.0,0.0,1.0,1.0,0.0,1.0,1.0,1.0
2020-05-29 21:02:56,-0.0139999999999993,8.32,8.308,-0.0219999999999984,8.32,58.875000000000014,0.0424999999999995,1.0,0.0,1.0,1.0,0.0,1.0,1.0,1.0
2020-05-29 21:03:06,-0.0120000000000004,8.308,8.296,-0.0199999999999995,8.308,58.82499999999999,0.0424999999999995,1.0,0.0,1.0,1.0,0.0,1.0,1.0,1.0
2020-05-29 21:03:16,-0.0139999999999993,8.296,8.284,-0.0199999999999995,8.298,58.74999999999999,0.0424999999999995,1.0,0.0,1.0,1.0,0.0,1.0,1.0,1.0
2020-05-29 21:03:26,-0.0139999999999993,8.282,8.27,-0.0199999999999995,8.284,58.575,0.0424999999999995,1.0,0.0,1.0,1.0,0.0,1.0,1.0,1.0
2020-05-29 21:03:36,-0.0120000000000004,8.27,8.258,-0.0199999999999995,8.272,58.67500000000001,0.0424999999999995,1.0,0.0,1.0,1.0,0.0,1.0,1.0,1.0
2020-05-29 21:03:45,-0.0120000000000004,8.258,8.246,-0.0199999999999995,8.258,58.60000000000001,0.0424999999999995,1.0,0.0,1.0,1.0,0.0,1.0,1.0,1.0
2020-05-29 21:03:55,-0.0120000000000004,8.244,8.234,-0.0219999999999984,8.246,58.55,0.0424999999999995,1.0,0.0,1.0,1.0,0.0,1.0,1.0,1.0
2020-05-29 21:04:05,-0.0120000000000004,8.232,8.22,-0.0199999999999995,8.234,58.47500000000001,0.0424999999999995,1.0,0.0,1.0,1.0,0.0,1.0,1.0,1.0
2020-05-29 21:04:15,-0.0120000000000004,8.22,8.21,-0.0199999999999995,8.222,58.47500000000001,0.0424999999999995,1.0,0.0,1.0,1.0,0.0,1.0,1.0,1.0
2020-05-29 21:04:25,-0.0120000000000004,8.208,8.196,-0.0199999999999995,8.208,58.47500000000001,0.0424999999999995,1.0,0.0,1.0,1.0,0.0,1.0,1.0,1.0
2020-05-29 21:04:35,-0.0139999999999993,8.196,8.184,-0.0199999999999995,8.196,58.400000000000006,0.0424999999999995,1.0,0.0,1.0,1.0,0.0,1.0,1.0,1.0
2020-05-29 21:04:45,-0.0139999999999993,8.182,8.172,-0.0219999999999984,8.182,58.275000000000006,0.0424999999999995,1.0,0.0,1.0,1.0,0.0,1.0,1.0,1.0
2020-05-29 21:04:55,-0.0120000000000004,8.168,8.158,-0.0199999999999995,8.17,58.25,0.0424999999999995,1.0,0.0,1.0,1.0,0.0,1.0,1.0,1.0
2020-05-29 21:05:05,-0.0120000000000004,8.158,8.146,-0.0199999999999995,8.16,58.275000000000006,0.0424999999999995,1.0,0.0,1.0,1.0,0.0,1.0,1.0,1.0
2020-05-29 21:05:15,-0.0120000000000004,8.144,8.134,-0.0199999999999995,8.146,58.225,0.0424999999999995,1.0,0.0,1.0,1.0,0.0,1.0,1.0,1.0
2020-05-29 21:05:25,-0.0120000000000004,8.132,8.122,-0.0199999999999995,8.134,58.1,0.0424999999999995,1.0,0.0,1.0,1.0,0.0,1.0,1.0,1.0
2020-05-29 21:05:34,-0.0120000000000004,8.12,8.108,-0.0199999999999995,8.12,58.07500000000002,0.0424999999999995,1.0,0.0,1.0,1.0,0.0,1.0,1.0,1.0
2020-05-29 21:05:44,-0.0139999999999993,8.106,8.096,-0.0199999999999995,8.108,58.07500000000002,0.0424999999999995,1.0,0.0,1.0,1.0,0.0,1.0,1.0,1.0
2020-05-29 21:05:54,-0.0120000000000004,8.094,8.086,-0.0199999999999995,8.098,57.975,0.0424999999999995,1.0,0.0,1.0,1.0,0.0,1.0,1.0,1.0
2020-05-29 21:06:04,-0.0120000000000004,8.082,8.074,-0.0199999999999995,8.084,58.0,0.0424999999999995,1.0,0.0,1.0,1.0,0.0,1.0,1.0,1.0
2020-05-29 21:06:14,-0.0120000000000004,8.07,8.06,-0.0219999999999984,8.072,57.975,0.0424999999999995,1.0,0.0,1.0,1.0,0.0,1.0,1.0,1.0
2020-05-29 21:06:24,-0.0139999999999993,8.058,8.048,-0.0199999999999995,8.06,57.89999999999999,0.0424999999999995,1.0,0.0,1.0,1.0,0.0,1.0,1.0,1.0
2020-05-29 21:06:34,-0.0120000000000004,8.044,8.036,-0.0199999999999995,8.048,57.875000000000014,0.0424999999999995,1.0,0.0,1.0,1.0,0.0,1.0,1.0,1.0
2020-05-29 21:06:44,5.94,8.032,-0.0279999999999986,-0.0219999999999984,8.034,57.85,5.2125,0.0,1.0,1.0,0.0,0.0,1.0,1.0,1.0
2020-05-29 21:06:54,8.272,8.054,-0.0240000000000009,-0.0199999999999995,8.056,57.775000000000006,5.649999999999999,0.0,1.0,0.0,0.0,0.0,1.0,1.0,1.0
2020-05-29 21:07:04,8.784,8.31,-0.0199999999999995,-0.0199999999999995,8.31,58.05,5.797499999999999,0.0,1.0,0.0,0.0,0.0,1.0,1.0,1.0
2020-05-29 21:07:14,8.988,8.524,-0.0159999999999982,-0.0219999999999984,8.522,58.60000000000001,5.890000000000001,0.0,1.0,0.0,0.0,0.0,1.0,1.0,1.0
2020-05-29 21:07:23,9.186,8.742,-0.0159999999999982,-0.0219999999999984,8.738,59.375,6.025,0.0,1.0,0.0,0.0,0.0,1.0,1.0,1.0
2020-05-29 21:07:33,9.388,8.966,-0.0139999999999993,-0.0199999999999995,8.96,60.35,6.072500000000002,0.0,1.0,0.0,0.0,0.0,1.0,1.0,1.0
2020-05-29 21:07:43,9.562,9.154,-0.0120000000000004,-0.0199999999999995,9.152,61.375,6.029999999999999,0.0,1.0,0.0,0.0,0.0,1.0,1.0,1.0
2020-05-29 21:07:53,8.024,9.182,-0.0120000000000004,0.1679999999999992,9.182,62.25,5.627500000000001,0.0,1.0,1.0,0.0,0.0,1.0,1.0,1.0
2020-05-29 21:08:03,9.564,9.248,-0.0120000000000004,0.2300000000000004,9.248,63.45,5.934999999999999,0.0,1.0,1.0,0.0,0.0,1.0,1.0,1.0
2020-05-29 21:08:13,9.696,9.388,-0.0120000000000004,0.2360000000000006,9.384,64.675,6.0275,0.0,1.0,1.0,0.0,0.0,1.0,1.0,1.0
2020-05-29 21:08:23,9.802,9.508,-0.009999999999998,0.2400000000000002,9.506,65.575,6.129999999999999,0.0,1.0,1.0,0.0,0.0,1.0,1.0,1.0
2020-05-29 21:08:33,9.904,9.622,-0.0120000000000004,0.2439999999999997,9.62,66.65,6.1275,0.0,1.0,1.0,0.0,0.0,1.0,1.0,1.0
2020-05-29 21:08:43,10.018,9.74,-0.009999999999998,0.25,9.738,67.675,6.0525,0.0,1.0,1.0,0.0,0.0,1.0,1.0,1.0
2020-05-29 21:08:53,8.822,9.76,-0.009999999999998,0.2019999999999999,9.758,68.55,5.74,0.0,1.0,0.0,0.0,0.0,1.0,1.0,1.0
2020-05-29 21:09:03,10.096,9.81,-0.009999999999998,0.2620000000000004,9.808,69.44999999999999,6.0625,0.0,1.0,0.0,0.0,0.0,1.0,1.0,1.0
2020-05-29 21:09:13,10.09,9.83,-0.0120000000000004,0.5019999999999989,9.828,69.925,6.135,0.0,1.0,0.0,0.0,0.0,1.0,1.0,1.0
2020-05-29 21:09:22,10.178,9.92,-0.0120000000000004,0.5079999999999991,9.92,70.35,6.225000000000001,0.0,1.0,0.0,0.0,0.0,1.0,1.0,1.0
2020-05-29 21:09:32,10.25,10.0,-0.0120000000000004,0.516,9.998,70.475,6.19,0.0,1.0,0.0,0.0,0.0,1.0,1.0,1.0
2020-05-29 21:09:42,10.32,10.078,-0.009999999999998,0.5199999999999996,10.076,70.75,6.129999999999999,0.0,1.0,0.0,0.0,0.0,1.0,1.0,1.0
2020-05-29 21:09:52,7.09,10.092,1.08,5.992000000000001,10.09,70.97500000000001,4.57,0.0,1.0,1.0,0.0,0.0,1.0,1.0,1.0
2020-05-29 21:10:02,10.358,10.074,-0.0120000000000004,0.1820000000000003,10.07,71.15,6.157500000000001,0.0,1.0,1.0,0.0,0.0,1.0,1.0,1.0
2020-05-29 21:10:12,-0.0240000000000009,10.132,10.134,-0.0199999999999995,10.13,71.24999999999999,3.91,1.0,0.0,1.0,1.0,0.0,1.0,1.0,1.0
2020-05-29 21:10:22,-0.0240000000000009,10.096,10.098,-0.0199999999999995,10.092,71.0,3.82,1.0,0.0,1.0,1.0,0.0,1.0,1.0,1.0
2020-05-29 21:10:32,-0.0219999999999984,10.066,10.066,-0.0219999999999984,10.062,70.55,3.795,1.0,0.0,1.0,1.0,0.0,1.0,1.0,1.0
2020-05-29 21:10:42,-0.0199999999999995,10.04,10.038,-0.0219999999999984,10.038,70.275,3.7675,1.0,0.0,1.0,1.0,0.0,1.0,1.0,1.0
2020-05-29 21:10:52,-0.0180000000000006,10.016,10.01,-0.0219999999999984,10.014,70.22500000000001,3.7525,1.0,0.0,1.0,1.0,0.0,1.0,1.0,1.0
2020-05-29 21:11:02,-0.0159999999999982,9.992,9.984,-0.0219999999999984,9.99,70.35,3.772499999999999,1.0,0.0,1.0,1.0,0.0,1.0,1.0,1.0
2020-05-29 21:11:11,-0.0159999999999982,9.97,9.96,-0.0219999999999984,9.968,70.44999999999999,3.7975,1.0,0.0,1.0,1.0,0.0,1.0,1.0,1.0
2020-05-29 21:11:21,-0.0139999999999993,9.95,9.94,-0.0219999999999984,9.948,70.44999999999999,3.8325,1.0,0.0,1.0,1.0,0.0,1.0,1.0,1.0
2020-05-29 21:11:31,-0.0139999999999993,9.926,9.916,-0.0219999999999984,9.924,70.125,3.782499999999999,1.0,0.0,1.0,1.0,0.0,1.0,1.0,1.0
2020-05-29 21:11:41,-0.0120000000000004,9.906,9.896,-0.0219999999999984,9.904,69.825,3.74,1.0,0.0,1.0,1.0,0.0,1.0,1.0,1.0
2020-05-29 21:11:51,-0.0120000000000004,9.888,9.878,-0.0199999999999995,9.886,69.44999999999999,3.7200000000000006,1.0,0.0,1.0,1.0,0.0,1.0,1.0,1.0
2020-05-29 21:12:01,-0.0120000000000004,9.868,9.858,-0.0199999999999995,9.868,69.15,3.73,1.0,0.0,1.0,1.0,0.0,1.0,1.0,1.0
2020-05-29 21:12:11,-0.0120000000000004,9.85,9.838,-0.0219999999999984,9.848,68.85,3.827500000000001,1.0,0.0,1.0,1.0,0.0,1.0,1.0,1.0
2020-05-29 21:12:21,-0.0120000000000004,9.83,9.818,-0.0219999999999984,9.83,68.65,3.83,1.0,0.0,1.0,1.0,0.0,1.0,1.0,1.0
2020-05-29 21:12:31,-0.0120000000000004,9.812,9.8,-0.0199999999999995,9.812,68.45000000000002,3.810000000000001,1.0,0.0,1.0,1.0,0.0,1.0,1.0,1.0
2020-05-29 21:12:41,-0.0120000000000004,9.794,9.782,-0.0219999999999984,9.794,68.17500000000001,3.717500000000001,1.0,0.0,1.0,1.0,0.0,1.0,1.0,1.0
2020-05-29 21:12:51,-0.009999999999998,9.776,9.766,-0.0199999999999995,9.776,67.925,3.7125,1.0,0.0,1.0,1.0,0.0,1.0,1.0,1.0
2020-05-29 21:13:00,-0.0120000000000004,9.76,9.748,-0.0219999999999984,9.76,67.65,3.717500000000001,1.0,0.0,1.0,1.0,0.0,1.0,1.0,1.0
2020-05-29 21:13:10,-0.0120000000000004,9.744,9.732,-0.0199999999999995,9.744,67.35,3.7775,1.0,0.0,1.0,1.0,0.0,1.0,1.0,1.0
2020-05-29 21:13:20,-0.0120000000000004,9.724,9.714,-0.0219999999999984,9.726,67.225,3.810000000000001,1.0,0.0,1.0,1.0,0.0,1.0,1.0,1.0
2020-05-29 21:13:30,-0.0120000000000004,9.71,9.698,-0.0199999999999995,9.708,67.025,3.772499999999999,1.0,0.0,1.0,1.0,0.0,1.0,1.0,1.0
2020-05-29 21:13:40,-0.0120000000000004,9.692,9.68,-0.0219999999999984,9.692,66.825,3.73,1.0,0.0,1.0,1.0,0.0,1.0,1.0,1.0
2020-05-29 21:13:50,-0.009999999999998,9.676,9.666,-0.0219999999999984,9.676,66.75,3.7075,1.0,0.0,1.0,1.0,0.0,1.0,1.0,1.0
2020-05-29 21:14:00,-0.0120000000000004,9.658,9.646,-0.0219999999999984,9.66,66.75,3.745000000000001,1.0,0.0,1.0,1.0,0.0,1.0,1.0,1.0
2020-05-29 21:14:10,-0.009999999999998,9.644,9.63,-0.0199999999999995,9.644,66.775,3.815,1.0,0.0,1.0,1.0,0.0,1.0,1.0,1.0
2020-05-29 21:14:20,-0.0120000000000004,9.628,9.616,-0.0219999999999984,9.628,66.75,3.815,1.0,0.0,1.0,1.0,0.0,1.0,1.0,1.0
2020-05-29 21:14:30,-0.0120000000000004,9.612,9.6,-0.0199999999999995,9.612,66.775,3.774999999999999,1.0,0.0,1.0,1.0,0.0,1.0,1.0,1.0
2020-05-29 21:14:40,-0.0120000000000004,9.596,9.582,-0.0199999999999995,9.596,66.75,3.7125,1.0,0.0,1.0,1.0,0.0,1.0,1.0,1.0
2020-05-29 21:14:49,-0.009999999999998,9.582,9.568,-0.0219999999999984,9.58,66.775,3.695,1.0,0.0,1.0,1.0,0.0,1.0,1.0,1.0
2020-05-29 21:14:59,-0.009999999999998,9.564,9.552,-0.0219999999999984,9.564,66.775,3.73,1.0,0.0,1.0,1.0,0.0,1.0,1.0,1.0
2020-05-29 21:15:09,-0.009999999999998,9.548,9.536,-0.0199999999999995,9.548,66.775,3.789999999999999,1.0,0.0,1.0,1.0,0.0,1.0,1.0,1.0
2020-05-29 21:15:19,-0.0120000000000004,9.532,9.52,-0.0199999999999995,9.532,66.725,3.807500000000001,1.0,0.0,1.0,1.0,0.0,1.0,1.0,1.0
2020-05-29 21:15:29,-0.009999999999998,9.518,9.504,-0.0199999999999995,9.518,66.75,3.810000000000001,1.0,0.0,1.0,1.0,0.0,1.0,1.0,1.0
2020-05-29 21:15:39,-0.0120000000000004,9.504,9.49,-0.0199999999999995,9.504,66.85000000000001,3.75,1.0,0.0,1.0,1.0,0.0,1.0,1.0,1.0
2020-05-29 21:15:49,-0.009999999999998,9.486,9.474,-0.0219999999999984,9.486,66.85000000000001,3.7125,1.0,0.0,1.0,1.0,0.0,1.0,1.0,1.0
2020-05-29 21:15:59,-0.0120000000000004,9.472,9.46,-0.0199999999999995,9.472,66.85000000000001,3.7200000000000006,1.0,0.0,1.0,1.0,0.0,1.0,1.0,1.0
2020-05-29 21:16:09,-0.009999999999998,9.456,9.444,-0.0199999999999995,9.456,66.825,3.772499999999999,1.0,0.0,1.0,1.0,0.0,1.0,1.0,1.0
2020-05-29 21:16:19,-0.0120000000000004,9.444,9.428,-0.0199999999999995,9.442,66.92499999999998,3.8000000000000007,1.0,0.0,1.0,1.0,0.0,1.0,1.0,1.0
2020-05-29 21:16:29,-0.009999999999998,9.424,9.414,-0.0199999999999995,9.426,66.85000000000001,3.754999999999999,1.0,0.0,1.0,1.0,0.0,1.0,1.0,1.0
2020-05-29 21:16:38,-0.009999999999998,9.408,9.398,-0.0219999999999984,9.41,66.75,3.7075,1.0,0.0,1.0,1.0,0.0,1.0,1.0,1.0
2020-05-29 21:16:48,-0.0120000000000004,9.394,9.382,-0.0199999999999995,9.396,66.825,3.7075,1.0,0.0,1.0,1.0,0.0,1.0,1.0,1.0
2020-05-29 21:16:58,-0.0120000000000004,9.38,9.368,-0.0199999999999995,9.38,66.85000000000001,3.7075,1.0,0.0,1.0,1.0,0.0,1.0,1.0,1.0
2020-05-29 21:17:08,-0.0120000000000004,9.362,9.352,-0.0199999999999995,9.366,66.775,0.0475000000000003,1.0,0.0,1.0,1.0,0.0,1.0,1.0,1.0
2020-05-29 21:17:18,-0.009999999999998,9.35,9.336,-0.0199999999999995,9.35,66.825,0.0449999999999999,1.0,0.0,1.0,1.0,0.0,1.0,1.0,1.0
2020-05-29 21:17:28,-0.0120000000000004,9.334,9.32,-0.0199999999999995,9.334,66.625,0.0449999999999999,1.0,0.0,1.0,1.0,0.0,1.0,1.0,1.0
2020-05-29 21:17:38,-0.009999999999998,9.318,9.304,-0.0219999999999984,9.318,66.225,0.0449999999999999,1.0,0.0,1.0,1.0,0.0,1.0,1.0,1.0
2020-05-29 21:17:48,-0.009999999999998,9.302,9.288,-0.0199999999999995,9.304,65.825,0.0449999999999999,1.0,0.0,1.0,1.0,0.0,1.0,1.0,1.0
2020-05-29 21:17:58,-0.0120000000000004,9.288,9.274,-0.0199999999999995,9.288,65.475,0.0424999999999995,1.0,0.0,1.0,1.0,0.0,1.0,1.0,1.0
2020-05-29 21:18:08,-0.0120000000000004,9.272,9.258,-0.0199999999999995,9.274,65.07499999999999,0.0424999999999995,1.0,0.0,1.0,1.0,0.0,1.0,1.0,1.0
2020-05-29 21:18:18,-0.0120000000000004,9.256,9.242,-0.0219999999999984,9.258,64.775,0.0424999999999995,1.0,0.0,1.0,1.0,0.0,1.0,1.0,1.0
2020-05-29 21:18:27,-0.009999999999998,9.242,9.228,-0.0199999999999995,9.242,64.425,0.0424999999999995,1.0,0.0,1.0,1.0,0.0,1.0,1.0,1.0
2020-05-29 21:18:37,-0.009999999999998,9.226,9.214,-0.0199999999999995,9.228,64.17500000000001,0.0424999999999995,1.0,0.0,1.0,1.0,0.0,1.0,1.0,1.0
2020-05-29 21:18:47,-0.0120000000000004,9.21,9.196,-0.0199999999999995,9.212,63.97500000000001,0.0424999999999995,1.0,0.0,1.0,1.0,0.0,1.0,1.0,1.0
2020-05-29 21:18:57,-0.0120000000000004,9.196,9.182,-0.0219999999999984,9.198,63.75,0.0424999999999995,1.0,0.0,1.0,1.0,0.0,1.0,1.0,1.0
2020-05-29 21:19:07,-0.0120000000000004,9.182,9.168,-0.0199999999999995,9.182,63.525000000000006,0.0424999999999995,1.0,0.0,1.0,1.0,0.0,1.0,1.0,1.0
2020-05-29 21:19:17,-0.0120000000000004,9.168,9.152,-0.0199999999999995,9.166,63.475,0.0424999999999995,1.0,0.0,1.0,1.0,0.0,1.0,1.0,1.0
2020-05-29 21:19:27,-0.0120000000000004,9.152,9.136,-0.0199999999999995,9.152,63.225,0.0424999999999995,1.0,0.0,1.0,1.0,0.0,1.0,1.0,1.0
2020-05-29 21:19:37,-0.0120000000000004,9.136,9.122,-0.0219999999999984,9.136,63.14999999999999,0.0424999999999995,1.0,0.0,1.0,1.0,0.0,1.0,1.0,1.0
2020-05-29 21:19:47,-0.0120000000000004,9.12,9.106,-0.0219999999999984,9.122,63.07499999999999,0.0424999999999995,1.0,0.0,1.0,1.0,0.0,1.0,1.0,1.0
2020-05-29 21:19:57,-0.009999999999998,9.106,9.092,-0.0199999999999995,9.106,62.87499999999999,0.0424999999999995,1.0,0.0,1.0,1.0,0.0,1.0,1.0,1.0
2020-05-29 21:20:07,-0.0120000000000004,9.092,9.078,-0.0219999999999984,9.092,62.775000000000006,0.0424999999999995,1.0,0.0,1.0,1.0,0.0,1.0,1.0,1.0
2020-05-29 21:20:16,-0.0120000000000004,9.076,9.062,-0.0219999999999984,9.076,62.775000000000006,0.0424999999999995,1.0,0.0,1.0,1.0,0.0,1.0,1.0,1.0
2020-05-29 21:20:26,-0.0120000000000004,9.06,9.046,-0.0219999999999984,9.06,62.575,0.0424999999999995,1.0,0.0,1.0,1.0,0.0,1.0,1.0,1.0
2020-05-29 21:20:36,-0.0120000000000004,9.046,9.034,-0.0180000000000006,9.048,62.425,0.0424999999999995,1.0,0.0,1.0,1.0,0.0,1.0,1.0,1.0
2020-05-29 21:20:46,-0.0120000000000004,9.03,9.02,-0.0199999999999995,9.034,62.375,0.0424999999999995,1.0,0.0,1.0,1.0,0.0,1.0,1.0,1.0
2020-05-29 21:20:56,-0.009999999999998,9.016,9.004,-0.0199999999999995,9.016,62.375,0.0424999999999995,1.0,0.0,1.0,1.0,0.0,1.0,1.0,1.0
2020-05-29 21:21:06,-0.0120000000000004,9.0,8.988,-0.0199999999999995,9.004,62.175,0.0424999999999995,1.0,0.0,1.0,1.0,0.0,1.0,1.0,1.0
2020-05-29 21:21:16,-0.0120000000000004,8.986,8.974,-0.0219999999999984,8.99,62.14999999999999,0.0424999999999995,1.0,0.0,1.0,1.0,0.0,1.0,1.0,1.0
2020-05-29 21:21:26,-0.009999999999998,8.972,8.96,-0.0199999999999995,8.972,62.02499999999999,0.0424999999999995,1.0,0.0,1.0,1.0,0.0,1.0,1.0,1.0
2020-05-29 21:21:36,-0.009999999999998,8.958,8.944,-0.0199999999999995,8.958,61.97500000000001,0.0424999999999995,1.0,0.0,1.0,1.0,0.0,1.0,1.0,1.0
2020-05-29 21:21:46,-0.009999999999998,8.944,8.93,-0.0199999999999995,8.946,61.825,0.0424999999999995,1.0,0.0,1.0,1.0,0.0,1.0,1.0,1.0
2020-05-29 21:21:56,-0.009999999999998,8.93,8.918,-0.0199999999999995,8.93,61.87499999999999,0.0424999999999995,1.0,0.0,1.0,1.0,0.0,1.0,1.0,1.0
2020-05-29 21:22:06,-0.0120000000000004,8.914,8.9,-0.0199999999999995,8.916,61.75,0.0424999999999995,1.0,0.0,1.0,1.0,0.0,1.0,1.0,1.0
2020-05-29 21:22:15,-0.009999999999998,8.9,8.888,-0.0199999999999995,8.902,61.625,0.0424999999999995,1.0,0.0,1.0,1.0,0.0,1.0,1.0,1.0
2020-05-29 21:22:25,-0.0120000000000004,8.884,8.874,-0.0199999999999995,8.888,61.60000000000001,0.0424999999999995,1.0,0.0,1.0,1.0,0.0,1.0,1.0,1.0
2020-05-29 21:22:35,-0.0139999999999993,8.87,8.858,-0.0199999999999995,8.872,61.5,0.0424999999999995,1.0,0.0,1.0,1.0,0.0,1.0,1.0,1.0
2020-05-29 21:22:45,-0.0120000000000004,8.856,8.844,-0.0199999999999995,8.858,61.45,0.0424999999999995,1.0,0.0,1.0,1.0,0.0,1.0,1.0,1.0
2020-05-29 21:22:55,-0.0120000000000004,8.842,8.832,-0.0219999999999984,8.846,61.35,0.0424999999999995,1.0,0.0,1.0,1.0,0.0,1.0,1.0,1.0
2020-05-29 21:23:05,-0.0120000000000004,8.83,8.816,-0.0180000000000006,8.83,61.27499999999999,0.0424999999999995,1.0,0.0,1.0,1.0,0.0,1.0,1.0,1.0
2020-05-29 21:23:15,-0.009999999999998,8.814,8.802,-0.0199999999999995,8.814,61.14999999999999,0.0424999999999995,1.0,0.0,1.0,1.0,0.0,1.0,1.0,1.0
2020-05-29 21:23:25,-0.0120000000000004,8.8,8.786,-0.0199999999999995,8.8,61.07499999999999,0.0424999999999995,1.0,0.0,1.0,1.0,0.0,1.0,1.0,1.0
2020-05-29 21:23:35,-0.0120000000000004,8.786,8.772,-0.0199999999999995,8.786,61.07499999999999,0.0424999999999995,1.0,0.0,1.0,1.0,0.0,1.0,1.0,1.0
2020-05-29 21:23:45,-0.0120000000000004,8.77,8.76,-0.0199999999999995,8.772,60.975,0.0424999999999995,1.0,0.0,1.0,1.0,0.0,1.0,1.0,1.0
2020-05-29 21:23:55,-0.0120000000000004,8.756,8.746,-0.0199999999999995,8.758,60.94999999999999,0.0424999999999995,1.0,0.0,1.0,1.0,0.0,1.0,1.0,1.0
2020-05-29 21:24:04,-0.0120000000000004,8.744,8.732,-0.0199999999999995,8.744,60.87499999999999,0.0424999999999995,1.0,0.0,1.0,1.0,0.0,1.0,1.0,1.0
2020-05-29 21:24:14,-0.0120000000000004,8.73,8.718,-0.0219999999999984,8.732,60.775000000000006,0.0424999999999995,1.0,0.0,1.0,1.0,0.0,1.0,1.0,1.0
2020-05-29 21:24:24,-0.0120000000000004,8.716,8.704,-0.0219999999999984,8.718,60.775000000000006,0.0424999999999995,1.0,0.0,1.0,1.0,0.0,1.0,1.0,1.0
2020-05-29 21:24:34,-0.0139999999999993,8.702,8.69,-0.0219999999999984,8.702,60.7,0.0424999999999995,1.0,0.0,1.0,1.0,0.0,1.0,1.0,1.0
2020-05-29 21:24:44,-0.0120000000000004,8.688,8.678,-0.0199999999999995,8.69,60.525000000000006,0.0424999999999995,1.0,0.0,1.0,1.0,0.0,1.0,1.0,1.0
2020-05-29 21:24:54,-0.0120000000000004,8.674,8.662,-0.0219999999999984,8.676,60.525000000000006,0.0424999999999995,1.0,0.0,1.0,1.0,0.0,1.0,1.0,1.0
2020-05-29 21:25:04,-0.0120000000000004,8.662,8.65,-0.0219999999999984,8.664,60.35,0.0424999999999995,1.0,0.0,1.0,1.0,0.0,1.0,1.0,1.0
2020-05-29 21:25:14,-0.0139999999999993,8.646,8.636,-0.0219999999999984,8.648,60.575,0.0424999999999995,1.0,0.0,1.0,1.0,0.0,1.0,1.0,1.0
2020-05-29 21:25:24,-0.0120000000000004,8.634,8.622,-0.0219999999999984,8.636,60.27499999999999,0.0424999999999995,1.0,0.0,1.0,1.0,0.0,1.0,1.0,1.0
2020-05-29 21:25:34,-0.0120000000000004,8.62,8.608,-0.0199999999999995,8.622,60.27499999999999,0.0424999999999995,1.0,0.0,1.0,1.0,0.0,1.0,1.0,1.0
2020-05-29 21:25:44,-0.0120000000000004,8.606,8.596,-0.0219999999999984,8.608,60.27499999999999,0.0424999999999995,1.0,0.0,1.0,1.0,0.0,1.0,1.0,1.0
2020-05-29 21:25:53,-0.0120000000000004,8.596,8.582,-0.0219999999999984,8.596,60.175,0.0424999999999995,1.0,0.0,1.0,1.0,0.0,1.0,1.0,1.0
2020-05-29 21:26:03,-0.0120000000000004,8.58,8.568,-0.0199999999999995,8.582,60.14999999999999,0.0424999999999995,1.0,0.0,1.0,1.0,0.0,1.0,1.0,1.0
2020-05-29 21:26:13,-0.0120000000000004,8.566,8.556,-0.0219999999999984,8.568,60.000000000000014,0.0424999999999995,1.0,0.0,1.0,1.0,0.0,1.0,1.0,1.0
2020-05-29 21:26:23,-0.0120000000000004,8.554,8.542,-0.0199999999999995,8.556,59.975,0.0424999999999995,1.0,0.0,1.0,1.0,0.0,1.0,1.0,1.0
2020-05-29 21:26:33,-0.0120000000000004,8.54,8.528,-0.0199999999999995,8.54,60.05,0.0424999999999995,1.0,0.0,1.0,1.0,0.0,1.0,1.0,1.0
2020-05-29 21:26:43,-0.0120000000000004,8.528,8.516,-0.0199999999999995,8.526,59.94999999999999,0.0424999999999995,1.0,0.0,1.0,1.0,0.0,1.0,1.0,1.0
2020-05-29 21:26:53,-0.0120000000000004,8.514,8.502,-0.0199999999999995,8.516,59.775000000000006,0.0424999999999995,1.0,0.0,1.0,1.0,0.0,1.0,1.0,1.0
2020-05-29 21:27:03,-0.0120000000000004,8.5,8.488,-0.0199999999999995,8.5,59.89999999999999,0.0424999999999995,1.0,0.0,1.0,1.0,0.0,1.0,1.0,1.0
2020-05-29 21:27:13,-0.0120000000000004,8.488,8.476,-0.0219999999999984,8.488,59.775000000000006,0.0424999999999995,1.0,0.0,1.0,1.0,0.0,1.0,1.0,1.0
2020-05-29 21:27:23,-0.0120000000000004,8.476,8.462,-0.0219999999999984,8.476,59.67499999999998,0.0424999999999995,1.0,0.0,1.0,1.0,0.0,1.0,1.0,1.0
2020-05-29 21:27:33,-0.0120000000000004,8.46,8.448,-0.0199999999999995,8.46,59.80000000000001,0.0424999999999995,1.0,0.0,1.0,1.0,0.0,1.0,1.0,1.0
2020-05-29 21:27:42,-0.0120000000000004,8.448,8.436,-0.0219999999999984,8.448,59.60000000000001,0.0424999999999995,1.0,0.0,1.0,1.0,0.0,1.0,1.0,1.0
2020-05-29 21:27:52,-0.0120000000000004,8.434,8.424,-0.0219999999999984,8.436,59.575,0.0424999999999995,1.0,0.0,1.0,1.0,0.0,1.0,1.0,1.0
2020-05-29 21:28:02,-0.0120000000000004,8.42,8.41,-0.0199999999999995,8.424,59.375,0.0424999999999995,1.0,0.0,1.0,1.0,0.0,1.0,1.0,1.0
2020-05-29 21:28:12,-0.0139999999999993,8.408,8.398,-0.0199999999999995,8.41,59.375,0.0424999999999995,1.0,0.0,1.0,1.0,0.0,1.0,1.0,1.0
2020-05-29 21:28:22,-0.0120000000000004,8.396,8.384,-0.0199999999999995,8.398,59.400000000000006,0.0424999999999995,1.0,0.0,1.0,1.0,0.0,1.0,1.0,1.0
2020-05-29 21:28:32,-0.0120000000000004,8.384,8.372,-0.0199999999999995,8.386,59.275000000000006,0.0424999999999995,1.0,0.0,1.0,1.0,0.0,1.0,1.0,1.0
2020-05-29 21:28:42,-0.0139999999999993,8.37,8.358,-0.0199999999999995,8.372,59.175,0.0424999999999995,1.0,0.0,1.0,1.0,0.0,1.0,1.0,1.0
2020-05-29 21:28:52,-0.0139999999999993,8.356,8.348,-0.0199999999999995,8.358,59.175,0.0424999999999995,1.0,0.0,1.0,1.0,0.0,1.0,1.0,1.0
2020-05-29 21:29:02,-0.0139999999999993,8.346,8.336,-0.0199999999999995,8.348,59.07500000000002,0.0424999999999995,1.0,0.0,1.0,1.0,0.0,1.0,1.0,1.0
2020-05-29 21:29:12,-0.0120000000000004,8.332,8.32,-0.0219999999999984,8.332,59.07500000000002,0.0424999999999995,1.0,0.0,1.0,1.0,0.0,1.0,1.0,1.0
2020-05-29 21:29:22,-0.0120000000000004,8.32,8.308,-0.0199999999999995,8.32,59.07500000000002,0.0424999999999995,1.0,0.0,1.0,1.0,0.0,1.0,1.0,1.0
2020-05-29 21:29:31,-0.0120000000000004,8.306,8.296,-0.0199999999999995,8.308,59.02499999999999,0.0424999999999995,1.0,0.0,1.0,1.0,0.0,1.0,1.0,1.0
2020-05-29 21:29:41,-0.0120000000000004,8.294,8.282,-0.0199999999999995,8.294,58.975,0.0424999999999995,1.0,0.0,1.0,1.0,0.0,1.0,1.0,1.0
2020-05-29 21:29:51,-0.0120000000000004,8.282,8.27,-0.0199999999999995,8.284,58.89999999999999,0.0424999999999995,1.0,0.0,1.0,1.0,0.0,1.0,1.0,1.0
2020-05-29 21:30:01,-0.0120000000000004,8.27,8.258,-0.0180000000000006,8.27,58.80000000000001,0.0424999999999995,1.0,0.0,1.0,1.0,0.0,1.0,1.0,1.0
2020-05-29 21:30:11,-0.0120000000000004,8.256,8.246,-0.0199999999999995,8.258,58.775000000000006,0.04,1.0,0.0,1.0,1.0,0.0,1.0,1.0,1.0
2020-05-29 21:30:21,-0.0139999999999993,8.244,8.232,-0.0199999999999995,8.246,58.775000000000006,0.0424999999999995,1.0,0.0,1.0,1.0,0.0,1.0,1.0,1.0
2020-05-29 21:30:31,-0.0120000000000004,8.23,8.22,-0.0219999999999984,8.234,58.7,0.0424999999999995,1.0,0.0,1.0,1.0,0.0,1.0,1.0,1.0
2020-05-29 21:30:41,-0.0139999999999993,8.218,8.208,-0.0219999999999984,8.222,58.575,0.0424999999999995,1.0,0.0,1.0,1.0,0.0,1.0,1.0,1.0
2020-05-29 21:30:51,-0.0120000000000004,8.206,8.196,-0.0199999999999995,8.208,58.55,0.0424999999999995,1.0,0.0,1.0,1.0,0.0,1.0,1.0,1.0
2020-05-29 21:31:01,-0.0139999999999993,8.194,8.182,-0.0219999999999984,8.196,58.5,0.0424999999999995,1.0,0.0,1.0,1.0,0.0,1.0,1.0,1.0
2020-05-29 21:31:11,-0.0120000000000004,8.18,8.17,-0.0199999999999995,8.184,58.45,0.0424999999999995,1.0,0.0,1.0,1.0,0.0,1.0,1.0,1.0
2020-05-29 21:31:20,-0.0120000000000004,8.168,8.158,-0.0199999999999995,8.17,58.400000000000006,0.0424999999999995,1.0,0.0,1.0,1.0,0.0,1.0,1.0,1.0
2020-05-29 21:31:30,-0.0120000000000004,8.158,8.146,-0.0199999999999995,8.158,58.375,0.0424999999999995,1.0,0.0,1.0,1.0,0.0,1.0,1.0,1.0
2020-05-29 21:31:40,-0.0139999999999993,8.142,8.134,-0.0199999999999995,8.146,58.3,0.0424999999999995,1.0,0.0,1.0,1.0,0.0,1.0,1.0,1.0
2020-05-29 21:31:50,-0.0139999999999993,8.13,8.122,-0.0219999999999984,8.132,58.275000000000006,0.0424999999999995,1.0,0.0,1.0,1.0,0.0,1.0,1.0,1.0
2020-05-29 21:32:00,-0.0120000000000004,8.118,8.11,-0.0219999999999984,8.122,58.2,0.0424999999999995,1.0,0.0,1.0,1.0,0.0,1.0,1.0,1.0
2020-05-29 21:32:10,-0.0120000000000004,8.106,8.098,-0.0199999999999995,8.108,58.07500000000002,0.04,1.0,0.0,1.0,1.0,0.0,1.0,1.0,1.0
2020-05-29 21:32:20,-0.0120000000000004,8.094,8.084,-0.0219999999999984,8.096,58.07500000000002,0.0424999999999995,1.0,0.0,1.0,1.0,0.0,1.0,1.0,1.0
2020-05-29 21:32:30,-0.0139999999999993,8.082,8.072,-0.0219999999999984,8.084,58.07500000000002,0.0424999999999995,1.0,0.0,1.0,1.0,0.0,1.0,1.0,1.0
2020-05-29 21:32:40,-0.0139999999999993,8.072,8.06,-0.0199999999999995,8.072,58.14999999999999,0.0424999999999995,1.0,0.0,1.0,1.0,0.0,1.0,1.0,1.0
2020-05-29 21:32:50,-0.0139999999999993,8.058,8.05,-0.0199999999999995,8.06,58.05,0.0424999999999995,1.0,0.0,1.0,1.0,0.0,1.0,1.0,1.0
2020-05-29 21:33:00,-0.0139999999999993,8.046,8.036,-0.0199999999999995,8.048,58.0,0.0424999999999995,1.0,0.0,1.0,1.0,0.0,1.0,1.0,1.0
2020-05-29 21:33:09,6.036,8.036,-0.0259999999999998,-0.0199999999999995,8.036,57.89999999999999,5.335000000000001,0.0,1.0,1.0,0.0,0.0,1.0,1.0,1.0
2020-05-29 21:33:19,8.65,8.184,-0.0240000000000009,-0.0219999999999984,8.182,57.94999999999999,5.8675000000000015,0.0,1.0,1.0,0.0,0.0,1.0,1.0,1.0
2020-05-29 21:33:29,8.906,8.45,-0.0199999999999995,-0.0219999999999984,8.448,58.275000000000006,5.8225,0.0,1.0,1.0,0.0,0.0,1.0,1.0,1.0
2020-05-29 21:33:39,9.116,8.678,-0.0159999999999982,-0.0219999999999984,8.678,58.85000000000001,5.8675000000000015,0.0,1.0,1.0,0.0,0.0,1.0,1.0,1.0
2020-05-29 21:33:49,9.194,8.746,-0.0139999999999993,-0.0199999999999995,8.744,59.7,5.91,0.0,1.0,0.0,0.0,0.0,1.0,1.0,1.0
2020-05-29 21:33:59,9.408,8.972,-0.0139999999999993,-0.0199999999999995,8.968,60.72500000000001,6.0625,0.0,1.0,0.0,0.0,0.0,1.0,1.0,1.0
2020-05-29 21:34:09,9.584,9.166,-0.0139999999999993,-0.0199999999999995,9.16,61.575,6.080000000000002,0.0,1.0,0.0,0.0,0.0,1.0,1.0,1.0
2020-05-29 21:34:19,9.752,9.35,-0.0120000000000004,-0.0199999999999995,9.346,62.575,6.1525,0.0,1.0,0.0,0.0,0.0,1.0,1.0,1.0
2020-05-29 21:34:29,9.914,9.526,-0.0120000000000004,-0.0199999999999995,9.524,63.375,6.122499999999999,0.0,1.0,0.0,0.0,0.0,1.0,1.0,1.0
2020-05-29 21:34:39,8.864,9.706,-0.0120000000000004,-0.0219999999999984,9.704,64.525,5.994999999999999,0.0,1.0,1.0,0.0,0.0,0.0,1.0,1.0
2020-05-29 21:34:49,10.136,9.75,-0.009999999999998,-0.0219999999999984,9.746,65.725,6.050000000000001,0.0,1.0,1.0,0.0,0.0,1.0,1.0,1.0
2020-05-29 21:34:58,10.042,9.842,-0.009999999999998,1.0599999999999987,9.838,66.875,6.09,0.0,1.0,1.0,0.0,0.0,1.0,1.0,1.0
2020-05-29 21:35:08,10.088,9.872,-0.0120000000000004,1.056000000000001,9.87,67.825,6.165000000000001,0.0,1.0,1.0,0.0,0.0,1.0,1.0,1.0
2020-05-29 21:35:18,10.126,9.91,-0.0120000000000004,1.0620000000000012,9.908,68.725,6.2425,0.0,1.0,1.0,0.0,0.0,1.0,1.0,1.0
2020-05-29 21:35:28,10.16,9.948,-0.0120000000000004,1.0679999999999996,9.946,69.5,6.1800000000000015,0.0,1.0,1.0,0.0,0.0,1.0,1.0,1.0
2020-05-29 21:35:38,10.198,9.986,-0.0120000000000004,1.0739999999999998,9.982,70.22500000000001,6.145,0.0,1.0,1.0,0.0,0.0,1.0,1.0,1.0
2020-05-29 21:35:48,9.49,9.944,-0.0120000000000004,0.984,9.94,70.625,5.91,0.0,1.0,0.0,0.0,0.0,1.0,1.0,1.0
2020-05-29 21:35:58,10.164,9.954,-0.0120000000000004,1.096,9.952,70.97500000000001,6.0525,0.0,1.0,0.0,0.0,0.0,1.0,1.0,1.0
2020-05-29 21:36:08,10.202,9.996,-0.0120000000000004,1.1020000000000003,9.992,70.9,6.125,0.0,1.0,0.0,0.0,0.0,1.0,1.0,1.0
2020-05-29 21:36:18,10.24,10.038,-0.0120000000000004,1.1099999999999994,10.034,70.95,6.202500000000001,0.0,1.0,0.0,0.0,0.0,1.0,1.0,1.0
2020-05-29 21:36:28,10.274,10.074,-0.009999999999998,1.1159999999999997,10.07,70.85,6.23,0.0,1.0,0.0,0.0,0.0,1.0,1.0,1.0
2020-05-29 21:36:38,9.588,10.11,-0.0120000000000004,1.0380000000000005,10.108,70.95,6.172500000000001,0.0,1.0,1.0,0.0,0.0,0.0,1.0,1.0
2020-05-29 21:36:48,10.424,10.108,-0.009999999999998,0.0560000000000009,10.106,71.125,6.129999999999999,0.0,1.0,1.0,0.0,0.0,1.0,1.0,1.0
2020-05-29 21:36:57,-0.0259999999999998,10.13,10.134,-0.0219999999999984,10.128,71.22500000000001,3.815,1.0,0.0,1.0,1.0,0.0,1.0,1.0,1.0
2020-05-29 21:37:07,-0.0240000000000009,10.104,10.104,-0.0219999999999984,10.1,71.05,3.8375,1.0,0.0,1.0,1.0,0.0,1.0,1.0,1.0
2020-05-29 21:37:17,-0.0199999999999995,10.074,10.072,-0.0219999999999984,10.072,70.75,3.86,1.0,0.0,1.0,1.0,0.0,1.0,1.0,1.0
2020-05-29 21:37:27,-0.0199999999999995,10.052,10.046,-0.0219999999999984,10.05,70.6,3.8225,1.0,0.0,1.0,1.0,0.0,1.0,1.0,1.0
2020-05-29 21:37:37,-0.0180000000000006,10.03,10.022,-0.0219999999999984,10.028,70.52499999999999,3.789999999999999,1.0,0.0,1.0,1.0,0.0,1.0,1.0,1.0
2020-05-29 21:37:47,-0.0159999999999982,10.008,9.998,-0.0219999999999984,10.004,70.52499999999999,3.7575,1.0,0.0,1.0,1.0,0.0,1.0,1.0,1.0
2020-05-29 21:37:57,-0.0159999999999982,9.986,9.976,-0.0219999999999984,9.984,70.44999999999999,3.7575,1.0,0.0,1.0,1.0,0.0,1.0,1.0,1.0
2020-05-29 21:38:07,-0.0139999999999993,9.964,9.954,-0.0199999999999995,9.964,70.35,3.7925,1.0,0.0,1.0,1.0,0.0,1.0,1.0,1.0
2020-05-29 21:38:17,-0.0139999999999993,9.944,9.936,-0.0219999999999984,9.944,70.10000000000001,3.789999999999999,1.0,0.0,1.0,1.0,0.0,1.0,1.0,1.0
2020-05-29 21:38:27,-0.0120000000000004,9.924,9.914,-0.0219999999999984,9.924,69.75,3.834999999999999,1.0,0.0,1.0,1.0,0.0,1.0,1.0,1.0
2020-05-29 21:38:37,-0.0139999999999993,9.906,9.894,-0.0219999999999984,9.906,69.6,3.827500000000001,1.0,0.0,1.0,1.0,0.0,1.0,1.0,1.0
2020-05-29 21:38:46,-0.0120000000000004,9.886,9.876,-0.0199999999999995,9.888,69.12499999999999,3.789999999999999,1.0,0.0,1.0,1.0,0.0,1.0,1.0,1.0
2020-05-29 21:38:56,-0.0120000000000004,9.87,9.858,-0.0219999999999984,9.868,69.025,3.747500000000001,1.0,0.0,1.0,1.0,0.0,1.0,1.0,1.0
2020-05-29 21:39:06,-0.0120000000000004,9.85,9.838,-0.0219999999999984,9.85,68.825,3.75,1.0,0.0,1.0,1.0,0.0,1.0,1.0,1.0
2020-05-29 21:39:16,-0.0120000000000004,9.834,9.818,-0.0219999999999984,9.832,68.725,3.789999999999999,1.0,0.0,1.0,1.0,0.0,1.0,1.0,1.0
2020-05-29 21:39:26,-0.0120000000000004,9.816,9.804,-0.0219999999999984,9.818,68.45000000000002,3.8375,1.0,0.0,1.0,1.0,0.0,1.0,1.0,1.0
2020-05-29 21:39:36,-0.0120000000000004,9.798,9.786,-0.0219999999999984,9.798,68.12499999999999,3.8225,1.0,0.0,1.0,1.0,0.0,1.0,1.0,1.0
2020-05-29 21:39:46,-0.009999999999998,9.78,9.768,-0.0219999999999984,9.78,67.725,3.8025,1.0,0.0,1.0,1.0,0.0,1.0,1.0,1.0
2020-05-29 21:39:56,-0.009999999999998,9.764,9.752,-0.0219999999999984,9.764,67.52499999999999,3.764999999999999,1.0,0.0,1.0,1.0,0.0,1.0,1.0,1.0
2020-05-29 21:40:06,-0.009999999999998,9.746,9.734,-0.0199999999999995,9.748,67.32499999999999,3.7525,1.0,0.0,1.0,1.0,0.0,1.0,1.0,1.0
2020-05-29 21:40:16,-0.009999999999998,9.73,9.718,-0.0219999999999984,9.732,67.25000000000001,3.78,1.0,0.0,1.0,1.0,0.0,1.0,1.0,1.0
2020-05-29 21:40:26,-0.0120000000000004,9.716,9.704,-0.0199999999999995,9.716,67.025,3.807500000000001,1.0,0.0,1.0,1.0,0.0,1.0,1.0,1.0
2020-05-29 21:40:35,-0.009999999999998,9.698,9.686,-0.0199999999999995,9.698,67.05000000000001,3.844999999999999,1.0,0.0,1.0,1.0,0.0,1.0,1.0,1.0
2020-05-29 21:40:45,-0.009999999999998,9.682,9.668,-0.0199999999999995,9.682,66.97500000000001,3.8025,1.0,0.0,1.0,1.0,0.0,1.0,1.0,1.0
2020-05-29 21:40:55,-0.009999999999998,9.668,9.652,-0.0219999999999984,9.668,66.85000000000001,3.7624999999999993,1.0,0.0,1.0,1.0,0.0,1.0,1.0,1.0
2020-05-29 21:41:05,-0.009999999999998,9.652,9.638,-0.0199999999999995,9.652,66.85000000000001,3.7375000000000007,1.0,0.0,1.0,1.0,0.0,1.0,1.0,1.0
2020-05-29 21:41:15,-0.0120000000000004,9.634,9.62,-0.0219999999999984,9.632,66.85000000000001,3.7525,1.0,0.0,1.0,1.0,0.0,1.0,1.0,1.0
2020-05-29 21:41:25,-0.0120000000000004,9.618,9.604,-0.0219999999999984,9.618,66.92499999999998,3.7624999999999993,1.0,0.0,1.0,1.0,0.0,1.0,1.0,1.0
2020-05-29 21:41:35,-0.009999999999998,9.604,9.59,-0.0199999999999995,9.604,66.95,3.785,1.0,0.0,1.0,1.0,0.0,1.0,1.0,1.0
2020-05-29 21:41:45,-0.009999999999998,9.586,9.572,-0.0199999999999995,9.588,67.0,3.817500000000001,1.0,0.0,1.0,1.0,0.0,1.0,1.0,1.0
2020-05-29 21:41:55,-0.009999999999998,9.57,9.558,-0.0199999999999995,9.572,66.97500000000001,3.7875,1.0,0.0,1.0,1.0,0.0,1.0,1.0,1.0
2020-05-29 21:42:05,-0.009999999999998,9.556,9.542,-0.0199999999999995,9.556,67.05000000000001,3.7575,1.0,0.0,1.0,1.0,0.0,1.0,1.0,1.0
2020-05-29 21:42:15,-0.0120000000000004,9.538,9.526,-0.0219999999999984,9.538,67.05000000000001,3.745000000000001,1.0,0.0,1.0,1.0,0.0,1.0,1.0,1.0
2020-05-29 21:42:24,-0.009999999999998,9.524,9.51,-0.0199999999999995,9.524,66.95,3.7525,1.0,0.0,1.0,1.0,0.0,1.0,1.0,1.0
2020-05-29 21:42:34,-0.009999999999998,9.51,9.498,-0.0199999999999995,9.51,67.05000000000001,3.77,1.0,0.0,1.0,1.0,0.0,1.0,1.0,1.0
2020-05-29 21:42:44,-0.0120000000000004,9.494,9.482,-0.0199999999999995,9.494,67.12499999999999,3.8249999999999993,1.0,0.0,1.0,1.0,0.0,1.0,1.0,1.0
2020-05-29 21:42:54,-0.009999999999998,9.478,9.466,-0.0199999999999995,9.478,67.025,3.8375,1.0,0.0,1.0,1.0,0.0,1.0,1.0,1.0
2020-05-29 21:43:04,-0.009999999999998,9.464,9.452,-0.0199999999999995,9.464,67.025,3.810000000000001,1.0,0.0,1.0,1.0,0.0,1.0,1.0,1.0
2020-05-29 21:43:14,-0.0120000000000004,9.448,9.436,-0.0199999999999995,9.448,67.10000000000001,3.7775,1.0,0.0,1.0,1.0,0.0,1.0,1.0,1.0
2020-05-29 21:43:24,-0.009999999999998,9.43,9.42,-0.0199999999999995,9.432,67.10000000000001,3.7325,1.0,0.0,1.0,1.0,0.0,1.0,1.0,1.0
2020-05-29 21:43:34,-0.0120000000000004,9.416,9.406,-0.0199999999999995,9.416,67.0,3.73,1.0,0.0,1.0,1.0,0.0,1.0,1.0,1.0
2020-05-29 21:43:44,-0.009999999999998,9.402,9.39,-0.0199999999999995,9.4,67.025,0.0499999999999998,1.0,0.0,1.0,1.0,0.0,1.0,1.0,1.0
2020-05-29 21:43:54,-0.009999999999998,9.384,9.374,-0.0199999999999995,9.384,67.05000000000001,0.0449999999999999,1.0,0.0,1.0,1.0,0.0,1.0,1.0,1.0
2020-05-29 21:44:04,-0.009999999999998,9.37,9.358,-0.0219999999999984,9.368,67.0,0.0449999999999999,1.0,0.0,1.0,1.0,0.0,1.0,1.0,1.0
2020-05-29 21:44:13,-0.0120000000000004,9.354,9.342,-0.0199999999999995,9.356,66.65,0.0449999999999999,1.0,0.0,1.0,1.0,0.0,1.0,1.0,1.0
2020-05-29 21:44:23,-0.009999999999998,9.34,9.326,-0.0199999999999995,9.34,66.32499999999999,0.0449999999999999,1.0,0.0,1.0,1.0,0.0,1.0,1.0,1.0
2020-05-29 21:44:33,-0.0120000000000004,9.322,9.31,-0.0199999999999995,9.324,66.025,0.0449999999999999,1.0,0.0,1.0,1.0,0.0,1.0,1.0,1.0
2020-05-29 21:44:43,-0.0120000000000004,9.31,9.294,-0.0199999999999995,9.31,65.65,0.0449999999999999,1.0,0.0,1.0,1.0,0.0,1.0,1.0,1.0
2020-05-29 21:44:53,-0.0120000000000004,9.294,9.28,-0.0199999999999995,9.294,65.14999999999999,0.0449999999999999,1.0,0.0,1.0,1.0,0.0,1.0,1.0,1.0
2020-05-29 21:45:03,-0.0120000000000004,9.278,9.264,-0.0199999999999995,9.278,64.97500000000001,0.0449999999999999,1.0,0.0,1.0,1.0,0.0,1.0,1.0,1.0
2020-05-29 21:45:13,-0.009999999999998,9.262,9.25,-0.0199999999999995,9.264,64.65,0.0449999999999999,1.0,0.0,1.0,1.0,0.0,1.0,1.0,1.0
2020-05-29 21:45:23,-0.0120000000000004,9.246,9.234,-0.0219999999999984,9.248,64.35,0.0424999999999995,1.0,0.0,1.0,1.0,0.0,1.0,1.0,1.0
2020-05-29 21:45:33,-0.0120000000000004,9.232,9.218,-0.0199999999999995,9.232,64.14999999999999,0.0449999999999999,1.0,0.0,1.0,1.0,0.0,1.0,1.0,1.0
2020-05-29 21:45:43,-0.0120000000000004,9.216,9.202,-0.0199999999999995,9.218,63.99999999999999,0.0424999999999995,1.0,0.0,1.0,1.0,0.0,1.0,1.0,1.0
2020-05-29 21:45:53,-0.0120000000000004,9.202,9.188,-0.0199999999999995,9.204,63.75,0.0424999999999995,1.0,0.0,1.0,1.0,0.0,1.0,1.0,1.0
2020-05-29 21:46:02,-0.009999999999998,9.188,9.172,-0.0199999999999995,9.188,63.575,0.0424999999999995,1.0,0.0,1.0,1.0,0.0,1.0,1.0,1.0
2020-05-29 21:46:12,-0.0120000000000004,9.17,9.158,-0.0199999999999995,9.172,63.425,0.0424999999999995,1.0,0.0,1.0,1.0,0.0,1.0,1.0,1.0
2020-05-29 21:46:22,-0.0120000000000004,9.156,9.144,-0.0199999999999995,9.156,63.25,0.0424999999999995,1.0,0.0,1.0,1.0,0.0,1.0,1.0,1.0
2020-05-29 21:46:32,-0.0120000000000004,9.142,9.128,-0.0219999999999984,9.144,63.25,0.0424999999999995,1.0,0.0,1.0,1.0,0.0,1.0,1.0,1.0
2020-05-29 21:46:42,-0.0120000000000004,9.126,9.114,-0.0199999999999995,9.128,63.05000000000001,0.0424999999999995,1.0,0.0,1.0,1.0,0.0,1.0,1.0,1.0
2020-05-29 21:46:52,-0.0120000000000004,9.112,9.098,-0.0199999999999995,9.112,62.85000000000001,0.0424999999999995,1.0,0.0,1.0,1.0,0.0,1.0,1.0,1.0
2020-05-29 21:47:02,-0.0120000000000004,9.096,9.084,-0.0199999999999995,9.096,62.775000000000006,0.0424999999999995,1.0,0.0,1.0,1.0,0.0,1.0,1.0,1.0
2020-05-29 21:47:12,-0.0120000000000004,9.082,9.068,-0.0199999999999995,9.082,62.775000000000006,0.0424999999999995,1.0,0.0,1.0,1.0,0.0,1.0,1.0,1.0
2020-05-29 21:47:22,-0.0120000000000004,9.068,9.054,-0.0199999999999995,9.068,62.6,0.0424999999999995,1.0,0.0,1.0,1.0,0.0,1.0,1.0,1.0
2020-05-29 21:47:32,-0.0120000000000004,9.054,9.038,-0.0219999999999984,9.054,62.45,0.0424999999999995,1.0,0.0,1.0,1.0,0.0,1.0,1.0,1.0
2020-05-29 21:47:42,-0.009999999999998,9.038,9.024,-0.0180000000000006,9.038,62.45,0.0424999999999995,1.0,0.0,1.0,1.0,0.0,1.0,1.0,1.0
2020-05-29 21:47:51,-0.0120000000000004,9.022,9.008,-0.0219999999999984,9.022,62.35,0.0424999999999995,1.0,0.0,1.0,1.0,0.0,1.0,1.0,1.0
2020-05-29 21:48:01,-0.0120000000000004,9.008,8.994,-0.0199999999999995,9.008,62.25,0.0424999999999995,1.0,0.0,1.0,1.0,0.0,1.0,1.0,1.0
2020-05-29 21:48:11,-0.0120000000000004,8.996,8.98,-0.0199999999999995,8.996,62.14999999999999,0.0424999999999995,1.0,0.0,1.0,1.0,0.0,1.0,1.0,1.0
2020-05-29 21:48:21,-0.0120000000000004,8.978,8.964,-0.0199999999999995,8.978,61.97500000000001,0.0424999999999995,1.0,0.0,1.0,1.0,0.0,1.0,1.0,1.0
2020-05-29 21:48:31,-0.0120000000000004,8.964,8.95,-0.0199999999999995,8.966,62.000000000000014,0.0424999999999995,1.0,0.0,1.0,1.0,0.0,1.0,1.0,1.0
2020-05-29 21:48:41,-0.0120000000000004,8.948,8.938,-0.0199999999999995,8.95,62.000000000000014,0.0424999999999995,1.0,0.0,1.0,1.0,0.0,1.0,1.0,1.0
2020-05-29 21:48:51,-0.0120000000000004,8.936,8.924,-0.0199999999999995,8.936,61.87499999999999,0.0424999999999995,1.0,0.0,1.0,1.0,0.0,1.0,1.0,1.0
2020-05-29 21:49:01,-0.0120000000000004,8.92,8.908,-0.0219999999999984,8.922,61.80000000000001,0.0424999999999995,1.0,0.0,1.0,1.0,0.0,1.0,1.0,1.0
2020-05-29 21:49:11,-0.0120000000000004,8.906,8.894,-0.0199999999999995,8.908,61.72500000000001,0.0424999999999995,1.0,0.0,1.0,1.0,0.0,1.0,1.0,1.0
2020-05-29 21:49:21,-0.0120000000000004,8.892,8.88,-0.0199999999999995,8.892,61.625,0.0424999999999995,1.0,0.0,1.0,1.0,0.0,1.0,1.0,1.0
2020-05-29 21:49:31,-0.0120000000000004,8.88,8.866,-0.0180000000000006,8.88,61.525000000000006,0.0424999999999995,1.0,0.0,1.0,1.0,0.0,1.0,1.0,1.0
2020-05-29 21:49:40,-0.0120000000000004,8.864,8.852,-0.0199999999999995,8.864,61.475,0.0424999999999995,1.0,0.0,1.0,1.0,0.0,1.0,1.0,1.0
2020-05-29 21:49:50,-0.0120000000000004,8.85,8.84,-0.0199999999999995,8.85,61.45,0.0424999999999995,1.0,0.0,1.0,1.0,0.0,1.0,1.0,1.0
2020-05-29 21:50:00,-0.0120000000000004,8.836,8.822,-0.0199999999999995,8.836,61.375,0.0424999999999995,1.0,0.0,1.0,1.0,0.0,1.0,1.0,1.0
2020-05-29 21:50:10,-0.0120000000000004,8.82,8.808,-0.0199999999999995,8.822,61.20000000000002,0.0424999999999995,1.0,0.0,1.0,1.0,0.0,1.0,1.0,1.0
2020-05-29 21:50:20,-0.0120000000000004,8.808,8.796,-0.0199999999999995,8.81,61.20000000000002,0.0424999999999995,1.0,0.0,1.0,1.0,0.0,1.0,1.0,1.0
2020-05-29 21:50:30,-0.0120000000000004,8.794,8.782,-0.0199999999999995,8.796,61.125,0.0424999999999995,1.0,0.0,1.0,1.0,0.0,1.0,1.0,1.0
2020-05-29 21:50:40,-0.0120000000000004,8.778,8.766,-0.0199999999999995,8.78,61.05000000000001,0.0424999999999995,1.0,0.0,1.0,1.0,0.0,1.0,1.0,1.0
2020-05-29 21:50:50,-0.0120000000000004,8.764,8.754,-0.0199999999999995,8.766,60.975,0.0449999999999999,1.0,0.0,1.0,1.0,0.0,1.0,1.0,1.0
2020-05-29 21:51:00,-0.0120000000000004,8.752,8.738,-0.0219999999999984,8.752,60.975,0.0424999999999995,1.0,0.0,1.0,1.0,0.0,1.0,1.0,1.0
2020-05-29 21:51:10,-0.0120000000000004,8.738,8.726,-0.0219999999999984,8.738,60.85000000000001,0.0424999999999995,1.0,0.0,1.0,1.0,0.0,1.0,1.0,1.0
2020-05-29 21:51:20,-0.0120000000000004,8.724,8.71,-0.0199999999999995,8.724,60.75,0.04,1.0,0.0,1.0,1.0,0.0,1.0,1.0,1.0
2020-05-29 21:51:29,-0.0120000000000004,8.71,8.698,-0.0199999999999995,8.71,60.67499999999998,0.0424999999999995,1.0,0.0,1.0,1.0,0.0,1.0,1.0,1.0
2020-05-29 21:51:39,-0.0120000000000004,8.696,8.684,-0.0219999999999984,8.698,60.80000000000001,0.0424999999999995,1.0,0.0,1.0,1.0,0.0,1.0,1.0,1.0
2020-05-29 21:51:49,-0.0120000000000004,8.682,8.67,-0.0219999999999984,8.684,60.60000000000001,0.0424999999999995,1.0,0.0,1.0,1.0,0.0,1.0,1.0,1.0
2020-05-29 21:51:59,-0.0120000000000004,8.668,8.656,-0.0199999999999995,8.67,60.5,0.0424999999999995,1.0,0.0,1.0,1.0,0.0,1.0,1.0,1.0
2020-05-29 21:52:09,-0.0120000000000004,8.656,8.644,-0.0219999999999984,8.656,60.5,0.0424999999999995,1.0,0.0,1.0,1.0,0.0,1.0,1.0,1.0
2020-05-29 21:52:19,-0.0120000000000004,8.642,8.63,-0.0199999999999995,8.642,60.425,0.0424999999999995,1.0,0.0,1.0,1.0,0.0,1.0,1.0,1.0
2020-05-29 21:52:29,-0.0120000000000004,8.628,8.614,-0.0219999999999984,8.63,60.425,0.0424999999999995,1.0,0.0,1.0,1.0,0.0,1.0,1.0,1.0
2020-05-29 21:52:39,-0.0120000000000004,8.614,8.602,-0.0219999999999984,8.614,60.375,0.0424999999999995,1.0,0.0,1.0,1.0,0.0,1.0,1.0,1.0
2020-05-29 21:52:49,-0.0139999999999993,8.598,8.588,-0.0199999999999995,8.602,60.25,0.0424999999999995,1.0,0.0,1.0,1.0,0.0,1.0,1.0,1.0
2020-05-29 21:52:59,-0.0120000000000004,8.586,8.576,-0.0219999999999984,8.588,60.14999999999999,0.0424999999999995,1.0,0.0,1.0,1.0,0.0,1.0,1.0,1.0
2020-05-29 21:53:09,-0.0120000000000004,8.574,8.564,-0.0199999999999995,8.576,60.07499999999999,0.0424999999999995,1.0,0.0,1.0,1.0,0.0,1.0,1.0,1.0
2020-05-29 21:53:19,-0.0139999999999993,8.558,8.548,-0.0199999999999995,8.56,60.1,0.0424999999999995,1.0,0.0,1.0,1.0,0.0,1.0,1.0,1.0
2020-05-29 21:53:28,-0.0120000000000004,8.546,8.536,-0.0199999999999995,8.548,59.975,0.0424999999999995,1.0,0.0,1.0,1.0,0.0,1.0,1.0,1.0
2020-05-29 21:53:38,-0.0139999999999993,8.534,8.522,-0.0199999999999995,8.534,59.94999999999999,0.0424999999999995,1.0,0.0,1.0,1.0,0.0,1.0,1.0,1.0
2020-05-29 21:53:48,-0.0120000000000004,8.52,8.508,-0.0199999999999995,8.522,59.87499999999999,0.0424999999999995,1.0,0.0,1.0,1.0,0.0,1.0,1.0,1.0
2020-05-29 21:53:58,-0.0120000000000004,8.508,8.496,-0.0199999999999995,8.508,59.87499999999999,0.0424999999999995,1.0,0.0,1.0,1.0,0.0,1.0,1.0,1.0
2020-05-29 21:54:08,-0.0120000000000004,8.494,8.482,-0.0199999999999995,8.496,59.87499999999999,0.0424999999999995,1.0,0.0,1.0,1.0,0.0,1.0,1.0,1.0
2020-05-29 21:54:18,-0.0139999999999993,8.48,8.47,-0.0199999999999995,8.484,59.74999999999999,0.0424999999999995,1.0,0.0,1.0,1.0,0.0,1.0,1.0,1.0
2020-05-29 21:54:28,-0.0120000000000004,8.468,8.458,-0.0180000000000006,8.468,59.60000000000001,0.0424999999999995,1.0,0.0,1.0,1.0,0.0,1.0,1.0,1.0
2020-05-29 21:54:38,-0.0120000000000004,8.454,8.444,-0.0199999999999995,8.456,59.625,0.0424999999999995,1.0,0.0,1.0,1.0,0.0,1.0,1.0,1.0
2020-05-29 21:54:48,-0.0120000000000004,8.442,8.43,-0.0199999999999995,8.442,59.575,0.0424999999999995,1.0,0.0,1.0,1.0,0.0,1.0,1.0,1.0
2020-05-29 21:54:58,-0.0120000000000004,8.428,8.418,-0.0199999999999995,8.43,59.525000000000006,0.0424999999999995,1.0,0.0,1.0,1.0,0.0,1.0,1.0,1.0
2020-05-29 21:55:08,-0.0120000000000004,8.416,8.404,-0.0199999999999995,8.416,59.475,0.0424999999999995,1.0,0.0,1.0,1.0,0.0,1.0,1.0,1.0
2020-05-29 21:55:17,-0.0139999999999993,8.404,8.392,-0.0199999999999995,8.406,59.375,0.0424999999999995,1.0,0.0,1.0,1.0,0.0,1.0,1.0,1.0
2020-05-29 21:55:27,-0.0120000000000004,8.39,8.378,-0.0199999999999995,8.39,59.35,0.0424999999999995,1.0,0.0,1.0,1.0,0.0,1.0,1.0,1.0
2020-05-29 21:55:37,-0.0120000000000004,8.378,8.366,-0.0219999999999984,8.378,59.35,0.0424999999999995,1.0,0.0,1.0,1.0,0.0,1.0,1.0,1.0
2020-05-29 21:55:47,-0.0120000000000004,8.364,8.354,-0.0199999999999995,8.366,59.14999999999999,0.0424999999999995,1.0,0.0,1.0,1.0,0.0,1.0,1.0,1.0
2020-05-29 21:55:57,-0.0139999999999993,8.352,8.342,-0.0199999999999995,8.354,59.2,0.0424999999999995,1.0,0.0,1.0,1.0,0.0,1.0,1.0,1.0
2020-05-29 21:56:07,-0.0120000000000004,8.338,8.328,-0.0219999999999984,8.34,59.275000000000006,0.0424999999999995,1.0,0.0,1.0,1.0,0.0,1.0,1.0,1.0
2020-05-29 21:56:17,-0.0120000000000004,8.324,8.314,-0.0199999999999995,8.328,59.14999999999999,0.0424999999999995,1.0,0.0,1.0,1.0,0.0,1.0,1.0,1.0
2020-05-29 21:56:27,-0.0139999999999993,8.316,8.302,-0.0199999999999995,8.314,59.175,0.0424999999999995,1.0,0.0,1.0,1.0,0.0,1.0,1.0,1.0
2020-05-29 21:56:37,-0.0120000000000004,8.302,8.29,-0.0199999999999995,8.302,59.07500000000002,0.0424999999999995,1.0,0.0,1.0,1.0,0.0,1.0,1.0,1.0
2020-05-29 21:56:47,-0.0120000000000004,8.288,8.278,-0.0199999999999995,8.288,59.07500000000002,0.0424999999999995,1.0,0.0,1.0,1.0,0.0,1.0,1.0,1.0
2020-05-29 21:56:57,-0.0120000000000004,8.276,8.264,-0.0199999999999995,8.278,58.875000000000014,0.0424999999999995,1.0,0.0,1.0,1.0,0.0,1.0,1.0,1.0
2020-05-29 21:57:06,-0.0139999999999993,8.262,8.252,-0.0199999999999995,8.264,58.875000000000014,0.0424999999999995,1.0,0.0,1.0,1.0,0.0,1.0,1.0,1.0
2020-05-29 21:57:16,-0.0120000000000004,8.248,8.24,-0.0219999999999984,8.25,58.94999999999999,0.0424999999999995,1.0,0.0,1.0,1.0,0.0,1.0,1.0,1.0
2020-05-29 21:57:26,-0.0139999999999993,8.238,8.228,-0.0219999999999984,8.24,58.80000000000001,0.0424999999999995,1.0,0.0,1.0,1.0,0.0,1.0,1.0,1.0
2020-05-29 21:57:36,-0.0139999999999993,8.226,8.214,-0.0219999999999984,8.226,58.82499999999999,0.0424999999999995,1.0,0.0,1.0,1.0,0.0,1.0,1.0,1.0
2020-05-29 21:57:46,-0.0120000000000004,8.214,8.202,-0.0199999999999995,8.214,58.74999999999999,0.0424999999999995,1.0,0.0,1.0,1.0,0.0,1.0,1.0,1.0
2020-05-29 21:57:56,-0.0139999999999993,8.2,8.19,-0.0199999999999995,8.2,58.575,0.0424999999999995,1.0,0.0,1.0,1.0,0.0,1.0,1.0,1.0
2020-05-29 21:58:06,-0.0120000000000004,8.188,8.178,-0.0180000000000006,8.19,58.67500000000001,0.0424999999999995,1.0,0.0,1.0,1.0,0.0,1.0,1.0,1.0
2020-05-29 21:58:16,-0.0139999999999993,8.176,8.166,-0.0199999999999995,8.176,58.650000000000006,0.0424999999999995,1.0,0.0,1.0,1.0,0.0,1.0,1.0,1.0
2020-05-29 21:58:26,-0.0120000000000004,8.164,8.152,-0.0199999999999995,8.166,58.60000000000001,0.0424999999999995,1.0,0.0,1.0,1.0,0.0,1.0,1.0,1.0
2020-05-29 21:58:36,-0.0120000000000004,8.148,8.14,-0.0199999999999995,8.152,58.55,0.0424999999999995,1.0,0.0,1.0,1.0,0.0,1.0,1.0,1.0
2020-05-29 21:58:46,-0.0139999999999993,8.138,8.128,-0.0219999999999984,8.138,58.5,0.0424999999999995,1.0,0.0,1.0,1.0,0.0,1.0,1.0,1.0
2020-05-29 21:58:55,-0.0120000000000004,8.126,8.116,-0.0219999999999984,8.126,58.375,0.0424999999999995,1.0,0.0,1.0,1.0,0.0,1.0,1.0,1.0
2020-05-29 21:59:05,-0.0139999999999993,8.114,8.102,-0.0199999999999995,8.116,58.3,0.0424999999999995,1.0,0.0,1.0,1.0,0.0,1.0,1.0,1.0
2020-05-29 21:59:15,-0.0120000000000004,8.1,8.092,-0.0199999999999995,8.104,58.400000000000006,0.0424999999999995,1.0,0.0,1.0,1.0,0.0,1.0,1.0,1.0
2020-05-29 21:59:25,-0.0120000000000004,8.088,8.078,-0.0199999999999995,8.09,58.275000000000006,0.0424999999999995,1.0,0.0,1.0,1.0,0.0,1.0,1.0,1.0
2020-05-29 21:59:35,-0.0139999999999993,8.076,8.068,-0.0219999999999984,8.078,58.1,0.0424999999999995,1.0,0.0,1.0,1.0,0.0,1.0,1.0,1.0
2020-05-29 21:59:45,-0.0139999999999993,8.066,8.056,-0.0199999999999995,8.068,58.125,0.0424999999999995,1.0,0.0,1.0,1.0,0.0,1.0,1.0,1.0
2020-05-29 21:59:55,-0.0139999999999993,8.052,8.042,-0.0219999999999984,8.054,58.2,0.0424999999999995,1.0,0.0,1.0,1.0,0.0,1.0,1.0,1.0
2020-05-29 22:00:05,5.766,8.04,-0.0259999999999998,-0.0199999999999995,8.042,58.0,5.172499999999999,0.0,1.0,1.0,0.0,0.0,1.0,1.0,1.0
2020-05-29 22:00:15,8.648,8.18,-0.0219999999999984,-0.0199999999999995,8.178,58.05,5.7575,0.0,1.0,1.0,0.0,0.0,1.0,1.0,1.0
2020-05-29 22:00:25,8.88,8.426,-0.0199999999999995,-0.0199999999999995,8.422,58.375,5.805,0.0,1.0,1.0,0.0,0.0,1.0,1.0,1.0
2020-05-29 22:00:35,9.112,8.674,-0.0159999999999982,-0.0199999999999995,8.67,58.975,5.945,0.0,1.0,1.0,0.0,0.0,1.0,1.0,1.0
2020-05-29 22:00:44,6.942,8.842,-0.0139999999999993,-0.0199999999999995,8.84,59.67499999999998,5.48,0.0,1.0,0.0,0.0,0.0,1.0,1.0,1.0
2020-05-29 22:00:54,9.382,8.946,-0.0139999999999993,-0.0199999999999995,8.942,60.55,6.055,0.0,1.0,0.0,0.0,0.0,1.0,1.0,1.0
2020-05-29 22:01:04,9.584,9.16,-0.0120000000000004,-0.0199999999999995,9.154,61.775000000000006,6.0425,0.0,1.0,0.0,0.0,0.0,1.0,1.0,1.0
2020-05-29 22:01:14,9.75,9.342,-0.009999999999998,-0.0219999999999984,9.336,62.575,6.007499999999999,0.0,1.0,0.0,0.0,0.0,1.0,1.0,1.0
2020-05-29 22:01:24,9.91,9.52,-0.009999999999998,-0.0199999999999995,9.514,63.625,6.022499999999999,0.0,1.0,0.0,0.0,0.0,1.0,1.0,1.0
2020-05-29 22:01:34,10.062,9.688,-0.009999999999998,-0.0219999999999984,9.682,64.575,6.057500000000001,0.0,1.0,0.0,0.0,0.0,1.0,1.0,1.0
2020-05-29 22:01:44,8.318,9.814,-0.009999999999998,-0.0199999999999995,9.81,65.75,5.705,0.0,1.0,1.0,0.0,0.0,1.0,1.0,1.0
2020-05-29 22:01:54,10.28,9.9,-0.0079999999999991,-0.0199999999999995,9.898,67.15,6.23,0.0,1.0,1.0,0.0,0.0,1.0,1.0,1.0
2020-05-29 22:02:04,10.44,10.064,-0.0079999999999991,-0.0219999999999984,10.06,68.15,6.3125,0.0,1.0,1.0,0.0,0.0,1.0,1.0,1.0
2020-05-29 22:02:14,-0.0259999999999998,10.116,10.118,-0.0199999999999995,10.114,69.04999999999998,3.8375,1.0,0.0,1.0,1.0,0.0,1.0,1.0,1.0
2020-05-29 22:02:24,-0.0240000000000009,10.068,10.068,-0.0199999999999995,10.066,69.85,3.789999999999999,1.0,0.0,1.0,1.0,0.0,1.0,1.0,1.0
2020-05-29 22:02:33,-0.0219999999999984,10.028,10.026,-0.0219999999999984,10.026,70.15,3.76,1.0,0.0,1.0,1.0,0.0,1.0,1.0,1.0
2020-05-29 22:02:43,-0.0199999999999995,9.99,9.986,-0.0199999999999995,9.988,70.42500000000001,3.782499999999999,1.0,0.0,1.0,1.0,0.0,1.0,1.0,1.0
2020-05-29 22:02:53,-0.0199999999999995,9.96,9.954,-0.0219999999999984,9.956,70.475,3.789999999999999,1.0,0.0,1.0,1.0,0.0,1.0,1.0,1.0
2020-05-29 22:03:03,-0.0159999999999982,9.932,9.924,-0.0199999999999995,9.93,70.44999999999999,3.8425,1.0,0.0,1.0,1.0,0.0,1.0,1.0,1.0
2020-05-29 22:03:13,-0.0159999999999982,9.906,9.896,-0.0219999999999984,9.904,70.475,3.86,1.0,0.0,1.0,1.0,0.0,1.0,1.0,1.0
2020-05-29 22:03:23,-0.0139999999999993,9.88,9.872,-0.0199999999999995,9.88,70.025,3.852499999999999,1.0,0.0,1.0,1.0,0.0,1.0,1.0,1.0
2020-05-29 22:03:33,-0.0139999999999993,9.858,9.848,-0.0199999999999995,9.858,69.825,3.84,1.0,0.0,1.0,1.0,0.0,1.0,1.0,1.0
2020-05-29 22:03:43,-0.0139999999999993,9.838,9.826,-0.0219999999999984,9.838,69.39999999999999,3.789999999999999,1.0,0.0,1.0,1.0,0.0,1.0,1.0,1.0
2020-05-29 22:03:53,-0.0139999999999993,9.816,9.804,-0.0199999999999995,9.814,69.17500000000001,3.754999999999999,1.0,0.0,1.0,1.0,0.0,1.0,1.0,1.0
2020-05-29 22:04:03,-0.0120000000000004,9.798,9.786,-0.0199999999999995,9.796,68.85,3.7250000000000014,1.0,0.0,1.0,1.0,0.0,1.0,1.0,1.0
2020-05-29 22:04:13,-0.0120000000000004,9.778,9.766,-0.0219999999999984,9.776,68.625,3.7575,1.0,0.0,1.0,1.0,0.0,1.0,1.0,1.0
2020-05-29 22:04:22,-0.0120000000000004,9.76,9.748,-0.0199999999999995,9.758,68.45000000000002,3.8125,1.0,0.0,1.0,1.0,0.0,1.0,1.0,1.0
2020-05-29 22:04:32,-0.0120000000000004,9.74,9.726,-0.0219999999999984,9.738,68.32499999999999,3.807500000000001,1.0,0.0,1.0,1.0,0.0,1.0,1.0,1.0
2020-05-29 22:04:42,-0.0120000000000004,9.722,9.71,-0.0199999999999995,9.72,68.05000000000001,3.789999999999999,1.0,0.0,1.0,1.0,0.0,1.0,1.0,1.0
2020-05-29 22:04:52,-0.0120000000000004,9.702,9.69,-0.0199999999999995,9.702,67.775,3.7200000000000006,1.0,0.0,1.0,1.0,0.0,1.0,1.0,1.0
2020-05-29 22:05:02,-0.0120000000000004,9.686,9.676,-0.0199999999999995,9.684,67.45000000000002,3.717500000000001,1.0,0.0,1.0,1.0,0.0,1.0,1.0,1.0
2020-05-29 22:05:12,-0.0120000000000004,9.67,9.658,-0.0199999999999995,9.668,67.15,3.727500000000001,1.0,0.0,1.0,1.0,0.0,1.0,1.0,1.0
2020-05-29 22:05:22,-0.0120000000000004,9.652,9.64,-0.0219999999999984,9.65,66.95,3.7425,1.0,0.0,1.0,1.0,0.0,1.0,1.0,1.0
2020-05-29 22:05:32,-0.0120000000000004,9.634,9.622,-0.0199999999999995,9.632,66.825,3.805,1.0,0.0,1.0,1.0,0.0,1.0,1.0,1.0
2020-05-29 22:05:42,-0.0120000000000004,9.618,9.606,-0.0199999999999995,9.618,66.65,3.8225,1.0,0.0,1.0,1.0,0.0,1.0,1.0,1.0
2020-05-29 22:05:52,-0.009999999999998,9.602,9.588,-0.0199999999999995,9.6,66.35,3.774999999999999,1.0,0.0,1.0,1.0,0.0,1.0,1.0,1.0
2020-05-29 22:06:02,-0.0120000000000004,9.584,9.57,-0.0219999999999984,9.584,66.45,3.727500000000001,1.0,0.0,1.0,1.0,0.0,1.0,1.0,1.0
2020-05-29 22:06:11,-0.009999999999998,9.568,9.556,-0.0199999999999995,9.568,66.35,3.705,1.0,0.0,1.0,1.0,0.0,1.0,1.0,1.0
2020-05-29 22:06:21,-0.0120000000000004,9.552,9.54,-0.0219999999999984,9.552,66.45,3.7425,1.0,0.0,1.0,1.0,0.0,1.0,1.0,1.0
2020-05-29 22:06:31,-0.009999999999998,9.536,9.524,-0.0199999999999995,9.536,66.3,3.789999999999999,1.0,0.0,1.0,1.0,0.0,1.0,1.0,1.0
2020-05-29 22:06:41,-0.0120000000000004,9.52,9.506,-0.0219999999999984,9.52,66.32499999999999,3.815,1.0,0.0,1.0,1.0,0.0,1.0,1.0,1.0
2020-05-29 22:06:51,-0.009999999999998,9.506,9.49,-0.0199999999999995,9.504,66.225,3.789999999999999,1.0,0.0,1.0,1.0,0.0,1.0,1.0,1.0
2020-05-29 22:07:01,-0.009999999999998,9.49,9.476,-0.0199999999999995,9.49,66.32499999999999,3.764999999999999,1.0,0.0,1.0,1.0,0.0,1.0,1.0,1.0
2020-05-29 22:07:11,-0.009999999999998,9.474,9.46,-0.0199999999999995,9.474,66.3,3.7375000000000007,1.0,0.0,1.0,1.0,0.0,1.0,1.0,1.0
2020-05-29 22:07:21,-0.009999999999998,9.458,9.446,-0.0199999999999995,9.456,66.225,3.7250000000000014,1.0,0.0,1.0,1.0,0.0,1.0,1.0,1.0
2020-05-29 22:07:31,-0.009999999999998,9.444,9.43,-0.0199999999999995,9.444,66.14999999999999,3.7325,1.0,0.0,1.0,1.0,0.0,1.0,1.0,1.0
2020-05-29 22:07:41,-0.0120000000000004,9.426,9.414,-0.0199999999999995,9.426,66.225,3.789999999999999,1.0,0.0,1.0,1.0,0.0,1.0,1.0,1.0
2020-05-29 22:07:51,-0.0120000000000004,9.412,9.4,-0.0199999999999995,9.412,66.45,3.807500000000001,1.0,0.0,1.0,1.0,0.0,1.0,1.0,1.0
2020-05-29 22:08:01,-0.0120000000000004,9.398,9.384,-0.0219999999999984,9.396,66.32499999999999,3.82,1.0,0.0,1.0,1.0,0.0,1.0,1.0,1.0
2020-05-29 22:08:10,-0.0120000000000004,9.382,9.368,-0.0199999999999995,9.38,66.27499999999999,3.8425,1.0,0.0,1.0,1.0,0.0,1.0,1.0,1.0
2020-05-29 22:08:20,-0.0120000000000004,9.366,9.354,-0.0219999999999984,9.366,66.225,3.8249999999999993,1.0,0.0,1.0,1.0,0.0,1.0,1.0,1.0
2020-05-29 22:08:30,-0.009999999999998,9.352,9.338,-0.0199999999999995,9.352,66.375,3.7575,1.0,0.0,1.0,1.0,0.0,1.0,1.0,1.0
2020-05-29 22:08:40,-0.009999999999998,9.336,9.324,-0.0199999999999995,9.336,66.375,3.695,1.0,0.0,1.0,1.0,0.0,1.0,1.0,1.0
2020-05-29 22:08:50,-0.009999999999998,9.322,9.308,-0.0199999999999995,9.322,66.35,3.717500000000001,1.0,0.0,1.0,1.0,0.0,1.0,1.0,1.0
2020-05-29 22:09:00,-0.009999999999998,9.306,9.294,-0.0219999999999984,9.306,66.32499999999999,3.75,1.0,0.0,1.0,1.0,0.0,1.0,1.0,1.0
2020-05-29 22:09:10,-0.009999999999998,9.292,9.278,-0.0199999999999995,9.292,66.25000000000001,0.0449999999999999,1.0,0.0,1.0,1.0,0.0,1.0,1.0,1.0
2020-05-29 22:09:20,-0.0120000000000004,9.276,9.264,-0.0199999999999995,9.278,66.225,0.0475000000000003,1.0,0.0,1.0,1.0,0.0,1.0,1.0,1.0
2020-05-29 22:09:30,-0.009999999999998,9.262,9.248,-0.0199999999999995,9.262,66.07499999999999,0.0449999999999999,1.0,0.0,1.0,1.0,0.0,1.0,1.0,1.0
2020-05-29 22:09:40,-0.0120000000000004,9.248,9.234,-0.0199999999999995,9.246,65.85000000000001,0.0449999999999999,1.0,0.0,1.0,1.0,0.0,1.0,1.0,1.0
2020-05-29 22:09:50,-0.0120000000000004,9.23,9.218,-0.0199999999999995,9.23,65.35,0.0449999999999999,1.0,0.0,1.0,1.0,0.0,1.0,1.0,1.0
2020-05-29 22:10:00,-0.0120000000000004,9.216,9.202,-0.0199999999999995,9.216,64.97500000000001,0.0424999999999995,1.0,0.0,1.0,1.0,0.0,1.0,1.0,1.0
2020-05-29 22:10:09,-0.009999999999998,9.2,9.188,-0.0199999999999995,9.2,64.625,0.0424999999999995,1.0,0.0,1.0,1.0,0.0,1.0,1.0,1.0
2020-05-29 22:10:19,-0.0120000000000004,9.184,9.17,-0.0199999999999995,9.186,64.14999999999999,0.0424999999999995,1.0,0.0,1.0,1.0,0.0,1.0,1.0,1.0
2020-05-29 22:10:29,-0.009999999999998,9.17,9.156,-0.0219999999999984,9.17,63.900000000000006,0.0449999999999999,1.0,0.0,1.0,1.0,0.0,1.0,1.0,1.0
2020-05-29 22:10:39,-0.0120000000000004,9.156,9.142,-0.0199999999999995,9.156,63.650000000000006,0.0424999999999995,1.0,0.0,1.0,1.0,0.0,1.0,1.0,1.0
2020-05-29 22:10:49,-0.009999999999998,9.14,9.126,-0.0199999999999995,9.14,63.45,0.0424999999999995,1.0,0.0,1.0,1.0,0.0,1.0,1.0,1.0
2020-05-29 22:10:59,-0.0120000000000004,9.126,9.112,-0.0219999999999984,9.128,63.25,0.0424999999999995,1.0,0.0,1.0,1.0,0.0,1.0,1.0,1.0
2020-05-29 22:11:09,-0.0120000000000004,9.112,9.098,-0.0219999999999984,9.112,63.02499999999999,0.0424999999999995,1.0,0.0,1.0,1.0,0.0,1.0,1.0,1.0
2020-05-29 22:11:19,-0.0120000000000004,9.096,9.082,-0.0199999999999995,9.098,62.87499999999999,0.0424999999999995,1.0,0.0,1.0,1.0,0.0,1.0,1.0,1.0
2020-05-29 22:11:29,-0.0120000000000004,9.082,9.068,-0.0199999999999995,9.08,62.7,0.0449999999999999,1.0,0.0,1.0,1.0,0.0,1.0,1.0,1.0
2020-05-29 22:11:39,-0.0120000000000004,9.066,9.052,-0.0199999999999995,9.068,62.55,0.0424999999999995,1.0,0.0,1.0,1.0,0.0,1.0,1.0,1.0
2020-05-29 22:11:49,-0.0120000000000004,9.052,9.038,-0.0199999999999995,9.054,62.55,0.0424999999999995,1.0,0.0,1.0,1.0,0.0,1.0,1.0,1.0
2020-05-29 22:11:59,-0.0120000000000004,9.038,9.022,-0.0219999999999984,9.038,62.25,0.0424999999999995,1.0,0.0,1.0,1.0,0.0,1.0,1.0,1.0
2020-05-29 22:12:08,-0.0120000000000004,9.024,9.008,-0.0199999999999995,9.024,62.175,0.0424999999999995,1.0,0.0,1.0,1.0,0.0,1.0,1.0,1.0
2020-05-29 22:12:18,-0.0120000000000004,9.008,8.994,-0.0219999999999984,9.008,62.05000000000001,0.0424999999999995,1.0,0.0,1.0,1.0,0.0,1.0,1.0,1.0
2020-05-29 22:12:28,-0.0120000000000004,8.994,8.98,-0.0199999999999995,8.994,62.07499999999999,0.0424999999999995,1.0,0.0,1.0,1.0,0.0,1.0,1.0,1.0
2020-05-29 22:12:38,-0.0120000000000004,8.978,8.964,-0.0199999999999995,8.978,61.85000000000001,0.0424999999999995,1.0,0.0,1.0,1.0,0.0,1.0,1.0,1.0
2020-05-29 22:12:48,-0.009999999999998,8.966,8.952,-0.0199999999999995,8.966,61.775000000000006,0.0424999999999995,1.0,0.0,1.0,1.0,0.0,1.0,1.0,1.0
2020-05-29 22:12:58,-0.0120000000000004,8.948,8.936,-0.0219999999999984,8.95,61.575,0.0424999999999995,1.0,0.0,1.0,1.0,0.0,1.0,1.0,1.0
2020-05-29 22:13:08,-0.0120000000000004,8.936,8.922,-0.0199999999999995,8.934,61.575,0.0424999999999995,1.0,0.0,1.0,1.0,0.0,1.0,1.0,1.0
2020-05-29 22:13:18,-0.0120000000000004,8.92,8.908,-0.0219999999999984,8.922,61.475,0.0424999999999995,1.0,0.0,1.0,1.0,0.0,1.0,1.0,1.0
2020-05-29 22:13:28,-0.0120000000000004,8.906,8.894,-0.0199999999999995,8.908,61.425,0.0424999999999995,1.0,0.0,1.0,1.0,0.0,1.0,1.0,1.0
2020-05-29 22:13:38,-0.0120000000000004,8.89,8.88,-0.0199999999999995,8.892,61.375,0.0424999999999995,1.0,0.0,1.0,1.0,0.0,1.0,1.0,1.0
2020-05-29 22:13:48,-0.0120000000000004,8.878,8.866,-0.0199999999999995,8.878,61.35,0.0424999999999995,1.0,0.0,1.0,1.0,0.0,1.0,1.0,1.0
2020-05-29 22:13:58,-0.0120000000000004,8.866,8.852,-0.0199999999999995,8.866,61.27499999999999,0.0424999999999995,1.0,0.0,1.0,1.0,0.0,1.0,1.0,1.0
2020-05-29 22:14:07,-0.0120000000000004,8.848,8.838,-0.0199999999999995,8.85,61.14999999999999,0.0424999999999995,1.0,0.0,1.0,1.0,0.0,1.0,1.0,1.0
2020-05-29 22:14:17,-0.0139999999999993,8.836,8.822,-0.0199999999999995,8.836,61.05000000000001,0.0424999999999995,1.0,0.0,1.0,1.0,0.0,1.0,1.0,1.0
2020-05-29 22:14:27,-0.0120000000000004,8.822,8.81,-0.0199999999999995,8.822,61.02499999999999,0.0424999999999995,1.0,0.0,1.0,1.0,0.0,1.0,1.0,1.0
2020-05-29 22:14:37,-0.0120000000000004,8.808,8.796,-0.0180000000000006,8.808,60.975,0.0424999999999995,1.0,0.0,1.0,1.0,0.0,1.0,1.0,1.0
2020-05-29 22:14:47,-0.0120000000000004,8.792,8.78,-0.0199999999999995,8.794,60.94999999999999,0.0424999999999995,1.0,0.0,1.0,1.0,0.0,1.0,1.0,1.0
2020-05-29 22:14:57,-0.0120000000000004,8.778,8.768,-0.0199999999999995,8.78,60.775000000000006,0.0424999999999995,1.0,0.0,1.0,1.0,0.0,1.0,1.0,1.0
2020-05-29 22:15:07,-0.0120000000000004,8.766,8.752,-0.0219999999999984,8.766,60.75,0.0424999999999995,1.0,0.0,1.0,1.0,0.0,1.0,1.0,1.0
2020-05-29 22:15:17,-0.0120000000000004,8.75,8.738,-0.0199999999999995,8.752,60.67499999999998,0.0424999999999995,1.0,0.0,1.0,1.0,0.0,1.0,1.0,1.0
2020-05-29 22:15:27,-0.0120000000000004,8.736,8.726,-0.0219999999999984,8.738,60.67499999999998,0.0424999999999995,1.0,0.0,1.0,1.0,0.0,1.0,1.0,1.0
2020-05-29 22:15:37,-0.0120000000000004,8.724,8.712,-0.0199999999999995,8.724,60.575,0.0424999999999995,1.0,0.0,1.0,1.0,0.0,1.0,1.0,1.0
2020-05-29 22:15:47,-0.0120000000000004,8.71,8.698,-0.0199999999999995,8.71,60.475,0.0424999999999995,1.0,0.0,1.0,1.0,0.0,1.0,1.0,1.0
2020-05-29 22:15:57,-0.0120000000000004,8.696,8.684,-0.0199999999999995,8.696,60.35,0.0424999999999995,1.0,0.0,1.0,1.0,0.0,1.0,1.0,1.0
2020-05-29 22:16:07,-0.0139999999999993,8.682,8.668,-0.0199999999999995,8.682,60.375,0.0424999999999995,1.0,0.0,1.0,1.0,0.0,1.0,1.0,1.0
2020-05-29 22:16:16,-0.0120000000000004,8.668,8.654,-0.0199999999999995,8.67,60.27499999999999,0.0424999999999995,1.0,0.0,1.0,1.0,0.0,1.0,1.0,1.0
2020-05-29 22:16:26,-0.0139999999999993,8.656,8.644,-0.0219999999999984,8.654,60.35,0.0424999999999995,1.0,0.0,1.0,1.0,0.0,1.0,1.0,1.0
2020-05-29 22:16:36,-0.0120000000000004,8.64,8.63,-0.0199999999999995,8.642,60.2,0.0424999999999995,1.0,0.0,1.0,1.0,0.0,1.0,1.0,1.0
2020-05-29 22:16:46,-0.0120000000000004,8.628,8.616,-0.0199999999999995,8.628,60.07499999999999,0.0424999999999995,1.0,0.0,1.0,1.0,0.0,1.0,1.0,1.0
2020-05-29 22:16:56,-0.0120000000000004,8.614,8.602,-0.0199999999999995,8.616,59.975,0.0424999999999995,1.0,0.0,1.0,1.0,0.0,1.0,1.0,1.0
2020-05-29 22:17:06,-0.0139999999999993,8.6,8.588,-0.0219999999999984,8.602,59.94999999999999,0.0424999999999995,1.0,0.0,1.0,1.0,0.0,1.0,1.0,1.0
2020-05-29 22:17:16,-0.0139999999999993,8.586,8.576,-0.0199999999999995,8.588,60.000000000000014,0.0424999999999995,1.0,0.0,1.0,1.0,0.0,1.0,1.0,1.0
2020-05-29 22:17:26,-0.0120000000000004,8.574,8.562,-0.0219999999999984,8.574,59.87499999999999,0.0424999999999995,1.0,0.0,1.0,1.0,0.0,1.0,1.0,1.0
2020-05-29 22:17:36,-0.0120000000000004,8.56,8.548,-0.0199999999999995,8.56,59.85000000000001,0.0424999999999995,1.0,0.0,1.0,1.0,0.0,1.0,1.0,1.0
2020-05-29 22:17:46,-0.0120000000000004,8.548,8.536,-0.0219999999999984,8.548,59.67499999999998,0.0424999999999995,1.0,0.0,1.0,1.0,0.0,1.0,1.0,1.0
2020-05-29 22:17:56,-0.0120000000000004,8.532,8.522,-0.0219999999999984,8.534,59.650000000000006,0.0424999999999995,1.0,0.0,1.0,1.0,0.0,1.0,1.0,1.0
2020-05-29 22:18:05,-0.0120000000000004,8.52,8.51,-0.0199999999999995,8.522,59.67499999999998,0.0424999999999995,1.0,0.0,1.0,1.0,0.0,1.0,1.0,1.0
2020-05-29 22:18:15,-0.0120000000000004,8.506,8.498,-0.0199999999999995,8.508,59.60000000000001,0.0424999999999995,1.0,0.0,1.0,1.0,0.0,1.0,1.0,1.0
2020-05-29 22:18:25,-0.0120000000000004,8.496,8.484,-0.0199999999999995,8.496,59.575,0.0424999999999995,1.0,0.0,1.0,1.0,0.0,1.0,1.0,1.0
2020-05-29 22:18:35,-0.0120000000000004,8.482,8.47,-0.0219999999999984,8.482,59.375,0.0449999999999999,1.0,0.0,1.0,1.0,0.0,1.0,1.0,1.0
2020-05-29 22:18:45,-0.0139999999999993,8.468,8.456,-0.0219999999999984,8.468,59.375,0.0424999999999995,1.0,0.0,1.0,1.0,0.0,1.0,1.0,1.0
2020-05-29 22:18:55,-0.0120000000000004,8.456,8.446,-0.0219999999999984,8.458,59.375,0.0424999999999995,1.0,0.0,1.0,1.0,0.0,1.0,1.0,1.0
2020-05-29 22:19:05,-0.0139999999999993,8.442,8.43,-0.0199999999999995,8.442,59.35,0.04,1.0,0.0,1.0,1.0,0.0,1.0,1.0,1.0
2020-05-29 22:19:15,-0.0139999999999993,8.428,8.418,-0.0219999999999984,8.43,59.25,0.0424999999999995,1.0,0.0,1.0,1.0,0.0,1.0,1.0,1.0
2020-05-29 22:19:25,-0.0120000000000004,8.416,8.406,-0.0219999999999984,8.418,59.175,0.0424999999999995,1.0,0.0,1.0,1.0,0.0,1.0,1.0,1.0
2020-05-29 22:19:35,-0.0139999999999993,8.402,8.39,-0.0219999999999984,8.404,59.07500000000002,0.04,1.0,0.0,1.0,1.0,0.0,1.0,1.0,1.0
2020-05-29 22:19:45,-0.0139999999999993,8.39,8.378,-0.0219999999999984,8.392,59.1,0.0424999999999995,1.0,0.0,1.0,1.0,0.0,1.0,1.0,1.0
2020-05-29 22:19:54,-0.0139999999999993,8.378,8.366,-0.0219999999999984,8.378,59.05,0.0424999999999995,1.0,0.0,1.0,1.0,0.0,1.0,1.0,1.0
2020-05-29 22:20:04,-0.0139999999999993,8.366,8.352,-0.0219999999999984,8.364,59.000000000000014,0.0424999999999995,1.0,0.0,1.0,1.0,0.0,1.0,1.0,1.0
2020-05-29 22:20:14,-0.0120000000000004,8.35,8.34,-0.0199999999999995,8.352,58.975,0.0424999999999995,1.0,0.0,1.0,1.0,0.0,1.0,1.0,1.0
2020-05-29 22:20:24,-0.0139999999999993,8.338,8.326,-0.0199999999999995,8.338,58.80000000000001,0.0424999999999995,1.0,0.0,1.0,1.0,0.0,1.0,1.0,1.0
2020-05-29 22:20:34,-0.0139999999999993,8.326,8.314,-0.0199999999999995,8.326,58.85000000000001,0.0424999999999995,1.0,0.0,1.0,1.0,0.0,1.0,1.0,1.0
2020-05-29 22:20:44,-0.0120000000000004,8.314,8.3,-0.0199999999999995,8.314,58.775000000000006,0.0424999999999995,1.0,0.0,1.0,1.0,0.0,1.0,1.0,1.0
2020-05-29 22:20:54,-0.0139999999999993,8.3,8.288,-0.0219999999999984,8.3,58.775000000000006,0.0424999999999995,1.0,0.0,1.0,1.0,0.0,1.0,1.0,1.0
2020-05-29 22:21:04,-0.0120000000000004,8.288,8.276,-0.0219999999999984,8.288,58.7,0.0449999999999999,1.0,0.0,1.0,1.0,0.0,1.0,1.0,1.0
2020-05-29 22:21:14,-0.0120000000000004,8.276,8.264,-0.0199999999999995,8.278,58.67500000000001,0.0424999999999995,1.0,0.0,1.0,1.0,0.0,1.0,1.0,1.0
2020-05-29 22:21:24,-0.0120000000000004,8.262,8.25,-0.0199999999999995,8.262,58.60000000000001,0.0424999999999995,1.0,0.0,1.0,1.0,0.0,1.0,1.0,1.0
2020-05-29 22:21:34,-0.0139999999999993,8.252,8.238,-0.0199999999999995,8.25,58.47500000000001,0.0424999999999995,1.0,0.0,1.0,1.0,0.0,1.0,1.0,1.0
2020-05-29 22:21:43,-0.0120000000000004,8.238,8.226,-0.0199999999999995,8.238,58.60000000000001,0.0424999999999995,1.0,0.0,1.0,1.0,0.0,1.0,1.0,1.0
2020-05-29 22:21:53,-0.0120000000000004,8.224,8.214,-0.0219999999999984,8.226,58.47500000000001,0.0424999999999995,1.0,0.0,1.0,1.0,0.0,1.0,1.0,1.0
2020-05-29 22:22:03,-0.0139999999999993,8.212,8.202,-0.0219999999999984,8.214,58.375,0.0424999999999995,1.0,0.0,1.0,1.0,0.0,1.0,1.0,1.0
2020-05-29 22:22:13,-0.0139999999999993,8.2,8.19,-0.0199999999999995,8.202,58.400000000000006,0.0424999999999995,1.0,0.0,1.0,1.0,0.0,1.0,1.0,1.0
2020-05-29 22:22:23,-0.0120000000000004,8.188,8.178,-0.0199999999999995,8.188,58.35,0.0424999999999995,1.0,0.0,1.0,1.0,0.0,1.0,1.0,1.0
2020-05-29 22:22:33,-0.0139999999999993,8.176,8.164,-0.0199999999999995,8.178,58.3,0.0424999999999995,1.0,0.0,1.0,1.0,0.0,1.0,1.0,1.0
2020-05-29 22:22:43,-0.0139999999999993,8.164,8.152,-0.0199999999999995,8.164,58.275000000000006,0.0424999999999995,1.0,0.0,1.0,1.0,0.0,1.0,1.0,1.0
2020-05-29 22:22:53,-0.0120000000000004,8.15,8.14,-0.0199999999999995,8.152,58.25,0.0449999999999999,1.0,0.0,1.0,1.0,0.0,1.0,1.0,1.0
2020-05-29 22:23:03,-0.0139999999999993,8.136,8.126,-0.0199999999999995,8.138,58.175,0.0424999999999995,1.0,0.0,1.0,1.0,0.0,1.0,1.0,1.0
2020-05-29 22:23:13,-0.0120000000000004,8.126,8.118,-0.0199999999999995,8.128,58.1,0.0424999999999995,1.0,0.0,1.0,1.0,0.0,1.0,1.0,1.0
2020-05-29 22:23:23,-0.0120000000000004,8.114,8.104,-0.0199999999999995,8.116,58.0,0.0424999999999995,1.0,0.0,1.0,1.0,0.0,1.0,1.0,1.0
2020-05-29 22:23:32,-0.0139999999999993,8.102,8.09,-0.0219999999999984,8.102,58.05,0.0424999999999995,1.0,0.0,1.0,1.0,0.0,1.0,1.0,1.0
2020-05-29 22:23:42,-0.0120000000000004,8.088,8.078,-0.0199999999999995,8.09,57.975,0.0424999999999995,1.0,0.0,1.0,1.0,0.0,1.0,1.0,1.0
2020-05-29 22:23:52,-0.0139999999999993,8.078,8.068,-0.0199999999999995,8.08,57.89999999999999,0.0449999999999999,1.0,0.0,1.0,1.0,0.0,1.0,1.0,1.0
2020-05-29 22:24:02,-0.0139999999999993,8.062,8.054,-0.0219999999999984,8.066,57.85,0.0424999999999995,1.0,0.0,1.0,1.0,0.0,1.0,1.0,1.0
2020-05-29 22:24:12,-0.0139999999999993,8.052,8.042,-0.0199999999999995,8.054,57.94999999999999,0.0424999999999995,1.0,0.0,1.0,1.0,0.0,1.0,1.0,1.0
2020-05-29 22:24:22,5.401999999999999,8.042,-0.0279999999999986,-0.0219999999999984,8.042,57.775000000000006,5.069999999999999,0.0,1.0,1.0,0.0,0.0,1.0,1.0,1.0
2020-05-29 22:24:32,8.654,8.186,-0.0240000000000009,-0.0199999999999995,8.186,57.80000000000001,5.834999999999999,0.0,1.0,1.0,0.0,0.0,1.0,1.0,1.0
2020-05-29 22:24:42,8.886,8.43,-0.0199999999999995,-0.0199999999999995,8.428,58.07500000000002,5.9175,0.0,1.0,1.0,0.0,0.0,1.0,1.0,1.0
2020-05-29 22:24:52,8.632,8.532,-0.0180000000000006,-0.0199999999999995,8.53,58.67500000000001,5.8825,0.0,1.0,0.0,0.0,0.0,1.0,1.0,1.0
2020-05-29 22:25:02,9.188,8.736,-0.0159999999999982,-0.0219999999999984,8.732,59.525000000000006,6.012500000000001,0.0,1.0,0.0,0.0,0.0,1.0,1.0,1.0
2020-05-29 22:25:12,9.394,8.962,-0.0139999999999993,-0.0219999999999984,8.956,60.45,5.962499999999999,0.0,1.0,0.0,0.0,0.0,1.0,1.0,1.0
2020-05-29 22:25:22,9.57,9.154,-0.0139999999999993,-0.0219999999999984,9.15,61.375,5.940000000000001,0.0,1.0,0.0,0.0,0.0,1.0,1.0,1.0
2020-05-29 22:25:31,9.736,9.338,-0.0120000000000004,-0.0219999999999984,9.334,62.25,5.962499999999999,0.0,1.0,0.0,0.0,0.0,1.0,1.0,1.0
2020-05-29 22:25:41,9.91,9.53,-0.0120000000000004,-0.0199999999999995,9.526,63.35,6.080000000000002,0.0,1.0,0.0,0.0,0.0,1.0,1.0,1.0
2020-05-29 22:25:51,9.78,9.578,-0.0120000000000004,-0.0219999999999984,9.576,64.425,6.1175,0.0,1.0,1.0,0.0,0.0,1.0,1.0,1.0
2020-05-29 22:26:01,10.134,9.746,-0.0120000000000004,-0.0219999999999984,9.74,65.6,6.200000000000001,0.0,1.0,1.0,0.0,0.0,1.0,1.0,1.0
2020-05-29 22:26:11,10.306,9.926,-0.0120000000000004,-0.0199999999999995,9.922,66.825,6.172500000000001,0.0,1.0,1.0,0.0,0.0,1.0,1.0,1.0
2020-05-29 22:26:21,10.452,10.086,-0.009999999999998,-0.0199999999999995,10.084,67.625,6.1800000000000015,0.0,1.0,1.0,0.0,0.0,1.0,1.0,1.0
2020-05-29 22:26:31,-0.0259999999999998,10.114,10.116,-0.0199999999999995,10.112,68.725,3.807500000000001,1.0,0.0,1.0,1.0,0.0,1.0,1.0,1.0
2020-05-29 22:26:41,-0.0259999999999998,10.06,10.06,-0.0219999999999984,10.058,69.6,3.85,1.0,0.0,1.0,1.0,0.0,1.0,1.0,1.0
2020-05-29 22:26:51,-0.0219999999999984,10.02,10.016,-0.0199999999999995,10.018,70.025,3.855,1.0,0.0,1.0,1.0,0.0,1.0,1.0,1.0
2020-05-29 22:27:01,-0.0219999999999984,9.986,9.98,-0.0219999999999984,9.984,70.30000000000001,3.8025,1.0,0.0,1.0,1.0,0.0,1.0,1.0,1.0
2020-05-29 22:27:11,-0.0180000000000006,9.956,9.948,-0.0219999999999984,9.954,70.475,3.747500000000001,1.0,0.0,1.0,1.0,0.0,1.0,1.0,1.0
2020-05-29 22:27:20,-0.0180000000000006,9.926,9.918,-0.0219999999999984,9.924,70.44999999999999,3.7125,1.0,0.0,1.0,1.0,0.0,1.0,1.0,1.0
2020-05-29 22:27:30,-0.0159999999999982,9.898,9.89,-0.0219999999999984,9.898,70.15,3.774999999999999,1.0,0.0,1.0,1.0,0.0,1.0,1.0,1.0
2020-05-29 22:27:40,-0.0139999999999993,9.876,9.864,-0.0219999999999984,9.876,70.0,3.810000000000001,1.0,0.0,1.0,1.0,0.0,1.0,1.0,1.0
2020-05-29 22:27:50,-0.0139999999999993,9.852,9.84,-0.0219999999999984,9.85,69.64999999999999,3.84,1.0,0.0,1.0,1.0,0.0,1.0,1.0,1.0
2020-05-29 22:28:00,-0.0139999999999993,9.83,9.818,-0.0219999999999984,9.828,69.44999999999999,3.85,1.0,0.0,1.0,1.0,0.0,1.0,1.0,1.0
2020-05-29 22:28:10,-0.0120000000000004,9.812,9.798,-0.0219999999999984,9.81,69.04999999999998,3.827500000000001,1.0,0.0,1.0,1.0,0.0,1.0,1.0,1.0
2020-05-29 22:28:20,-0.0120000000000004,9.79,9.78,-0.0219999999999984,9.79,68.675,3.7875,1.0,0.0,1.0,1.0,0.0,1.0,1.0,1.0
2020-05-29 22:28:30,-0.0120000000000004,9.77,9.758,-0.0219999999999984,9.768,68.55,3.75,1.0,0.0,1.0,1.0,0.0,1.0,1.0,1.0
2020-05-29 22:28:40,-0.0120000000000004,9.75,9.738,-0.0199999999999995,9.75,68.35,3.7525,1.0,0.0,1.0,1.0,0.0,1.0,1.0,1.0
2020-05-29 22:28:50,-0.0120000000000004,9.734,9.722,-0.0199999999999995,9.732,68.12499999999999,3.76,1.0,0.0,1.0,1.0,0.0,1.0,1.0,1.0
2020-05-29 22:29:00,-0.0120000000000004,9.714,9.7,-0.0219999999999984,9.712,67.85000000000001,3.8125,1.0,0.0,1.0,1.0,0.0,1.0,1.0,1.0
2020-05-29 22:29:09,-0.0120000000000004,9.696,9.684,-0.0219999999999984,9.696,67.55,3.84,1.0,0.0,1.0,1.0,0.0,1.0,1.0,1.0
2020-05-29 22:29:19,-0.0120000000000004,9.678,9.666,-0.0199999999999995,9.678,67.32499999999999,3.82,1.0,0.0,1.0,1.0,0.0,1.0,1.0,1.0
2020-05-29 22:29:29,-0.0120000000000004,9.66,9.646,-0.0199999999999995,9.658,67.025,3.782499999999999,1.0,0.0,1.0,1.0,0.0,1.0,1.0,1.0
2020-05-29 22:29:39,-0.009999999999998,9.642,9.628,-0.0199999999999995,9.644,66.75,3.7200000000000006,1.0,0.0,1.0,1.0,0.0,1.0,1.0,1.0
2020-05-29 22:29:49,-0.0120000000000004,9.626,9.61,-0.0199999999999995,9.626,66.575,3.717500000000001,1.0,0.0,1.0,1.0,0.0,1.0,1.0,1.0
2020-05-29 22:29:59,-0.0120000000000004,9.61,9.596,-0.0219999999999984,9.608,66.425,3.7200000000000006,1.0,0.0,1.0,1.0,0.0,1.0,1.0,1.0
2020-05-29 22:30:09,-0.0120000000000004,9.592,9.578,-0.0219999999999984,9.592,66.35,3.805,1.0,0.0,1.0,1.0,0.0,1.0,1.0,1.0
2020-05-29 22:30:19,-0.0120000000000004,9.576,9.564,-0.0199999999999995,9.576,66.35,3.8225,1.0,0.0,1.0,1.0,0.0,1.0,1.0,1.0
2020-05-29 22:30:29,-0.0120000000000004,9.56,9.546,-0.0199999999999995,9.56,66.25000000000001,3.795,1.0,0.0,1.0,1.0,0.0,1.0,1.0,1.0
2020-05-29 22:30:39,-0.0120000000000004,9.542,9.53,-0.0199999999999995,9.544,66.14999999999999,3.735000000000001,1.0,0.0,1.0,1.0,0.0,1.0,1.0,1.0
2020-05-29 22:30:49,-0.0120000000000004,9.53,9.516,-0.0199999999999995,9.528,66.14999999999999,3.705,1.0,0.0,1.0,1.0,0.0,1.0,1.0,1.0
2020-05-29 22:30:58,-0.009999999999998,9.512,9.5,-0.0199999999999995,9.512,66.17500000000001,3.735000000000001,1.0,0.0,1.0,1.0,0.0,1.0,1.0,1.0
2020-05-29 22:31:08,-0.009999999999998,9.496,9.482,-0.0199999999999995,9.496,66.14999999999999,3.745000000000001,1.0,0.0,1.0,1.0,0.0,1.0,1.0,1.0
2020-05-29 22:31:18,-0.0120000000000004,9.48,9.468,-0.0219999999999984,9.48,66.25000000000001,3.810000000000001,1.0,0.0,1.0,1.0,0.0,1.0,1.0,1.0
2020-05-29 22:31:28,-0.0120000000000004,9.466,9.452,-0.0199999999999995,9.466,66.25000000000001,3.8375,1.0,0.0,1.0,1.0,0.0,1.0,1.0,1.0
2020-05-29 22:31:38,-0.0120000000000004,9.45,9.438,-0.0219999999999984,9.45,66.17500000000001,3.817500000000001,1.0,0.0,1.0,1.0,0.0,1.0,1.0,1.0
2020-05-29 22:31:48,-0.009999999999998,9.434,9.422,-0.0199999999999995,9.436,66.25000000000001,3.754999999999999,1.0,0.0,1.0,1.0,0.0,1.0,1.0,1.0
2020-05-29 22:31:58,-0.0120000000000004,9.418,9.408,-0.0199999999999995,9.418,66.14999999999999,3.735000000000001,1.0,0.0,1.0,1.0,0.0,1.0,1.0,1.0
2020-05-29 22:32:08,-0.0120000000000004,9.404,9.392,-0.0199999999999995,9.404,66.225,3.7425,1.0,0.0,1.0,1.0,0.0,1.0,1.0,1.0
2020-05-29 22:32:18,-0.0120000000000004,9.388,9.376,-0.0199999999999995,9.39,66.25000000000001,3.754999999999999,1.0,0.0,1.0,1.0,0.0,1.0,1.0,1.0
2020-05-29 22:32:28,-0.009999999999998,9.374,9.36,-0.0199999999999995,9.374,66.17500000000001,3.795,1.0,0.0,1.0,1.0,0.0,1.0,1.0,1.0
2020-05-29 22:32:38,-0.009999999999998,9.36,9.346,-0.0199999999999995,9.358,66.17500000000001,3.8475,1.0,0.0,1.0,1.0,0.0,1.0,1.0,1.0
2020-05-29 22:32:47,-0.0120000000000004,9.344,9.332,-0.0199999999999995,9.344,66.225,3.8375,1.0,0.0,1.0,1.0,0.0,1.0,1.0,1.0
2020-05-29 22:32:57,-0.009999999999998,9.328,9.316,-0.0199999999999995,9.328,66.225,3.78,1.0,0.0,1.0,1.0,0.0,1.0,1.0,1.0
2020-05-29 22:33:07,-0.0120000000000004,9.314,9.302,-0.0199999999999995,9.316,66.225,3.754999999999999,1.0,0.0,1.0,1.0,0.0,1.0,1.0,1.0
2020-05-29 22:33:17,-0.0120000000000004,9.298,9.288,-0.0199999999999995,9.3,66.25000000000001,0.0499999999999998,1.0,0.0,1.0,1.0,0.0,1.0,1.0,1.0
2020-05-29 22:33:27,-0.0120000000000004,9.284,9.272,-0.0199999999999995,9.286,66.17500000000001,0.0475000000000003,1.0,0.0,1.0,1.0,0.0,1.0,1.0,1.0
2020-05-29 22:33:37,-0.0120000000000004,9.268,9.256,-0.0219999999999984,9.268,66.07499999999999,0.0449999999999999,1.0,0.0,1.0,1.0,0.0,1.0,1.0,1.0
2020-05-29 22:33:47,-0.0120000000000004,9.254,9.24,-0.0199999999999995,9.252,65.97500000000001,0.0449999999999999,1.0,0.0,1.0,1.0,0.0,1.0,1.0,1.0
2020-05-29 22:33:57,-0.0120000000000004,9.24,9.226,-0.0199999999999995,9.242,65.55,0.0424999999999995,1.0,0.0,1.0,1.0,0.0,1.0,1.0,1.0
2020-05-29 22:34:07,-0.0120000000000004,9.224,9.21,-0.0199999999999995,9.224,65.25000000000001,0.0424999999999995,1.0,0.0,1.0,1.0,0.0,1.0,1.0,1.0
2020-05-29 22:34:17,-0.0120000000000004,9.208,9.194,-0.0199999999999995,9.208,64.75,0.0424999999999995,1.0,0.0,1.0,1.0,0.0,1.0,1.0,1.0
2020-05-29 22:34:27,-0.0120000000000004,9.192,9.18,-0.0199999999999995,9.194,64.425,0.0424999999999995,1.0,0.0,1.0,1.0,0.0,1.0,1.0,1.0
2020-05-29 22:34:37,-0.0120000000000004,9.178,9.164,-0.0199999999999995,9.178,64.1,0.0424999999999995,1.0,0.0,1.0,1.0,0.0,1.0,1.0,1.0
2020-05-29 22:34:46,-0.0120000000000004,9.162,9.148,-0.0199999999999995,9.164,63.775000000000006,0.0449999999999999,1.0,0.0,1.0,1.0,0.0,1.0,1.0,1.0
2020-05-29 22:34:56,-0.0120000000000004,9.146,9.134,-0.0199999999999995,9.15,63.575,0.0424999999999995,1.0,0.0,1.0,1.0,0.0,1.0,1.0,1.0
2020-05-29 22:35:06,-0.0120000000000004,9.134,9.12,-0.0199999999999995,9.134,63.27499999999999,0.0424999999999995,1.0,0.0,1.0,1.0,0.0,1.0,1.0,1.0
2020-05-29 22:35:16,-0.0120000000000004,9.12,9.104,-0.0199999999999995,9.118,63.07499999999999,0.0424999999999995,1.0,0.0,1.0,1.0,0.0,1.0,1.0,1.0
2020-05-29 22:35:26,-0.0120000000000004,9.102,9.088,-0.0199999999999995,9.104,62.94999999999999,0.0424999999999995,1.0,0.0,1.0,1.0,0.0,1.0,1.0,1.0
2020-05-29 22:35:36,-0.0120000000000004,9.088,9.074,-0.0199999999999995,9.09,62.75,0.0424999999999995,1.0,0.0,1.0,1.0,0.0,1.0,1.0,1.0
2020-05-29 22:35:46,-0.0120000000000004,9.076,9.06,-0.0199999999999995,9.076,62.575,0.0424999999999995,1.0,0.0,1.0,1.0,0.0,1.0,1.0,1.0
2020-05-29 22:35:56,-0.0120000000000004,9.058,9.044,-0.0199999999999995,9.06,62.400000000000006,0.0424999999999995,1.0,0.0,1.0,1.0,0.0,1.0,1.0,1.0
2020-05-29 22:36:06,-0.0120000000000004,9.046,9.032,-0.0199999999999995,9.044,62.27499999999999,0.0424999999999995,1.0,0.0,1.0,1.0,0.0,1.0,1.0,1.0
2020-05-29 22:36:16,-0.0120000000000004,9.03,9.018,-0.0199999999999995,9.032,62.14999999999999,0.0424999999999995,1.0,0.0,1.0,1.0,0.0,1.0,1.0,1.0
2020-05-29 22:36:26,-0.0120000000000004,9.016,9.002,-0.0199999999999995,9.016,62.05000000000001,0.0424999999999995,1.0,0.0,1.0,1.0,0.0,1.0,1.0,1.0
2020-05-29 22:36:36,-0.0120000000000004,9.002,8.988,-0.0199999999999995,9.0,62.07499999999999,0.0424999999999995,1.0,0.0,1.0,1.0,0.0,1.0,1.0,1.0
2020-05-29 22:36:45,-0.0120000000000004,8.986,8.972,-0.0219999999999984,8.986,61.825,0.0424999999999995,1.0,0.0,1.0,1.0,0.0,1.0,1.0,1.0
2020-05-29 22:36:55,-0.0120000000000004,8.972,8.958,-0.0199999999999995,8.97,61.775000000000006,0.0424999999999995,1.0,0.0,1.0,1.0,0.0,1.0,1.0,1.0
2020-05-29 22:37:05,-0.0120000000000004,8.958,8.944,-0.0199999999999995,8.958,61.650000000000006,0.0424999999999995,1.0,0.0,1.0,1.0,0.0,1.0,1.0,1.0
2020-05-29 22:37:15,-0.0120000000000004,8.944,8.928,-0.0199999999999995,8.944,61.675,0.0424999999999995,1.0,0.0,1.0,1.0,0.0,1.0,1.0,1.0
2020-05-29 22:37:25,-0.0120000000000004,8.93,8.916,-0.0199999999999995,8.93,61.475,0.0424999999999995,1.0,0.0,1.0,1.0,0.0,1.0,1.0,1.0
2020-05-29 22:37:35,-0.0120000000000004,8.914,8.9,-0.0219999999999984,8.916,61.475,0.0424999999999995,1.0,0.0,1.0,1.0,0.0,1.0,1.0,1.0
2020-05-29 22:37:45,-0.0120000000000004,8.9,8.886,-0.0219999999999984,8.9,61.375,0.0424999999999995,1.0,0.0,1.0,1.0,0.0,1.0,1.0,1.0
2020-05-29 22:37:55,-0.0120000000000004,8.884,8.872,-0.0219999999999984,8.886,61.375,0.0424999999999995,1.0,0.0,1.0,1.0,0.0,1.0,1.0,1.0
2020-05-29 22:38:05,-0.0120000000000004,8.87,8.858,-0.0219999999999984,8.872,61.175,0.0424999999999995,1.0,0.0,1.0,1.0,0.0,1.0,1.0,1.0
2020-05-29 22:38:15,-0.0120000000000004,8.856,8.844,-0.0219999999999984,8.856,61.07499999999999,0.0424999999999995,1.0,0.0,1.0,1.0,0.0,1.0,1.0,1.0
2020-05-29 22:38:25,-0.0120000000000004,8.842,8.83,-0.0199999999999995,8.844,61.07499999999999,0.0424999999999995,1.0,0.0,1.0,1.0,0.0,1.0,1.0,1.0
2020-05-29 22:38:35,-0.0120000000000004,8.83,8.818,-0.0199999999999995,8.832,61.07499999999999,0.0424999999999995,1.0,0.0,1.0,1.0,0.0,1.0,1.0,1.0
2020-05-29 22:38:45,-0.0139999999999993,8.814,8.802,-0.0219999999999984,8.816,60.94999999999999,0.0424999999999995,1.0,0.0,1.0,1.0,0.0,1.0,1.0,1.0
2020-05-29 22:38:54,-0.0120000000000004,8.802,8.788,-0.0199999999999995,8.802,60.85000000000001,0.0424999999999995,1.0,0.0,1.0,1.0,0.0,1.0,1.0,1.0
2020-05-29 22:39:04,-0.0120000000000004,8.786,8.774,-0.0199999999999995,8.786,60.775000000000006,0.0424999999999995,1.0,0.0,1.0,1.0,0.0,1.0,1.0,1.0
2020-05-29 22:39:14,-0.0120000000000004,8.772,8.76,-0.0199999999999995,8.772,60.80000000000001,0.0424999999999995,1.0,0.0,1.0,1.0,0.0,1.0,1.0,1.0
2020-05-29 22:39:24,-0.0139999999999993,8.756,8.746,-0.0219999999999984,8.758,60.75,0.0424999999999995,1.0,0.0,1.0,1.0,0.0,1.0,1.0,1.0
2020-05-29 22:39:34,-0.0120000000000004,8.744,8.734,-0.0199999999999995,8.746,60.575,0.0424999999999995,1.0,0.0,1.0,1.0,0.0,1.0,1.0,1.0
2020-05-29 22:39:44,-0.0120000000000004,8.73,8.718,-0.0199999999999995,8.732,60.575,0.0449999999999999,1.0,0.0,1.0,1.0,0.0,1.0,1.0,1.0
2020-05-29 22:39:54,-0.0120000000000004,8.718,8.704,-0.0199999999999995,8.718,60.35,0.0424999999999995,1.0,0.0,1.0,1.0,0.0,1.0,1.0,1.0
2020-05-29 22:40:04,-0.0139999999999993,8.704,8.69,-0.0219999999999984,8.704,60.375,0.0424999999999995,1.0,0.0,1.0,1.0,0.0,1.0,1.0,1.0
2020-05-29 22:40:14,-0.0120000000000004,8.69,8.678,-0.0199999999999995,8.69,60.27499999999999,0.0424999999999995,1.0,0.0,1.0,1.0,0.0,1.0,1.0,1.0
2020-05-29 22:40:24,-0.0120000000000004,8.678,8.664,-0.0199999999999995,8.678,60.27499999999999,0.0424999999999995,1.0,0.0,1.0,1.0,0.0,1.0,1.0,1.0
2020-05-29 22:40:34,-0.0120000000000004,8.662,8.65,-0.0199999999999995,8.664,60.25,0.04,1.0,0.0,1.0,1.0,0.0,1.0,1.0,1.0
2020-05-29 22:40:43,-0.0120000000000004,8.648,8.636,-0.0199999999999995,8.648,60.07499999999999,0.0424999999999995,1.0,0.0,1.0,1.0,0.0,1.0,1.0,1.0
2020-05-29 22:40:53,-0.0139999999999993,8.636,8.622,-0.0219999999999984,8.634,60.125,0.0424999999999995,1.0,0.0,1.0,1.0,0.0,1.0,1.0,1.0
2020-05-29 22:41:03,-0.0120000000000004,8.622,8.61,-0.0219999999999984,8.622,59.87499999999999,0.0424999999999995,1.0,0.0,1.0,1.0,0.0,1.0,1.0,1.0
2020-05-29 22:41:13,-0.0120000000000004,8.608,8.596,-0.0199999999999995,8.606,59.975,0.0424999999999995,1.0,0.0,1.0,1.0,0.0,1.0,1.0,1.0
2020-05-29 22:41:23,-0.0120000000000004,8.596,8.584,-0.0199999999999995,8.594,59.87499999999999,0.0424999999999995,1.0,0.0,1.0,1.0,0.0,1.0,1.0,1.0
2020-05-29 22:41:33,-0.0120000000000004,8.582,8.57,-0.0219999999999984,8.584,59.80000000000001,0.0424999999999995,1.0,0.0,1.0,1.0,0.0,1.0,1.0,1.0
2020-05-29 22:41:43,-0.0120000000000004,8.57,8.558,-0.0219999999999984,8.57,59.67499999999998,0.0424999999999995,1.0,0.0,1.0,1.0,0.0,1.0,1.0,1.0
2020-05-29 22:41:53,-0.0120000000000004,8.556,8.544,-0.0199999999999995,8.556,59.650000000000006,0.0424999999999995,1.0,0.0,1.0,1.0,0.0,1.0,1.0,1.0
2020-05-29 22:42:03,-0.0120000000000004,8.54,8.53,-0.0199999999999995,8.544,59.67499999999998,0.0424999999999995,1.0,0.0,1.0,1.0,0.0,1.0,1.0,1.0
2020-05-29 22:42:13,-0.0120000000000004,8.528,8.516,-0.0219999999999984,8.53,59.525000000000006,0.0424999999999995,1.0,0.0,1.0,1.0,0.0,1.0,1.0,1.0
2020-05-29 22:42:23,-0.0139999999999993,8.514,8.504,-0.0199999999999995,8.516,59.475,0.0424999999999995,1.0,0.0,1.0,1.0,0.0,1.0,1.0,1.0
2020-05-29 22:42:32,-0.0120000000000004,8.502,8.488,-0.0199999999999995,8.502,59.475,0.0449999999999999,1.0,0.0,1.0,1.0,0.0,1.0,1.0,1.0
2020-05-29 22:42:42,-0.0120000000000004,8.488,8.476,-0.0199999999999995,8.49,59.400000000000006,0.0424999999999995,1.0,0.0,1.0,1.0,0.0,1.0,1.0,1.0
2020-05-29 22:42:52,-0.0120000000000004,8.476,8.464,-0.0199999999999995,8.476,59.25,0.0424999999999995,1.0,0.0,1.0,1.0,0.0,1.0,1.0,1.0
2020-05-29 22:43:02,-0.0120000000000004,8.462,8.45,-0.0219999999999984,8.464,59.275000000000006,0.0424999999999995,1.0,0.0,1.0,1.0,0.0,1.0,1.0,1.0
2020-05-29 22:43:12,-0.0120000000000004,8.45,8.438,-0.0219999999999984,8.45,59.35,0.0424999999999995,1.0,0.0,1.0,1.0,0.0,1.0,1.0,1.0
2020-05-29 22:43:22,-0.0120000000000004,8.436,8.428,-0.0199999999999995,8.438,59.2,0.0424999999999995,1.0,0.0,1.0,1.0,0.0,1.0,1.0,1.0
2020-05-29 22:43:32,-0.0139999999999993,8.424,8.412,-0.0199999999999995,8.424,59.125,0.0424999999999995,1.0,0.0,1.0,1.0,0.0,1.0,1.0,1.0
2020-05-29 22:43:42,-0.0120000000000004,8.41,8.4,-0.0199999999999995,8.412,59.07500000000002,0.0424999999999995,1.0,0.0,1.0,1.0,0.0,1.0,1.0,1.0
2020-05-29 22:43:52,-0.0120000000000004,8.4,8.388,-0.0199999999999995,8.4,59.07500000000002,0.0424999999999995,1.0,0.0,1.0,1.0,0.0,1.0,1.0,1.0
2020-05-29 22:44:02,-0.0139999999999993,8.384,8.374,-0.0199999999999995,8.386,58.975,0.0424999999999995,1.0,0.0,1.0,1.0,0.0,1.0,1.0,1.0
2020-05-29 22:44:12,-0.0139999999999993,8.372,8.36,-0.0219999999999984,8.374,58.975,0.0449999999999999,1.0,0.0,1.0,1.0,0.0,1.0,1.0,1.0
2020-05-29 22:44:21,-0.0139999999999993,8.358,8.348,-0.0219999999999984,8.362,58.92500000000001,0.04,1.0,0.0,1.0,1.0,0.0,1.0,1.0,1.0
2020-05-29 22:44:31,-0.0139999999999993,8.348,8.338,-0.0219999999999984,8.348,58.92500000000001,0.0424999999999995,1.0,0.0,1.0,1.0,0.0,1.0,1.0,1.0
2020-05-29 22:44:41,-0.0120000000000004,8.334,8.324,-0.0219999999999984,8.336,58.80000000000001,0.0424999999999995,1.0,0.0,1.0,1.0,0.0,1.0,1.0,1.0
2020-05-29 22:44:51,-0.0139999999999993,8.32,8.31,-0.0219999999999984,8.322,58.80000000000001,0.0424999999999995,1.0,0.0,1.0,1.0,0.0,1.0,1.0,1.0
2020-05-29 22:45:01,-0.0139999999999993,8.31,8.298,-0.0199999999999995,8.31,58.7,0.0424999999999995,1.0,0.0,1.0,1.0,0.0,1.0,1.0,1.0
2020-05-29 22:45:11,-0.0139999999999993,8.296,8.284,-0.0199999999999995,8.298,58.67500000000001,0.0424999999999995,1.0,0.0,1.0,1.0,0.0,1.0,1.0,1.0
2020-05-29 22:45:21,-0.0120000000000004,8.282,8.272,-0.0219999999999984,8.284,58.625,0.0424999999999995,1.0,0.0,1.0,1.0,0.0,1.0,1.0,1.0
2020-05-29 22:45:31,-0.0120000000000004,8.272,8.26,-0.0199999999999995,8.272,58.45,0.0424999999999995,1.0,0.0,1.0,1.0,0.0,1.0,1.0,1.0
2020-05-29 22:45:41,-0.0120000000000004,8.258,8.248,-0.0199999999999995,8.26,58.575,0.0424999999999995,1.0,0.0,1.0,1.0,0.0,1.0,1.0,1.0
2020-05-29 22:45:51,-0.0120000000000004,8.246,8.236,-0.0199999999999995,8.248,58.375,0.0424999999999995,1.0,0.0,1.0,1.0,0.0,1.0,1.0,1.0
2020-05-29 22:46:01,-0.0139999999999993,8.234,8.222,-0.0199999999999995,8.232,58.375,0.0424999999999995,1.0,0.0,1.0,1.0,0.0,1.0,1.0,1.0
2020-05-29 22:46:10,-0.0139999999999993,8.22,8.21,-0.0219999999999984,8.222,58.35,0.0424999999999995,1.0,0.0,1.0,1.0,0.0,1.0,1.0,1.0
2020-05-29 22:46:20,-0.0120000000000004,8.21,8.2,-0.0180000000000006,8.21,58.325,0.0424999999999995,1.0,0.0,1.0,1.0,0.0,1.0,1.0,1.0
2020-05-29 22:46:30,-0.0139999999999993,8.196,8.184,-0.0219999999999984,8.198,58.275000000000006,0.0424999999999995,1.0,0.0,1.0,1.0,0.0,1.0,1.0,1.0
2020-05-29 22:46:40,-0.0120000000000004,8.184,8.174,-0.0199999999999995,8.186,58.275000000000006,0.0424999999999995,1.0,0.0,1.0,1.0,0.0,1.0,1.0,1.0
2020-05-29 22:46:50,-0.0139999999999993,8.172,8.16,-0.0199999999999995,8.174,58.225,0.0424999999999995,1.0,0.0,1.0,1.0,0.0,1.0,1.0,1.0
2020-05-29 22:47:00,-0.0120000000000004,8.158,8.146,-0.0219999999999984,8.16,57.975,0.0424999999999995,1.0,0.0,1.0,1.0,0.0,1.0,1.0,1.0
2020-05-29 22:47:10,-0.0120000000000004,8.146,8.136,-0.0199999999999995,8.146,58.0,0.0424999999999995,1.0,0.0,1.0,1.0,0.0,1.0,1.0,1.0
2020-05-29 22:47:20,-0.0139999999999993,8.134,8.124,-0.0219999999999984,8.136,58.02499999999999,0.0424999999999995,1.0,0.0,1.0,1.0,0.0,1.0,1.0,1.0
2020-05-29 22:47:30,-0.0139999999999993,8.12,8.11,-0.0199999999999995,8.124,58.175,0.0424999999999995,1.0,0.0,1.0,1.0,0.0,1.0,1.0,1.0
2020-05-29 22:47:40,-0.0120000000000004,8.108,8.1,-0.0199999999999995,8.11,57.975,0.0424999999999995,1.0,0.0,1.0,1.0,0.0,1.0,1.0,1.0
2020-05-29 22:47:50,-0.0139999999999993,8.098,8.086,-0.0219999999999984,8.1,57.875000000000014,0.0424999999999995,1.0,0.0,1.0,1.0,0.0,1.0,1.0,1.0
2020-05-29 22:47:59,-0.0139999999999993,8.086,8.076,-0.0199999999999995,8.088,57.875000000000014,0.0424999999999995,1.0,0.0,1.0,1.0,0.0,1.0,1.0,1.0
2020-05-29 22:48:09,-0.0139999999999993,8.072,8.062,-0.0199999999999995,8.074,57.85,0.0424999999999995,1.0,0.0,1.0,1.0,0.0,1.0,1.0,1.0
2020-05-29 22:48:19,-0.0139999999999993,8.06,8.05,-0.0219999999999984,8.062,57.80000000000001,0.0424999999999995,1.0,0.0,1.0,1.0,0.0,1.0,1.0,1.0
2020-05-29 22:48:29,0.904,8.048,-0.0279999999999986,-0.0199999999999995,8.05,57.60000000000001,4.8025,0.0,1.0,1.0,0.0,0.0,1.0,1.0,1.0
2020-05-29 22:48:39,8.478,8.058,-0.0259999999999998,-0.0199999999999995,8.058,57.67500000000001,5.852500000000001,0.0,1.0,1.0,0.0,0.0,1.0,1.0,1.0
2020-05-29 22:48:49,6.859999999999999,8.25,-0.0219999999999984,-0.0219999999999984,8.246,57.67500000000001,5.3475,0.0,1.0,0.0,0.0,0.0,1.0,1.0,1.0
2020-05-29 22:48:59,8.87,8.41,-0.0180000000000006,-0.0199999999999995,8.406,58.2,5.774999999999999,0.0,1.0,0.0,0.0,0.0,1.0,1.0,1.0
2020-05-29 22:49:09,9.098,8.654,-0.0159999999999982,-0.0199999999999995,8.652,59.000000000000014,5.952500000000001,0.0,1.0,0.0,0.0,0.0,1.0,1.0,1.0
2020-05-29 22:49:19,9.288,8.866,-0.0159999999999982,-0.0219999999999984,8.862,59.7,6.032500000000001,0.0,1.0,0.0,0.0,0.0,1.0,1.0,1.0
2020-05-29 22:49:29,0.4260000000000001,9.018,2.661999999999999,0.314,9.016,60.67499999999998,3.934999999999999,0.0,1.0,0.0,0.0,0.0,1.0,1.0,1.0
2020-05-29 22:49:39,7.622,8.972,-0.0139999999999993,-0.0199999999999995,8.97,61.775000000000006,5.48,0.0,1.0,0.0,0.0,0.0,1.0,1.0,1.0
2020-05-29 22:49:49,1.5579999999999998,9.08,6.837999999999999,1.2699999999999996,9.076,63.25,3.9725,0.0,1.0,1.0,0.0,0.0,1.0,1.0,1.0
2020-05-29 22:49:59,7.795999999999999,9.042,-0.0120000000000004,-0.0219999999999984,9.038,64.3,5.637499999999999,0.0,1.0,1.0,0.0,0.0,1.0,1.0,1.0
2020-05-29 22:50:08,9.592,9.172,-0.0120000000000004,-0.0219999999999984,9.168,65.35,6.107499999999998,0.0,1.0,1.0,0.0,0.0,1.0,1.0,1.0
2020-05-29 22:50:18,9.512,9.278,-0.009999999999998,1.0679999999999996,9.276,65.97500000000001,6.0275,0.0,1.0,1.0,0.0,0.0,1.0,1.0,1.0
2020-05-29 22:50:28,9.558,9.332,-0.009999999999998,1.0739999999999998,9.33,66.65,5.987499999999999,0.0,1.0,1.0,0.0,0.0,1.0,1.0,1.0
2020-05-29 22:50:38,9.604,9.382,-0.0120000000000004,1.08,9.38,67.55,5.93,0.0,1.0,1.0,0.0,0.0,1.0,1.0,1.0
2020-05-29 22:50:48,6.428000000000001,9.432,-0.0120000000000004,0.5599999999999987,9.43,68.32499999999999,5.344999999999999,0.0,1.0,0.0,0.0,0.0,1.0,1.0,1.0
2020-05-29 22:50:58,9.194,9.396,-0.0120000000000004,0.9939999999999998,9.394,69.39999999999999,5.960000000000001,0.0,1.0,0.0,0.0,0.0,1.0,1.0,1.0
2020-05-29 22:51:08,9.65,9.432,-0.0120000000000004,1.0760000000000003,9.43,69.97500000000001,6.09,0.0,1.0,0.0,0.0,0.0,1.0,1.0,1.0
2020-05-29 22:51:18,9.706,9.49,-0.0120000000000004,1.0860000000000003,9.488,70.5,6.0600000000000005,0.0,1.0,0.0,0.0,0.0,1.0,1.0,1.0
2020-05-29 22:51:28,9.748,9.538,-0.0139999999999993,1.0919999999999987,9.538,70.52499999999999,5.98,0.0,1.0,0.0,0.0,0.0,1.0,1.0,1.0
2020-05-29 22:51:38,9.794,9.588,-0.0120000000000004,1.0999999999999996,9.586,70.725,5.949999999999999,0.0,1.0,0.0,0.0,0.0,1.0,1.0,1.0
2020-05-29 22:51:48,4.98,9.63,1.0919999999999987,4.186,9.626,70.85,4.385,0.0,1.0,1.0,0.0,0.0,1.0,1.0,1.0
2020-05-29 22:51:58,9.952,9.618,-0.0120000000000004,-0.0159999999999982,9.612,71.05,6.109999999999999,0.0,1.0,1.0,0.0,0.0,1.0,1.0,1.0
2020-05-29 22:52:07,10.188,9.798,-0.0120000000000004,-0.0159999999999982,9.794,71.37500000000001,6.205,0.0,1.0,1.0,0.0,0.0,1.0,1.0,1.0
2020-05-29 22:52:17,10.354,9.972,-0.0120000000000004,-0.0159999999999982,9.968,71.125,6.1850000000000005,0.0,1.0,1.0,0.0,0.0,1.0,1.0,1.0
2020-05-29 22:52:27,10.524,10.152,-0.0120000000000004,-0.0139999999999993,10.148,71.05,6.112500000000001,0.0,1.0,1.0,0.0,0.0,1.0,1.0,1.0
2020-05-29 22:52:37,-0.0259999999999998,10.108,10.108,-0.0199999999999995,10.104,71.125,3.785,1.0,0.0,1.0,1.0,0.0,1.0,1.0,1.0
2020-05-29 22:52:47,-0.0240000000000009,10.07,10.068,-0.0219999999999984,10.064,71.05,3.83,1.0,0.0,1.0,1.0,0.0,1.0,1.0,1.0
2020-05-29 22:52:57,-0.0219999999999984,10.034,10.03,-0.0219999999999984,10.032,70.75,3.7775,1.0,0.0,1.0,1.0,0.0,1.0,1.0,1.0
2020-05-29 22:53:07,-0.0199999999999995,10.006,10.0,-0.0219999999999984,10.004,70.7,3.747500000000001,1.0,0.0,1.0,1.0,0.0,1.0,1.0,1.0
2020-05-29 22:53:17,-0.0159999999999982,9.978,9.972,-0.0219999999999984,9.976,70.825,3.75,1.0,0.0,1.0,1.0,0.0,1.0,1.0,1.0
2020-05-29 22:53:27,-0.0159999999999982,9.952,9.944,-0.0219999999999984,9.95,70.75,3.78,1.0,0.0,1.0,1.0,0.0,1.0,1.0,1.0
2020-05-29 22:53:37,-0.0139999999999993,9.928,9.92,-0.0199999999999995,9.928,70.625,3.83,1.0,0.0,1.0,1.0,0.0,1.0,1.0,1.0
2020-05-29 22:53:47,-0.0139999999999993,9.908,9.898,-0.0219999999999984,9.906,70.44999999999999,3.844999999999999,1.0,0.0,1.0,1.0,0.0,1.0,1.0,1.0
2020-05-29 22:53:57,-0.0139999999999993,9.886,9.874,-0.0199999999999995,9.886,70.025,3.82,1.0,0.0,1.0,1.0,0.0,1.0,1.0,1.0
2020-05-29 22:54:06,-0.0120000000000004,9.864,9.852,-0.0199999999999995,9.864,69.64999999999999,3.7624999999999993,1.0,0.0,1.0,1.0,0.0,1.0,1.0,1.0
2020-05-29 22:54:16,-0.0139999999999993,9.846,9.834,-0.0199999999999995,9.844,69.22500000000001,3.7425,1.0,0.0,1.0,1.0,0.0,1.0,1.0,1.0
2020-05-29 22:54:26,-0.0120000000000004,9.826,9.814,-0.0219999999999984,9.826,69.025,3.75,1.0,0.0,1.0,1.0,0.0,1.0,1.0,1.0
2020-05-29 22:54:36,-0.0120000000000004,9.806,9.794,-0.0219999999999984,9.806,68.85,3.844999999999999,1.0,0.0,1.0,1.0,0.0,1.0,1.0,1.0
2020-05-29 22:54:46,-0.0120000000000004,9.788,9.776,-0.0219999999999984,9.786,68.75,3.83,1.0,0.0,1.0,1.0,0.0,1.0,1.0,1.0
2020-05-29 22:54:56,-0.0120000000000004,9.77,9.758,-0.0199999999999995,9.77,68.55,3.83,1.0,0.0,1.0,1.0,0.0,1.0,1.0,1.0
2020-05-29 22:55:06,-0.0120000000000004,9.752,9.738,-0.0219999999999984,9.75,68.22500000000001,3.7525,1.0,0.0,1.0,1.0,0.0,1.0,1.0,1.0
2020-05-29 22:55:16,-0.0120000000000004,9.734,9.72,-0.0219999999999984,9.734,67.95,3.745000000000001,1.0,0.0,1.0,1.0,0.0,1.0,1.0,1.0
2020-05-29 22:55:26,-0.009999999999998,9.718,9.706,-0.0199999999999995,9.718,67.75,3.74,1.0,0.0,1.0,1.0,0.0,1.0,1.0,1.0
2020-05-29 22:55:36,-0.009999999999998,9.7,9.686,-0.0199999999999995,9.698,67.32499999999999,3.84,1.0,0.0,1.0,1.0,0.0,1.0,1.0,1.0
2020-05-29 22:55:46,-0.0120000000000004,9.682,9.67,-0.0199999999999995,9.682,67.15,3.84,1.0,0.0,1.0,1.0,0.0,1.0,1.0,1.0
2020-05-29 22:55:56,-0.0120000000000004,9.666,9.652,-0.0199999999999995,9.666,67.05000000000001,3.8125,1.0,0.0,1.0,1.0,0.0,1.0,1.0,1.0
2020-05-29 22:56:05,-0.009999999999998,9.648,9.636,-0.0199999999999995,9.648,66.95,3.754999999999999,1.0,0.0,1.0,1.0,0.0,1.0,1.0,1.0
2020-05-29 22:56:15,-0.009999999999998,9.634,9.62,-0.0219999999999984,9.634,66.85000000000001,3.7375000000000007,1.0,0.0,1.0,1.0,0.0,1.0,1.0,1.0
2020-05-29 22:56:25,-0.0120000000000004,9.618,9.604,-0.0219999999999984,9.616,66.85000000000001,3.75,1.0,0.0,1.0,1.0,0.0,1.0,1.0,1.0
2020-05-29 22:56:35,-0.0120000000000004,9.598,9.586,-0.0199999999999995,9.598,66.85000000000001,3.78,1.0,0.0,1.0,1.0,0.0,1.0,1.0,1.0
2020-05-29 22:56:45,-0.009999999999998,9.584,9.57,-0.0199999999999995,9.584,66.75,3.805,1.0,0.0,1.0,1.0,0.0,1.0,1.0,1.0
2020-05-29 22:56:55,-0.0120000000000004,9.568,9.556,-0.0199999999999995,9.568,66.85000000000001,3.84,1.0,0.0,1.0,1.0,0.0,1.0,1.0,1.0
2020-05-29 22:57:05,-0.009999999999998,9.552,9.538,-0.0199999999999995,9.552,66.92499999999998,3.7875,1.0,0.0,1.0,1.0,0.0,1.0,1.0,1.0
2020-05-29 22:57:15,-0.0120000000000004,9.536,9.524,-0.0199999999999995,9.536,66.8,3.75,1.0,0.0,1.0,1.0,0.0,1.0,1.0,1.0
2020-05-29 22:57:25,-0.009999999999998,9.522,9.508,-0.0199999999999995,9.52,66.8,3.727500000000001,1.0,0.0,1.0,1.0,0.0,1.0,1.0,1.0
2020-05-29 22:57:35,-0.0120000000000004,9.506,9.494,-0.0199999999999995,9.506,66.95,3.7575,1.0,0.0,1.0,1.0,0.0,1.0,1.0,1.0
2020-05-29 22:57:45,-0.0120000000000004,9.49,9.476,-0.0219999999999984,9.492,66.85000000000001,3.8125,1.0,0.0,1.0,1.0,0.0,1.0,1.0,1.0
2020-05-29 22:57:55,-0.009999999999998,9.476,9.462,-0.0199999999999995,9.476,66.75,3.855,1.0,0.0,1.0,1.0,0.0,1.0,1.0,1.0
2020-05-29 22:58:05,-0.009999999999998,9.458,9.446,-0.0199999999999995,9.46,66.875,3.774999999999999,1.0,0.0,1.0,1.0,0.0,1.0,1.0,1.0
2020-05-29 22:58:14,-0.009999999999998,9.444,9.432,-0.0199999999999995,9.444,66.85000000000001,3.7375000000000007,1.0,0.0,1.0,1.0,0.0,1.0,1.0,1.0
2020-05-29 22:58:24,-0.009999999999998,9.428,9.416,-0.0199999999999995,9.43,66.85000000000001,3.7250000000000014,1.0,0.0,1.0,1.0,0.0,1.0,1.0,1.0
2020-05-29 22:58:34,-0.0120000000000004,9.414,9.402,-0.0199999999999995,9.414,67.0,3.735000000000001,1.0,0.0,1.0,1.0,0.0,1.0,1.0,1.0
2020-05-29 22:58:44,-0.009999999999998,9.398,9.384,-0.0199999999999995,9.398,66.8,3.8249999999999993,1.0,0.0,1.0,1.0,0.0,1.0,1.0,1.0
2020-05-29 22:58:54,-0.009999999999998,9.382,9.37,-0.0199999999999995,9.384,66.85000000000001,3.834999999999999,1.0,0.0,1.0,1.0,0.0,1.0,1.0,1.0
2020-05-29 22:59:04,-0.009999999999998,9.368,9.356,-0.0199999999999995,9.368,66.775,3.7975,1.0,0.0,1.0,1.0,0.0,1.0,1.0,1.0
2020-05-29 22:59:14,-0.0120000000000004,9.352,9.34,-0.0199999999999995,9.352,66.825,3.7425,1.0,0.0,1.0,1.0,0.0,1.0,1.0,1.0
2020-05-29 22:59:24,-0.0120000000000004,9.338,9.324,-0.0219999999999984,9.338,66.825,0.0475000000000003,1.0,0.0,1.0,1.0,0.0,1.0,1.0,1.0
2020-05-29 22:59:34,-0.0120000000000004,9.322,9.31,-0.0219999999999984,9.324,66.85000000000001,0.0449999999999999,1.0,0.0,1.0,1.0,0.0,1.0,1.0,1.0
2020-05-29 22:59:44,-0.009999999999998,9.308,9.294,-0.0180000000000006,9.308,66.7,0.0449999999999999,1.0,0.0,1.0,1.0,0.0,1.0,1.0,1.0
2020-05-29 22:59:54,-0.009999999999998,9.29,9.276,-0.0199999999999995,9.292,66.45,0.0449999999999999,1.0,0.0,1.0,1.0,0.0,1.0,1.0,1.0
2020-05-29 23:00:04,-0.0120000000000004,9.276,9.262,-0.0199999999999995,9.278,65.95,0.0449999999999999,1.0,0.0,1.0,1.0,0.0,1.0,1.0,1.0
2020-05-29 23:00:13,-0.0120000000000004,9.26,9.248,-0.0219999999999984,9.264,65.625,0.0449999999999999,1.0,0.0,1.0,1.0,0.0,1.0,1.0,1.0
2020-05-29 23:00:23,-0.009999999999998,9.246,9.232,-0.0199999999999995,9.246,65.25000000000001,0.0424999999999995,1.0,0.0,1.0,1.0,0.0,1.0,1.0,1.0
2020-05-29 23:00:33,-0.009999999999998,9.23,9.216,-0.0199999999999995,9.232,64.95,0.0449999999999999,1.0,0.0,1.0,1.0,0.0,1.0,1.0,1.0
2020-05-29 23:00:43,-0.0120000000000004,9.216,9.202,-0.0199999999999995,9.216,64.675,0.0449999999999999,1.0,0.0,1.0,1.0,0.0,1.0,1.0,1.0
2020-05-29 23:00:53,-0.009999999999998,9.2,9.186,-0.0199999999999995,9.2,64.35,0.0424999999999995,1.0,0.0,1.0,1.0,0.0,1.0,1.0,1.0
2020-05-29 23:01:03,-0.0120000000000004,9.184,9.17,-0.0199999999999995,9.184,64.12500000000001,0.0449999999999999,1.0,0.0,1.0,1.0,0.0,1.0,1.0,1.0
2020-05-29 23:01:13,-0.0120000000000004,9.17,9.156,-0.0199999999999995,9.17,63.94999999999999,0.0449999999999999,1.0,0.0,1.0,1.0,0.0,1.0,1.0,1.0
2020-05-29 23:01:23,-0.0120000000000004,9.156,9.142,-0.0199999999999995,9.156,63.650000000000006,0.0449999999999999,1.0,0.0,1.0,1.0,0.0,1.0,1.0,1.0
2020-05-29 23:01:33,-0.0120000000000004,9.14,9.126,-0.0219999999999984,9.142,63.575,0.0424999999999995,1.0,0.0,1.0,1.0,0.0,1.0,1.0,1.0
2020-05-29 23:01:43,-0.0120000000000004,9.126,9.112,-0.0180000000000006,9.124,63.375,0.0424999999999995,1.0,0.0,1.0,1.0,0.0,1.0,1.0,1.0
2020-05-29 23:01:53,-0.0120000000000004,9.11,9.096,-0.0199999999999995,9.11,63.175,0.0449999999999999,1.0,0.0,1.0,1.0,0.0,1.0,1.0,1.0
2020-05-29 23:02:03,-0.0120000000000004,9.096,9.082,-0.0199999999999995,9.094,63.05000000000001,0.0424999999999995,1.0,0.0,1.0,1.0,0.0,1.0,1.0,1.0
2020-05-29 23:02:12,-0.0120000000000004,9.08,9.066,-0.0199999999999995,9.08,62.94999999999999,0.0424999999999995,1.0,0.0,1.0,1.0,0.0,1.0,1.0,1.0
2020-05-29 23:02:22,-0.0120000000000004,9.068,9.052,-0.0199999999999995,9.066,62.825,0.0424999999999995,1.0,0.0,1.0,1.0,0.0,1.0,1.0,1.0
2020-05-29 23:02:32,-0.0120000000000004,9.05,9.036,-0.0199999999999995,9.052,62.775000000000006,0.0424999999999995,1.0,0.0,1.0,1.0,0.0,1.0,1.0,1.0
2020-05-29 23:02:42,-0.0120000000000004,9.036,9.022,-0.0219999999999984,9.036,62.575,0.0449999999999999,1.0,0.0,1.0,1.0,0.0,1.0,1.0,1.0
2020-05-29 23:02:52,-0.0120000000000004,9.022,9.008,-0.0199999999999995,9.022,62.475,0.0424999999999995,1.0,0.0,1.0,1.0,0.0,1.0,1.0,1.0
2020-05-29 23:03:02,-0.0120000000000004,9.006,8.992,-0.0199999999999995,9.008,62.45,0.0424999999999995,1.0,0.0,1.0,1.0,0.0,1.0,1.0,1.0
2020-05-29 23:03:12,-0.0120000000000004,8.99,8.978,-0.0199999999999995,8.992,62.375,0.0424999999999995,1.0,0.0,1.0,1.0,0.0,1.0,1.0,1.0
2020-05-29 23:03:22,-0.0120000000000004,8.978,8.964,-0.0199999999999995,8.978,62.27499999999999,0.0424999999999995,1.0,0.0,1.0,1.0,0.0,1.0,1.0,1.0
2020-05-29 23:03:32,-0.0120000000000004,8.962,8.95,-0.0219999999999984,8.964,62.175,0.0424999999999995,1.0,0.0,1.0,1.0,0.0,1.0,1.0,1.0
2020-05-29 23:03:42,-0.0120000000000004,8.948,8.934,-0.0199999999999995,8.948,62.175,0.0424999999999995,1.0,0.0,1.0,1.0,0.0,1.0,1.0,1.0
2020-05-29 23:03:52,-0.0120000000000004,8.934,8.92,-0.0199999999999995,8.932,61.94999999999999,0.0424999999999995,1.0,0.0,1.0,1.0,0.0,1.0,1.0,1.0
2020-05-29 23:04:02,-0.0120000000000004,8.92,8.906,-0.0199999999999995,8.92,61.87499999999999,0.0424999999999995,1.0,0.0,1.0,1.0,0.0,1.0,1.0,1.0
2020-05-29 23:04:12,-0.0120000000000004,8.906,8.89,-0.0199999999999995,8.906,61.87499999999999,0.0424999999999995,1.0,0.0,1.0,1.0,0.0,1.0,1.0,1.0
2020-05-29 23:04:21,-0.0139999999999993,8.888,8.876,-0.0199999999999995,8.89,61.675,0.0424999999999995,1.0,0.0,1.0,1.0,0.0,1.0,1.0,1.0
2020-05-29 23:04:31,-0.0120000000000004,8.876,8.862,-0.0199999999999995,8.878,61.7,0.0424999999999995,1.0,0.0,1.0,1.0,0.0,1.0,1.0,1.0
2020-05-29 23:04:41,-0.0120000000000004,8.862,8.848,-0.0199999999999995,8.862,61.650000000000006,0.0424999999999995,1.0,0.0,1.0,1.0,0.0,1.0,1.0,1.0
2020-05-29 23:04:51,-0.009999999999998,8.848,8.836,-0.0180000000000006,8.85,61.55,0.0424999999999995,1.0,0.0,1.0,1.0,0.0,1.0,1.0,1.0
2020-05-29 23:05:01,-0.0120000000000004,8.834,8.82,-0.0199999999999995,8.834,61.55,0.0424999999999995,1.0,0.0,1.0,1.0,0.0,1.0,1.0,1.0
2020-05-29 23:05:11,-0.0120000000000004,8.818,8.806,-0.0199999999999995,8.82,61.425,0.0424999999999995,1.0,0.0,1.0,1.0,0.0,1.0,1.0,1.0
2020-05-29 23:05:21,-0.0120000000000004,8.804,8.792,-0.0199999999999995,8.804,61.27499999999999,0.0424999999999995,1.0,0.0,1.0,1.0,0.0,1.0,1.0,1.0
2020-05-29 23:05:31,-0.0120000000000004,8.79,8.778,-0.0199999999999995,8.792,61.14999999999999,0.0424999999999995,1.0,0.0,1.0,1.0,0.0,1.0,1.0,1.0
2020-05-29 23:05:41,-0.0139999999999993,8.776,8.764,-0.0199999999999995,8.778,61.25,0.0424999999999995,1.0,0.0,1.0,1.0,0.0,1.0,1.0,1.0
2020-05-29 23:05:51,-0.0120000000000004,8.764,8.75,-0.0199999999999995,8.764,61.1,0.0424999999999995,1.0,0.0,1.0,1.0,0.0,1.0,1.0,1.0
2020-05-29 23:06:01,-0.0120000000000004,8.748,8.736,-0.0199999999999995,8.75,61.07499999999999,0.0424999999999995,1.0,0.0,1.0,1.0,0.0,1.0,1.0,1.0
2020-05-29 23:06:11,-0.0120000000000004,8.734,8.722,-0.0219999999999984,8.736,60.94999999999999,0.0424999999999995,1.0,0.0,1.0,1.0,0.0,1.0,1.0,1.0
2020-05-29 23:06:20,-0.0120000000000004,8.72,8.708,-0.0199999999999995,8.722,60.87499999999999,0.0424999999999995,1.0,0.0,1.0,1.0,0.0,1.0,1.0,1.0
2020-05-29 23:06:30,-0.0139999999999993,8.706,8.694,-0.0219999999999984,8.708,60.94999999999999,0.0424999999999995,1.0,0.0,1.0,1.0,0.0,1.0,1.0,1.0
2020-05-29 23:06:40,-0.0120000000000004,8.692,8.68,-0.0199999999999995,8.696,60.775000000000006,0.0424999999999995,1.0,0.0,1.0,1.0,0.0,1.0,1.0,1.0
2020-05-29 23:06:50,-0.0120000000000004,8.68,8.668,-0.0199999999999995,8.68,60.650000000000006,0.0424999999999995,1.0,0.0,1.0,1.0,0.0,1.0,1.0,1.0
2020-05-29 23:07:00,-0.0139999999999993,8.666,8.652,-0.0219999999999984,8.666,60.650000000000006,0.0424999999999995,1.0,0.0,1.0,1.0,0.0,1.0,1.0,1.0
2020-05-29 23:07:10,-0.0120000000000004,8.652,8.64,-0.0219999999999984,8.652,60.575,0.0424999999999995,1.0,0.0,1.0,1.0,0.0,1.0,1.0,1.0
2020-05-29 23:07:20,-0.0120000000000004,8.638,8.628,-0.0219999999999984,8.64,60.525000000000006,0.0424999999999995,1.0,0.0,1.0,1.0,0.0,1.0,1.0,1.0
2020-05-29 23:07:30,-0.0120000000000004,8.624,8.612,-0.0199999999999995,8.624,60.475,0.0424999999999995,1.0,0.0,1.0,1.0,0.0,1.0,1.0,1.0
2020-05-29 23:07:40,-0.0139999999999993,8.612,8.6,-0.0219999999999984,8.612,60.375,0.0424999999999995,1.0,0.0,1.0,1.0,0.0,1.0,1.0,1.0
2020-05-29 23:07:50,-0.0120000000000004,8.598,8.586,-0.0219999999999984,8.598,60.375,0.0424999999999995,1.0,0.0,1.0,1.0,0.0,1.0,1.0,1.0
2020-05-29 23:08:00,-0.0120000000000004,8.584,8.572,-0.0199999999999995,8.584,60.25,0.0424999999999995,1.0,0.0,1.0,1.0,0.0,1.0,1.0,1.0
2020-05-29 23:08:10,-0.0120000000000004,8.57,8.558,-0.0219999999999984,8.572,60.25,0.0424999999999995,1.0,0.0,1.0,1.0,0.0,1.0,1.0,1.0
2020-05-29 23:08:19,-0.0120000000000004,8.558,8.546,-0.0199999999999995,8.56,60.175,0.0424999999999995,1.0,0.0,1.0,1.0,0.0,1.0,1.0,1.0
2020-05-29 23:08:29,-0.0120000000000004,8.544,8.532,-0.0199999999999995,8.546,60.02499999999999,0.0424999999999995,1.0,0.0,1.0,1.0,0.0,1.0,1.0,1.0
2020-05-29 23:08:39,-0.0120000000000004,8.53,8.518,-0.0199999999999995,8.53,60.1,0.0424999999999995,1.0,0.0,1.0,1.0,0.0,1.0,1.0,1.0
2020-05-29 23:08:49,-0.0120000000000004,8.518,8.506,-0.0199999999999995,8.518,60.07499999999999,0.0424999999999995,1.0,0.0,1.0,1.0,0.0,1.0,1.0,1.0
2020-05-29 23:08:59,-0.0139999999999993,8.504,8.492,-0.0199999999999995,8.504,59.87499999999999,0.0424999999999995,1.0,0.0,1.0,1.0,0.0,1.0,1.0,1.0
2020-05-29 23:09:09,-0.0120000000000004,8.49,8.478,-0.0219999999999984,8.49,59.85000000000001,0.0424999999999995,1.0,0.0,1.0,1.0,0.0,1.0,1.0,1.0
2020-05-29 23:09:19,-0.0120000000000004,8.478,8.466,-0.0199999999999995,8.478,59.72500000000001,0.0424999999999995,1.0,0.0,1.0,1.0,0.0,1.0,1.0,1.0
2020-05-29 23:09:29,-0.0139999999999993,8.466,8.452,-0.0219999999999984,8.464,59.775000000000006,0.0424999999999995,1.0,0.0,1.0,1.0,0.0,1.0,1.0,1.0
2020-05-29 23:09:39,-0.0120000000000004,8.452,8.438,-0.0219999999999984,8.45,59.67499999999998,0.0424999999999995,1.0,0.0,1.0,1.0,0.0,1.0,1.0,1.0
2020-05-29 23:09:49,-0.0120000000000004,8.438,8.426,-0.0199999999999995,8.438,59.67499999999998,0.0424999999999995,1.0,0.0,1.0,1.0,0.0,1.0,1.0,1.0
2020-05-29 23:09:59,-0.0120000000000004,8.426,8.414,-0.0199999999999995,8.426,59.575,0.0424999999999995,1.0,0.0,1.0,1.0,0.0,1.0,1.0,1.0
2020-05-29 23:10:08,-0.0139999999999993,8.412,8.4,-0.0199999999999995,8.414,59.475,0.0424999999999995,1.0,0.0,1.0,1.0,0.0,1.0,1.0,1.0
2020-05-29 23:10:18,-0.0139999999999993,8.4,8.388,-0.0199999999999995,8.402,59.400000000000006,0.0424999999999995,1.0,0.0,1.0,1.0,0.0,1.0,1.0,1.0
2020-05-29 23:10:28,-0.0120000000000004,8.386,8.374,-0.0219999999999984,8.388,59.475,0.0424999999999995,1.0,0.0,1.0,1.0,0.0,1.0,1.0,1.0
2020-05-29 23:10:38,-0.0120000000000004,8.374,8.362,-0.0199999999999995,8.376,59.375,0.0424999999999995,1.0,0.0,1.0,1.0,0.0,1.0,1.0,1.0
2020-05-29 23:10:48,-0.0120000000000004,8.36,8.348,-0.0219999999999984,8.362,59.400000000000006,0.0424999999999995,1.0,0.0,1.0,1.0,0.0,1.0,1.0,1.0
2020-05-29 23:10:58,-0.0120000000000004,8.346,8.336,-0.0199999999999995,8.344,59.375,0.0424999999999995,1.0,0.0,1.0,1.0,0.0,1.0,1.0,1.0
2020-05-29 23:11:08,-0.0120000000000004,8.334,8.322,-0.0199999999999995,8.334,59.275000000000006,0.04,1.0,0.0,1.0,1.0,0.0,1.0,1.0,1.0
2020-05-29 23:11:18,-0.0120000000000004,8.322,8.308,-0.0219999999999984,8.32,59.2,0.0424999999999995,1.0,0.0,1.0,1.0,0.0,1.0,1.0,1.0
2020-05-29 23:11:28,-0.0120000000000004,8.308,8.296,-0.0219999999999984,8.308,59.175,0.0424999999999995,1.0,0.0,1.0,1.0,0.0,1.0,1.0,1.0
2020-05-29 23:11:38,-0.0120000000000004,8.296,8.284,-0.0199999999999995,8.296,59.175,0.0424999999999995,1.0,0.0,1.0,1.0,0.0,1.0,1.0,1.0
2020-05-29 23:11:48,-0.0139999999999993,8.284,8.272,-0.0199999999999995,8.284,58.975,0.0424999999999995,1.0,0.0,1.0,1.0,0.0,1.0,1.0,1.0
2020-05-29 23:11:57,-0.0120000000000004,8.272,8.258,-0.0199999999999995,8.27,58.975,0.0424999999999995,1.0,0.0,1.0,1.0,0.0,1.0,1.0,1.0
2020-05-29 23:12:07,-0.0139999999999993,8.256,8.244,-0.0199999999999995,8.258,58.89999999999999,0.0424999999999995,1.0,0.0,1.0,1.0,0.0,1.0,1.0,1.0
2020-05-29 23:12:17,-0.0120000000000004,8.246,8.232,-0.0199999999999995,8.246,58.80000000000001,0.0424999999999995,1.0,0.0,1.0,1.0,0.0,1.0,1.0,1.0
2020-05-29 23:12:27,-0.0120000000000004,8.232,8.22,-0.0219999999999984,8.234,58.85000000000001,0.0424999999999995,1.0,0.0,1.0,1.0,0.0,1.0,1.0,1.0
2020-05-29 23:12:37,-0.0120000000000004,8.22,8.208,-0.0199999999999995,8.222,58.80000000000001,0.0424999999999995,1.0,0.0,1.0,1.0,0.0,1.0,1.0,1.0
2020-05-29 23:12:47,-0.0120000000000004,8.208,8.196,-0.0199999999999995,8.208,58.74999999999999,0.0424999999999995,1.0,0.0,1.0,1.0,0.0,1.0,1.0,1.0
2020-05-29 23:12:57,-0.0139999999999993,8.194,8.184,-0.0199999999999995,8.196,58.7,0.0424999999999995,1.0,0.0,1.0,1.0,0.0,1.0,1.0,1.0
2020-05-29 23:13:07,-0.0120000000000004,8.182,8.172,-0.0199999999999995,8.184,58.72500000000001,0.0424999999999995,1.0,0.0,1.0,1.0,0.0,1.0,1.0,1.0
2020-05-29 23:13:17,-0.0120000000000004,8.168,8.16,-0.0219999999999984,8.17,58.575,0.0424999999999995,1.0,0.0,1.0,1.0,0.0,1.0,1.0,1.0
2020-05-29 23:13:27,-0.0120000000000004,8.156,8.144,-0.0199999999999995,8.158,58.67500000000001,0.0424999999999995,1.0,0.0,1.0,1.0,0.0,1.0,1.0,1.0
2020-05-29 23:13:37,-0.0120000000000004,8.144,8.134,-0.0219999999999984,8.146,58.625,0.0424999999999995,1.0,0.0,1.0,1.0,0.0,1.0,1.0,1.0
2020-05-29 23:13:46,-0.0139999999999993,8.13,8.12,-0.0199999999999995,8.132,58.375,0.04,1.0,0.0,1.0,1.0,0.0,1.0,1.0,1.0
2020-05-29 23:13:56,-0.0139999999999993,8.118,8.108,-0.0219999999999984,8.12,58.47500000000001,0.0424999999999995,1.0,0.0,1.0,1.0,0.0,1.0,1.0,1.0
2020-05-29 23:14:06,-0.0139999999999993,8.106,8.096,-0.0199999999999995,8.108,58.400000000000006,0.0424999999999995,1.0,0.0,1.0,1.0,0.0,1.0,1.0,1.0
2020-05-29 23:14:16,-0.0120000000000004,8.094,8.082,-0.0199999999999995,8.096,58.275000000000006,0.0424999999999995,1.0,0.0,1.0,1.0,0.0,1.0,1.0,1.0
2020-05-29 23:14:26,-0.0139999999999993,8.082,8.072,-0.0219999999999984,8.084,58.25,0.0424999999999995,1.0,0.0,1.0,1.0,0.0,1.0,1.0,1.0
2020-05-29 23:14:36,-0.0139999999999993,8.07,8.06,-0.0219999999999984,8.07,58.2,0.0424999999999995,1.0,0.0,1.0,1.0,0.0,1.0,1.0,1.0
2020-05-29 23:14:46,-0.0139999999999993,8.056,8.046,-0.0199999999999995,8.058,58.2,0.0424999999999995,1.0,0.0,1.0,1.0,0.0,1.0,1.0,1.0
2020-05-29 23:14:56,5.446,8.046,-0.0259999999999998,-0.0219999999999984,8.046,58.07500000000002,5.1675,0.0,1.0,1.0,0.0,0.0,1.0,1.0,1.0
2020-05-29 23:15:06,8.634,8.164,-0.0240000000000009,-0.0199999999999995,8.164,58.1,5.785,0.0,1.0,1.0,0.0,0.0,1.0,1.0,1.0
2020-05-29 23:15:16,8.764,8.292,-0.0199999999999995,-0.0199999999999995,8.288,58.45,5.77,0.0,1.0,0.0,0.0,0.0,1.0,1.0,1.0
2020-05-29 23:15:26,8.988,8.528,-0.0180000000000006,-0.0199999999999995,8.524,59.1,5.8825,0.0,1.0,0.0,0.0,0.0,1.0,1.0,1.0
2020-05-29 23:15:35,8.568,8.698,-0.0139999999999993,2.2779999999999987,8.696,59.85000000000001,5.854999999999999,0.0,1.0,0.0,0.0,0.0,1.0,1.0,1.0
2020-05-29 23:15:45,8.814,8.668,-0.0139999999999993,2.324,8.668,60.67499999999998,5.9,0.0,1.0,0.0,0.0,0.0,1.0,1.0,1.0
2020-05-29 23:15:55,8.794,8.656,-0.0120000000000004,2.312000000000001,8.656,61.675,5.8375,0.0,1.0,0.0,0.0,0.0,1.0,1.0,1.0
2020-05-29 23:16:05,8.776,8.646,-0.0120000000000004,2.302,8.644,62.55,5.760000000000002,0.0,1.0,0.0,0.0,0.0,1.0,1.0,1.0
2020-05-29 23:16:15,7.704000000000001,8.624,-0.0139999999999993,1.888,8.622,63.625,5.504999999999999,0.0,1.0,1.0,0.0,0.0,1.0,1.0,1.0
2020-05-29 23:16:25,8.65,8.602,-0.0120000000000004,2.1900000000000013,8.6,64.97500000000001,5.85,0.0,1.0,1.0,0.0,0.0,1.0,1.0,1.0
2020-05-29 23:16:35,8.77,8.598,-0.0139999999999993,2.225999999999999,8.596,65.9,5.875,0.0,1.0,1.0,0.0,0.0,1.0,1.0,1.0
2020-05-29 23:16:45,8.762,8.598,-0.0120000000000004,2.224,8.598,66.55,5.8775,0.0,1.0,1.0,0.0,0.0,1.0,1.0,1.0
2020-05-29 23:16:55,8.76,8.598,-0.009999999999998,2.224,8.596,67.25000000000001,5.780000000000001,0.0,1.0,1.0,0.0,0.0,1.0,1.0,1.0
2020-05-29 23:17:05,8.76,8.598,-0.0120000000000004,2.219999999999999,8.596,68.22500000000001,5.717499999999999,0.0,1.0,1.0,0.0,0.0,1.0,1.0,1.0
2020-05-29 23:17:15,7.476000000000001,8.58,-0.0120000000000004,1.7639999999999991,8.578,68.825,5.475000000000001,0.0,1.0,0.0,0.0,0.0,1.0,1.0,1.0
2020-05-29 23:17:24,8.438,8.564,-0.0120000000000004,2.065999999999999,8.56,69.725,5.760000000000002,0.0,1.0,0.0,0.0,0.0,1.0,1.0,1.0
2020-05-29 23:17:34,8.718,8.556,-0.0120000000000004,2.152000000000001,8.556,70.125,5.862499999999999,0.0,1.0,0.0,0.0,0.0,1.0,1.0,1.0
2020-05-29 23:17:44,8.716,8.56,-0.0120000000000004,2.154,8.56,70.15,5.82,0.0,1.0,0.0,0.0,0.0,1.0,1.0,1.0
2020-05-29 23:17:54,8.716,8.564,-0.0120000000000004,2.154,8.564,70.15,5.73,0.0,1.0,0.0,0.0,0.0,1.0,1.0,1.0
2020-05-29 23:18:04,8.722,8.57,-0.0120000000000004,2.164,8.568,70.275,5.772500000000001,0.0,1.0,0.0,0.0,0.0,1.0,1.0,1.0
2020-05-29 23:18:14,7.827999999999999,8.554,-0.0120000000000004,1.856,8.552,70.35,5.600000000000001,0.0,1.0,1.0,0.0,0.0,1.0,1.0,1.0
2020-05-29 23:18:24,8.668,8.538,-0.0120000000000004,2.1180000000000003,8.536,70.55,5.85,0.0,1.0,1.0,0.0,0.0,1.0,1.0,1.0
2020-05-29 23:18:34,8.724,8.546,-0.0120000000000004,2.138,8.546,70.42500000000001,5.860000000000001,0.0,1.0,1.0,0.0,0.0,1.0,1.0,1.0
2020-05-29 23:18:44,8.736,8.556,-0.0120000000000004,2.140000000000001,8.556,70.275,5.745000000000001,0.0,1.0,1.0,0.0,0.0,1.0,1.0,1.0
2020-05-29 23:18:54,8.742,8.566,-0.0120000000000004,2.146000000000001,8.564,70.24999999999999,5.717499999999999,0.0,1.0,1.0,0.0,0.0,1.0,1.0,1.0
2020-05-29 23:19:04,8.75,8.576,-0.0120000000000004,2.148,8.572,70.35,5.77,0.0,1.0,1.0,0.0,0.0,1.0,1.0,1.0
2020-05-29 23:19:14,7.662000000000001,8.558,-0.0120000000000004,1.7880000000000005,8.556,70.52499999999999,5.607500000000002,0.0,1.0,0.0,0.0,0.0,1.0,1.0,1.0
2020-05-29 23:19:23,8.55,8.544,-0.0120000000000004,2.068,8.54,70.75,5.815,0.0,1.0,0.0,0.0,0.0,1.0,1.0,1.0
2020-05-29 23:19:33,8.706,8.544,-0.0120000000000004,2.116,8.544,70.625,5.815,0.0,1.0,0.0,0.0,0.0,1.0,1.0,1.0
2020-05-29 23:19:43,8.71,8.554,-0.0120000000000004,2.1180000000000003,8.552,70.44999999999999,5.69,0.0,1.0,0.0,0.0,0.0,1.0,1.0,1.0
2020-05-29 23:19:53,8.712,8.56,-0.0120000000000004,2.122,8.558,70.35,5.727500000000001,0.0,1.0,0.0,0.0,0.0,1.0,1.0,1.0
2020-05-29 23:20:03,8.718,8.568,-0.0139999999999993,2.122,8.564,70.475,5.780000000000001,0.0,1.0,0.0,0.0,0.0,1.0,1.0,1.0
2020-05-29 23:20:13,7.932,8.552,-0.0120000000000004,1.872,8.55,70.6,5.6625,0.0,1.0,1.0,0.0,0.0,1.0,1.0,1.0
2020-05-29 23:20:23,8.718,8.538,-0.0120000000000004,2.116,8.536,70.85,5.794999999999998,0.0,1.0,1.0,0.0,0.0,1.0,1.0,1.0
2020-05-29 23:20:33,8.736,8.55,-0.0120000000000004,2.122,8.55,70.825,5.705,0.0,1.0,1.0,0.0,0.0,1.0,1.0,1.0
2020-05-29 23:20:43,8.742,8.562,-0.0139999999999993,2.122,8.56,70.75,5.707500000000001,0.0,1.0,1.0,0.0,0.0,1.0,1.0,1.0
2020-05-29 23:20:53,8.75,8.574,-0.0120000000000004,2.1340000000000003,8.574,70.775,5.817499999999999,0.0,1.0,1.0,0.0,0.0,1.0,1.0,1.0
2020-05-29 23:21:03,6.029999999999999,8.578,-0.0120000000000004,1.3279999999999994,8.58,70.8,5.4175,0.0,1.0,0.0,0.0,0.0,1.0,1.0,1.0
2020-05-29 23:21:12,7.657999999999999,8.564,-0.0120000000000004,1.7759999999999998,8.564,71.2,5.605,0.0,1.0,0.0,0.0,0.0,1.0,1.0,1.0
2020-05-29 23:21:22,8.602,8.548,-0.0120000000000004,2.0700000000000003,8.546,71.32499999999999,5.7225,0.0,1.0,0.0,0.0,0.0,1.0,1.0,1.0
2020-05-29 23:21:32,8.716,8.552,-0.0120000000000004,2.106,8.552,71.22500000000001,5.7125,0.0,1.0,0.0,0.0,0.0,1.0,1.0,1.0
2020-05-29 23:21:42,8.718,8.562,-0.0120000000000004,2.1080000000000005,8.56,71.17500000000001,5.6975,0.0,1.0,0.0,0.0,0.0,1.0,1.0,1.0
2020-05-29 23:21:52,8.724,8.57,-0.0120000000000004,2.1099999999999994,8.568,71.05,5.805,0.0,1.0,0.0,0.0,0.0,1.0,1.0,1.0
2020-05-29 23:22:02,6.074,8.574,-0.0120000000000004,1.2899999999999991,8.572,71.22500000000001,5.2675,0.0,1.0,1.0,0.0,0.0,1.0,1.0,1.0
2020-05-29 23:22:12,7.939999999999999,8.56,-0.0120000000000004,1.870000000000001,8.558,71.30000000000001,5.6625,0.0,1.0,1.0,0.0,0.0,1.0,1.0,1.0
2020-05-29 23:22:22,8.734,8.546,-0.0120000000000004,2.1140000000000008,8.546,71.7,5.77,0.0,1.0,1.0,0.0,0.0,1.0,1.0,1.0
2020-05-29 23:22:32,8.746,8.558,-0.0120000000000004,2.120000000000001,8.558,71.52499999999999,5.705,0.0,1.0,1.0,0.0,0.0,1.0,1.0,1.0
2020-05-29 23:22:42,8.748,8.57,-0.0120000000000004,2.1180000000000003,8.57,71.37500000000001,5.7125,0.0,1.0,1.0,0.0,0.0,1.0,1.0,1.0
2020-05-29 23:22:52,8.756,8.58,-0.0120000000000004,2.122,8.58,71.50000000000001,5.802499999999998,0.0,1.0,1.0,0.0,0.0,1.0,1.0,1.0
2020-05-29 23:23:02,5.82,8.584,-0.0120000000000004,1.128,8.584,71.625,5.199999999999999,0.0,1.0,0.0,0.0,0.0,1.0,1.0,1.0
2020-05-29 23:23:11,7.768000000000001,8.568,-0.0139999999999993,1.815999999999999,8.568,71.9,5.592500000000001,0.0,1.0,0.0,0.0,0.0,1.0,1.0,1.0
2020-05-29 23:23:21,8.602,8.554,-0.0120000000000004,2.068,8.554,72.05,5.709999999999999,0.0,1.0,0.0,0.0,0.0,1.0,1.0,1.0
2020-05-29 23:23:31,8.722,8.56,-0.0120000000000004,2.106,8.56,71.925,5.694999999999999,0.0,1.0,0.0,0.0,0.0,1.0,1.0,1.0
2020-05-29 23:23:41,8.722,8.568,-0.0120000000000004,2.103999999999999,8.568,71.725,5.7225,0.0,1.0,0.0,0.0,0.0,1.0,1.0,1.0
2020-05-29 23:23:51,8.726,8.576,-0.0120000000000004,2.1099999999999994,8.576,71.825,5.774999999999999,0.0,1.0,0.0,0.0,0.0,1.0,1.0,1.0
2020-05-29 23:24:01,6.112,8.58,-0.0139999999999993,1.2439999999999998,8.578,72.025,5.265000000000001,0.0,1.0,1.0,0.0,0.0,1.0,1.0,1.0
2020-05-29 23:24:11,8.07,8.562,-0.0120000000000004,1.9059999999999988,8.562,72.15,5.6325,0.0,1.0,1.0,0.0,0.0,1.0,1.0,1.0
2020-05-29 23:24:21,8.738,8.55,-0.0120000000000004,2.1140000000000008,8.552,72.37499999999999,5.7225,0.0,1.0,1.0,0.0,0.0,1.0,1.0,1.0
2020-05-29 23:24:31,8.748,8.562,-0.0120000000000004,2.116,8.564,72.22500000000001,5.709999999999999,0.0,1.0,1.0,0.0,0.0,1.0,1.0,1.0
2020-05-29 23:24:41,8.754,8.576,-0.0120000000000004,2.116,8.576,72.125,5.734999999999999,0.0,1.0,1.0,0.0,0.0,1.0,1.0,1.0
2020-05-29 23:24:51,8.762,8.586,-0.0120000000000004,2.120000000000001,8.586,72.125,5.802499999999998,0.0,1.0,1.0,0.0,0.0,1.0,1.0,1.0
2020-05-29 23:25:00,5.912000000000001,8.588,-0.0120000000000004,1.1820000000000004,8.588,72.2,5.220000000000001,0.0,1.0,0.0,0.0,0.0,1.0,1.0,1.0
2020-05-29 23:25:10,7.805999999999999,8.572,-0.0139999999999993,1.8260000000000003,8.57,72.52499999999999,5.5825,0.0,1.0,0.0,0.0,0.0,1.0,1.0,1.0
2020-05-29 23:25:20,8.668,8.556,-0.0139999999999993,2.088000000000001,8.556,72.625,5.694999999999999,0.0,1.0,0.0,0.0,0.0,1.0,1.0,1.0
2020-05-29 23:25:30,8.724,8.562,-0.0120000000000004,2.106,8.562,72.6,5.700000000000001,0.0,1.0,0.0,0.0,0.0,1.0,1.0,1.0
2020-05-29 23:25:40,8.726,8.57,-0.0120000000000004,2.103999999999999,8.572,72.39999999999999,5.694999999999999,0.0,1.0,0.0,0.0,0.0,1.0,1.0,1.0
2020-05-29 23:25:50,8.732,8.576,-0.0120000000000004,2.1140000000000008,8.58,72.37499999999999,5.815,0.0,1.0,0.0,0.0,0.0,1.0,1.0,1.0
2020-05-29 23:26:00,6.42,8.58,-0.0120000000000004,1.356,8.58,72.35000000000001,5.317499999999999,0.0,1.0,1.0,0.0,0.0,1.0,1.0,1.0
2020-05-29 23:26:10,8.064,8.564,-0.0120000000000004,1.9000000000000004,8.566,72.64999999999999,5.602499999999999,0.0,1.0,1.0,0.0,0.0,1.0,1.0,1.0
2020-05-29 23:26:20,8.746,8.556,-0.0120000000000004,2.112,8.554,72.725,5.6625,0.0,1.0,1.0,0.0,0.0,1.0,1.0,1.0
2020-05-29 23:26:30,8.752,8.566,-0.0139999999999993,2.112,8.568,72.725,5.674999999999999,0.0,1.0,1.0,0.0,0.0,1.0,1.0,1.0
2020-05-29 23:26:40,8.758,8.578,-0.0120000000000004,2.116,8.576,72.725,5.715,0.0,1.0,1.0,0.0,0.0,1.0,1.0,1.0
2020-05-29 23:26:49,8.766,8.588,-0.0120000000000004,2.120000000000001,8.588,72.7,5.8325,0.0,1.0,1.0,0.0,0.0,1.0,1.0,1.0
2020-05-29 23:26:59,6.17,8.588,-0.0120000000000004,1.3260000000000003,8.588,72.725,5.272500000000001,0.0,1.0,0.0,0.0,0.0,1.0,1.0,1.0
2020-05-29 23:27:09,7.890000000000001,8.572,-0.0120000000000004,1.846,8.572,72.875,5.592500000000001,0.0,1.0,0.0,0.0,0.0,1.0,1.0,1.0
2020-05-29 23:27:19,8.696,8.558,-0.0120000000000004,2.097999999999999,8.558,73.125,5.67,0.0,1.0,0.0,0.0,0.0,1.0,1.0,1.0
2020-05-29 23:27:29,8.724,8.566,-0.0120000000000004,2.106,8.564,72.925,5.69,0.0,1.0,0.0,0.0,0.0,1.0,1.0,1.0
2020-05-29 23:27:39,8.724,8.572,-0.0120000000000004,2.1080000000000005,8.57,72.725,5.782499999999999,0.0,1.0,0.0,0.0,0.0,1.0,1.0,1.0
2020-05-29 23:27:49,8.728,8.578,-0.0120000000000004,2.1099999999999994,8.578,72.725,5.83,0.0,1.0,0.0,0.0,0.0,1.0,1.0,1.0
2020-05-29 23:27:59,6.676,8.578,-0.0120000000000004,1.4920000000000009,8.578,72.95,5.324999999999999,0.0,1.0,1.0,0.0,0.0,1.0,1.0,1.0
2020-05-29 23:28:09,8.172,8.562,-0.0120000000000004,1.936,8.562,73.05,5.577500000000001,0.0,1.0,1.0,0.0,0.0,1.0,1.0,1.0
2020-05-29 23:28:19,8.746,8.554,-0.0120000000000004,2.1140000000000008,8.554,73.4,5.68,0.0,1.0,1.0,0.0,0.0,1.0,1.0,1.0
2020-05-29 23:28:29,8.754,8.568,-0.0120000000000004,2.1140000000000008,8.568,73.15,5.7225,0.0,1.0,1.0,0.0,0.0,1.0,1.0,1.0
2020-05-29 23:28:38,8.76,8.576,-0.0120000000000004,2.1180000000000003,8.576,72.95,5.7925,0.0,1.0,1.0,0.0,0.0,1.0,1.0,1.0
2020-05-29 23:28:48,8.766,8.586,-0.0120000000000004,2.120000000000001,8.586,73.10000000000001,5.8575,0.0,1.0,1.0,0.0,0.0,1.0,1.0,1.0
2020-05-29 23:28:58,6.414,8.586,-0.0120000000000004,1.4000000000000004,8.586,73.10000000000001,5.2125,0.0,1.0,0.0,0.0,0.0,1.0,1.0,1.0
2020-05-29 23:29:08,7.98,8.568,-0.0120000000000004,1.8840000000000003,8.57,73.2,5.48,0.0,1.0,0.0,0.0,0.0,1.0,1.0,1.0
2020-05-29 23:29:18,8.686,8.556,-0.0120000000000004,2.0919999999999987,8.558,73.50000000000001,5.68,0.0,1.0,0.0,0.0,0.0,1.0,1.0,1.0
2020-05-29 23:29:28,8.724,8.564,-0.0120000000000004,2.106,8.564,73.22500000000001,5.807500000000001,0.0,1.0,0.0,0.0,0.0,1.0,1.0,1.0
2020-05-29 23:29:38,8.724,8.57,-0.0120000000000004,2.106,8.572,73.15,5.845000000000001,0.0,1.0,0.0,0.0,0.0,1.0,1.0,1.0
2020-05-29 23:29:48,8.726,8.576,-0.0120000000000004,2.1080000000000005,8.576,73.125,5.772500000000001,0.0,1.0,0.0,0.0,0.0,1.0,1.0,1.0
2020-05-29 23:29:58,6.646000000000001,8.576,-0.0120000000000004,1.4860000000000009,8.576,73.15,5.227500000000001,0.0,1.0,1.0,0.0,0.0,1.0,1.0,1.0
2020-05-29 23:30:08,8.236,8.56,-0.0120000000000004,1.9559999999999995,8.56,73.42500000000001,5.575000000000001,0.0,1.0,1.0,0.0,0.0,1.0,1.0,1.0
2020-05-29 23:30:18,8.746,8.552,-0.0120000000000004,2.116,8.554,73.44999999999999,5.754999999999999,0.0,1.0,1.0,0.0,0.0,1.0,1.0,1.0
2020-05-29 23:30:27,8.752,8.564,-0.0120000000000004,2.116,8.562,73.42500000000001,5.8325,0.0,1.0,1.0,0.0,0.0,1.0,1.0,1.0
2020-05-29 23:30:37,8.754,8.574,-0.0120000000000004,2.116,8.574,73.22500000000001,5.774999999999999,0.0,1.0,1.0,0.0,0.0,1.0,1.0,1.0
2020-05-29 23:30:47,8.762,8.584,-0.0120000000000004,2.120000000000001,8.584,73.32499999999999,5.702499999999999,0.0,1.0,1.0,0.0,0.0,1.0,1.0,1.0
2020-05-29 23:30:57,6.436,8.582,-0.0120000000000004,1.4059999999999988,8.582,73.42500000000001,5.16,0.0,1.0,0.0,0.0,0.0,1.0,1.0,1.0
2020-05-29 23:31:07,8.08,8.564,-0.0120000000000004,1.9059999999999988,8.564,73.625,5.622499999999999,0.0,1.0,0.0,0.0,0.0,1.0,1.0,1.0
2020-05-29 23:31:17,8.7,8.552,-0.0120000000000004,2.097999999999999,8.552,73.75,5.807500000000001,0.0,1.0,0.0,0.0,0.0,1.0,1.0,1.0
2020-05-29 23:31:27,8.714,8.558,-0.0120000000000004,2.103999999999999,8.558,73.675,5.772500000000001,0.0,1.0,0.0,0.0,0.0,1.0,1.0,1.0
2020-05-29 23:31:37,8.718,8.564,-0.0120000000000004,2.1099999999999994,8.566,73.44999999999999,5.664999999999999,0.0,1.0,0.0,0.0,0.0,1.0,1.0,1.0
2020-05-29 23:31:47,8.72,8.568,-0.0120000000000004,2.1099999999999994,8.572,73.42500000000001,5.6850000000000005,0.0,1.0,0.0,0.0,0.0,1.0,1.0,1.0
2020-05-29 23:31:57,6.853999999999999,8.566,-0.0139999999999993,1.564,8.568,73.52499999999999,5.3575,0.0,1.0,1.0,0.0,0.0,1.0,1.0,1.0
2020-05-29 23:32:07,8.236,8.552,-0.0139999999999993,1.962,8.552,73.8,5.707500000000001,0.0,1.0,1.0,0.0,0.0,1.0,1.0,1.0
2020-05-29 23:32:16,8.738,8.546,-0.0120000000000004,2.116,8.546,73.8,5.765000000000001,0.0,1.0,1.0,0.0,0.0,1.0,1.0,1.0
2020-05-29 23:32:26,8.74,8.558,-0.0120000000000004,2.1140000000000008,8.558,73.70000000000002,5.6975,0.0,1.0,1.0,0.0,0.0,1.0,1.0,1.0
2020-05-29 23:32:36,8.748,8.568,-0.0120000000000004,2.116,8.568,73.55000000000001,5.692500000000001,0.0,1.0,1.0,0.0,0.0,1.0,1.0,1.0
2020-05-29 23:32:46,8.754,8.578,-0.0120000000000004,2.120000000000001,8.576,73.55000000000001,5.754999999999999,0.0,1.0,1.0,0.0,0.0,1.0,1.0,1.0
2020-05-29 23:32:56,6.686,8.572,-0.0120000000000004,1.4779999999999998,8.572,73.725,5.342499999999999,0.0,1.0,0.0,0.0,0.0,1.0,1.0,1.0
2020-05-29 23:33:06,8.088,8.556,-0.0120000000000004,1.911999999999999,8.558,74.0,5.592500000000001,0.0,1.0,0.0,0.0,0.0,1.0,1.0,1.0
2020-05-29 23:33:16,8.704,8.544,-0.0120000000000004,2.1020000000000003,8.544,74.125,5.672499999999999,0.0,1.0,0.0,0.0,0.0,1.0,1.0,1.0
2020-05-29 23:33:26,8.708,8.552,-0.0120000000000004,2.1020000000000003,8.552,73.95,5.694999999999999,0.0,1.0,0.0,0.0,0.0,1.0,1.0,1.0
2020-05-29 23:33:36,8.712,8.558,-0.0120000000000004,2.106,8.56,73.825,5.760000000000002,0.0,1.0,0.0,0.0,0.0,1.0,1.0,1.0
2020-05-29 23:33:46,8.716,8.566,-0.009999999999998,2.1080000000000005,8.566,73.8,5.8125,0.0,1.0,0.0,0.0,0.0,1.0,1.0,1.0
2020-05-29 23:33:56,6.948,8.562,-0.0120000000000004,1.5679999999999996,8.562,73.725,5.35,0.0,1.0,1.0,0.0,0.0,1.0,1.0,1.0
2020-05-29 23:34:05,8.346,8.544,-0.0120000000000004,1.9879999999999995,8.546,74.0,5.5550000000000015,0.0,1.0,1.0,0.0,0.0,1.0,1.0,1.0
2020-05-29 23:34:15,8.734,8.542,-0.0120000000000004,2.1099999999999994,8.542,74.025,5.674999999999999,0.0,1.0,1.0,0.0,0.0,1.0,1.0,1.0
2020-05-29 23:34:25,8.734,8.554,-0.0120000000000004,2.112,8.554,74.05,5.767500000000002,0.0,1.0,1.0,0.0,0.0,1.0,1.0,1.0
2020-05-29 23:34:35,8.742,8.564,-0.0120000000000004,2.116,8.564,73.85,5.794999999999998,0.0,1.0,1.0,0.0,0.0,1.0,1.0,1.0
2020-05-29 23:34:45,8.75,8.572,-0.0120000000000004,2.120000000000001,8.574,73.825,5.705,0.0,1.0,1.0,0.0,0.0,1.0,1.0,1.0
2020-05-29 23:34:55,6.757999999999999,8.566,-0.009999999999998,1.5079999999999991,8.568,73.95,5.2225,0.0,1.0,0.0,0.0,0.0,1.0,1.0,1.0
2020-05-29 23:35:05,8.12,8.55,-0.009999999999998,1.92,8.554,74.125,5.489999999999998,0.0,1.0,0.0,0.0,0.0,1.0,1.0,1.0
2020-05-29 23:35:15,8.7,8.54,-0.009999999999998,2.1020000000000003,8.54,74.22500000000001,5.760000000000002,0.0,1.0,0.0,0.0,0.0,1.0,1.0,1.0
2020-05-29 23:35:25,8.704,8.548,-0.0120000000000004,2.1,8.548,74.125,5.7925,0.0,1.0,0.0,0.0,0.0,1.0,1.0,1.0
2020-05-29 23:35:35,8.702,8.554,-0.0120000000000004,2.103999999999999,8.556,74.025,5.7925,0.0,1.0,0.0,0.0,0.0,1.0,1.0,1.0
2020-05-29 23:35:45,8.71,8.56,-0.0120000000000004,2.1080000000000005,8.56,73.875,5.717499999999999,0.0,1.0,0.0,0.0,0.0,1.0,1.0,1.0
2020-05-29 23:35:54,7.199999999999999,8.554,-0.0120000000000004,1.6400000000000006,8.554,74.0,5.300000000000001,0.0,1.0,1.0,0.0,0.0,1.0,1.0,1.0
2020-05-29 23:36:04,8.382,8.54,-0.009999999999998,2.004,8.54,74.22500000000001,5.577500000000001,0.0,1.0,1.0,0.0,0.0,1.0,1.0,1.0
2020-05-29 23:36:14,8.728,8.538,-0.0120000000000004,2.1080000000000005,8.538,74.25,5.737500000000001,0.0,1.0,1.0,0.0,0.0,1.0,1.0,1.0
2020-05-29 23:36:24,8.728,8.548,-0.0120000000000004,2.1080000000000005,8.548,74.125,5.8325,0.0,1.0,1.0,0.0,0.0,1.0,1.0,1.0
2020-05-29 23:36:34,8.74,8.558,-0.009999999999998,2.120000000000001,8.562,74.15,5.762499999999999,0.0,1.0,1.0,0.0,0.0,1.0,1.0,1.0
2020-05-29 23:36:44,8.746,8.566,-0.0120000000000004,2.116,8.568,74.025,5.68,0.0,1.0,1.0,0.0,0.0,1.0,1.0,1.0
2020-05-29 23:36:54,6.821999999999999,8.56,-0.0120000000000004,1.5279999999999987,8.562,74.125,5.227500000000001,0.0,1.0,0.0,0.0,0.0,1.0,1.0,1.0
2020-05-29 23:37:04,8.22,8.544,-0.009999999999998,1.946,8.546,74.35000000000001,5.605,0.0,1.0,0.0,0.0,0.0,1.0,1.0,1.0
2020-05-29 23:37:14,8.696,8.534,-0.0120000000000004,2.1020000000000003,8.536,74.50000000000001,5.772500000000001,0.0,1.0,0.0,0.0,0.0,1.0,1.0,1.0
2020-05-29 23:37:24,8.698,8.544,-0.0120000000000004,2.1,8.544,74.30000000000001,5.77,0.0,1.0,0.0,0.0,0.0,1.0,1.0,1.0
2020-05-29 23:37:34,8.7,8.55,-0.0120000000000004,2.1,8.55,74.22500000000001,5.73,0.0,1.0,0.0,0.0,0.0,1.0,1.0,1.0
2020-05-29 23:37:43,8.706,8.554,-0.0120000000000004,2.103999999999999,8.556,74.325,5.634999999999998,0.0,1.0,0.0,0.0,0.0,1.0,1.0,1.0
2020-05-29 23:37:53,7.256,8.548,-0.0120000000000004,1.6639999999999997,8.548,74.2,5.34,0.0,1.0,1.0,0.0,0.0,1.0,1.0,1.0
2020-05-29 23:38:03,8.414,8.532,-0.009999999999998,2.014,8.534,74.42500000000001,5.694999999999999,0.0,1.0,1.0,0.0,0.0,1.0,1.0,1.0
2020-05-29 23:38:13,8.72,8.532,-0.0120000000000004,2.106,8.532,74.25,5.8225,0.0,1.0,1.0,0.0,0.0,1.0,1.0,1.0
2020-05-29 23:38:23,8.728,8.544,-0.0120000000000004,2.1099999999999994,8.546,74.22500000000001,5.745000000000001,0.0,1.0,1.0,0.0,0.0,1.0,1.0,1.0
2020-05-29 23:38:33,8.734,8.556,-0.009999999999998,2.1140000000000008,8.556,74.125,5.6875,0.0,1.0,1.0,0.0,0.0,1.0,1.0,1.0
2020-05-29 23:38:43,8.742,8.564,-0.0120000000000004,2.116,8.564,74.22500000000001,5.674999999999999,0.0,1.0,1.0,0.0,0.0,1.0,1.0,1.0
2020-05-29 23:38:53,7.050000000000001,8.556,-0.0120000000000004,1.5919999999999987,8.554,74.325,5.3725000000000005,0.0,1.0,0.0,0.0,0.0,1.0,1.0,1.0
2020-05-29 23:39:03,8.244,8.538,-0.0120000000000004,1.958,8.538,74.57499999999999,5.6875,0.0,1.0,0.0,0.0,0.0,1.0,1.0,1.0
2020-05-29 23:39:13,8.694,8.53,-0.0120000000000004,2.097999999999999,8.53,74.6,5.767500000000002,0.0,1.0,0.0,0.0,0.0,1.0,1.0,1.0
2020-05-29 23:39:23,8.692,8.54,-0.0120000000000004,2.097999999999999,8.54,74.50000000000001,5.657499999999999,0.0,1.0,0.0,0.0,0.0,1.0,1.0,1.0
2020-05-29 23:39:32,8.696,8.546,-0.0120000000000004,2.1,8.546,74.325,5.645,0.0,1.0,0.0,0.0,0.0,1.0,1.0,1.0
2020-05-29 23:39:42,8.7,8.55,-0.0120000000000004,2.1020000000000003,8.55,74.25,5.68,0.0,1.0,0.0,0.0,0.0,1.0,1.0,1.0
2020-05-29 23:39:52,7.398,8.542,-0.0120000000000004,1.6959999999999995,8.542,74.42500000000001,5.5,0.0,1.0,1.0,0.0,0.0,1.0,1.0,1.0
2020-05-29 23:40:02,8.462,8.528,-0.009999999999998,2.0279999999999987,8.528,74.50000000000001,5.745000000000001,0.0,1.0,1.0,0.0,0.0,1.0,1.0,1.0
2020-05-29 23:40:12,8.718,8.526,-0.0120000000000004,2.106,8.53,74.52499999999999,5.7425,0.0,1.0,1.0,0.0,0.0,1.0,1.0,1.0
2020-05-29 23:40:22,8.722,8.542,-0.0120000000000004,2.1080000000000005,8.542,74.42500000000001,5.640000000000001,0.0,1.0,1.0,0.0,0.0,1.0,1.0,1.0
2020-05-29 23:40:32,8.728,8.55,-0.009999999999998,2.112,8.552,74.275,5.640000000000001,0.0,1.0,1.0,0.0,0.0,1.0,1.0,1.0
2020-05-29 23:40:42,8.736,8.56,-0.0120000000000004,2.116,8.56,74.275,5.6675,0.0,1.0,1.0,0.0,0.0,1.0,1.0,1.0
2020-05-29 23:40:52,7.174,8.548,-0.0120000000000004,1.6359999999999992,8.548,74.47500000000001,5.4175,0.0,1.0,0.0,0.0,0.0,1.0,1.0,1.0
2020-05-29 23:41:02,8.302,8.532,-0.0120000000000004,1.975999999999999,8.534,74.62500000000001,5.664999999999999,0.0,1.0,0.0,0.0,0.0,1.0,1.0,1.0
2020-05-29 23:41:12,8.686,8.528,-0.0120000000000004,2.096,8.526,74.64999999999999,5.672499999999999,0.0,1.0,0.0,0.0,0.0,1.0,1.0,1.0
2020-05-29 23:41:21,8.69,8.534,-0.0120000000000004,2.097999999999999,8.536,74.55000000000001,5.640000000000001,0.0,1.0,0.0,0.0,0.0,1.0,1.0,1.0
2020-05-29 23:41:31,8.692,8.542,-0.009999999999998,2.103999999999999,8.544,74.4,5.720000000000001,0.0,1.0,0.0,0.0,0.0,1.0,1.0,1.0
2020-05-29 23:41:41,8.698,8.548,-0.0120000000000004,2.106,8.548,74.44999999999999,5.785,0.0,1.0,0.0,0.0,0.0,1.0,1.0,1.0
2020-05-29 23:41:51,7.394,8.538,-0.0120000000000004,1.702,8.538,74.52499999999999,5.465,0.0,1.0,1.0,0.0,0.0,1.0,1.0,1.0
2020-05-29 23:42:01,8.536,8.52,-0.0120000000000004,2.048,8.52,74.725,5.600000000000001,0.0,1.0,1.0,0.0,0.0,1.0,1.0,1.0
2020-05-29 23:42:11,8.714,8.524,-0.0120000000000004,2.103999999999999,8.526,74.725,5.625,0.0,1.0,1.0,0.0,0.0,1.0,1.0,1.0
2020-05-29 23:42:21,8.72,8.536,-0.0120000000000004,2.1080000000000005,8.538,74.52499999999999,5.69,0.0,1.0,1.0,0.0,0.0,1.0,1.0,1.0
2020-05-29 23:42:31,8.726,8.546,-0.009999999999998,2.112,8.546,74.4,5.772500000000001,0.0,1.0,1.0,0.0,0.0,1.0,1.0,1.0
2020-05-29 23:42:41,8.734,8.556,-0.0120000000000004,2.116,8.558,74.6,5.807500000000001,0.0,1.0,1.0,0.0,0.0,1.0,1.0,1.0
2020-05-29 23:42:51,7.210000000000001,8.544,-0.0120000000000004,1.638,8.544,74.62500000000001,5.362499999999999,0.0,1.0,0.0,0.0,0.0,1.0,1.0,1.0
2020-05-29 23:43:01,8.312,8.526,-0.0120000000000004,1.978,8.528,74.8,5.58,0.0,1.0,0.0,0.0,0.0,1.0,1.0,1.0
2020-05-29 23:43:10,8.684,8.524,-0.0120000000000004,2.096,8.524,74.825,5.647500000000001,0.0,1.0,0.0,0.0,0.0,1.0,1.0,1.0
2020-05-29 23:43:20,8.684,8.53,-0.0120000000000004,2.097999999999999,8.532,74.62500000000001,5.74,0.0,1.0,0.0,0.0,0.0,1.0,1.0,1.0
2020-05-29 23:43:30,8.688,8.538,-0.0120000000000004,2.1,8.538,74.52499999999999,5.785,0.0,1.0,0.0,0.0,0.0,1.0,1.0,1.0
2020-05-29 23:43:40,8.694,8.542,-0.0120000000000004,2.103999999999999,8.542,74.62500000000001,5.707500000000001,0.0,1.0,0.0,0.0,0.0,1.0,1.0,1.0
2020-05-29 23:43:50,7.552,8.532,-0.0120000000000004,1.7539999999999996,8.532,74.52499999999999,5.387500000000001,0.0,1.0,1.0,0.0,0.0,1.0,1.0,1.0
2020-05-29 23:44:00,8.548,8.516,-0.009999999999998,2.056000000000001,8.516,74.75,5.612500000000001,0.0,1.0,1.0,0.0,0.0,1.0,1.0,1.0
2020-05-29 23:44:10,8.712,8.52,-0.009999999999998,2.1080000000000005,8.522,74.70000000000002,5.682499999999999,0.0,1.0,1.0,0.0,0.0,1.0,1.0,1.0
2020-05-29 23:44:20,8.716,8.534,-0.009999999999998,2.1080000000000005,8.534,74.64999999999999,5.802499999999998,0.0,1.0,1.0,0.0,0.0,1.0,1.0,1.0
2020-05-29 23:44:30,8.72,8.542,-0.0120000000000004,2.1080000000000005,8.542,74.47500000000001,5.789999999999999,0.0,1.0,1.0,0.0,0.0,1.0,1.0,1.0
2020-05-29 23:44:40,8.73,8.55,-0.009999999999998,2.116,8.552,74.52499999999999,5.692500000000001,0.0,1.0,1.0,0.0,0.0,1.0,1.0,1.0
2020-05-29 23:44:50,7.366,8.538,-0.009999999999998,1.686,8.538,74.70000000000002,5.307500000000001,0.0,1.0,0.0,0.0,0.0,1.0,1.0,1.0
2020-05-29 23:44:59,8.386,8.522,-0.009999999999998,2.001999999999999,8.52,74.95,5.5975,0.0,1.0,0.0,0.0,0.0,1.0,1.0,1.0
2020-05-29 23:45:09,8.678,8.518,-0.009999999999998,2.094000000000001,8.518,75.0,5.737500000000001,0.0,1.0,0.0,0.0,0.0,1.0,1.0,1.0
2020-05-29 23:45:19,8.68,8.526,-0.009999999999998,2.096,8.526,74.70000000000002,5.75,0.0,1.0,0.0,0.0,0.0,1.0,1.0,1.0
2020-05-29 23:45:29,8.684,8.532,-0.0079999999999991,2.097999999999999,8.532,74.725,5.69,0.0,1.0,0.0,0.0,0.0,1.0,1.0,1.0
2020-05-29 23:45:39,8.688,8.538,-0.009999999999998,2.1,8.538,74.725,5.625,0.0,1.0,0.0,0.0,0.0,1.0,1.0,1.0
2020-05-29 23:45:49,7.576,8.524,-0.009999999999998,1.7579999999999991,8.526,74.725,5.397499999999999,0.0,1.0,1.0,0.0,0.0,1.0,1.0,1.0
2020-05-29 23:45:59,8.612,8.508,-0.009999999999998,2.071999999999999,8.51,74.975,5.7475000000000005,0.0,1.0,1.0,0.0,0.0,1.0,1.0,1.0
2020-05-29 23:46:09,8.704,8.516,-0.009999999999998,2.106,8.516,75.0,5.807500000000001,0.0,1.0,1.0,0.0,0.0,1.0,1.0,1.0
2020-05-29 23:46:19,8.708,8.528,-0.009999999999998,2.103999999999999,8.528,74.77499999999999,5.717499999999999,0.0,1.0,1.0,0.0,0.0,1.0,1.0,1.0
2020-05-29 23:46:29,8.716,8.534,-0.009999999999998,2.1080000000000005,8.538,74.725,5.649999999999999,0.0,1.0,1.0,0.0,0.0,1.0,1.0,1.0
2020-05-29 23:46:39,8.722,8.546,-0.009999999999998,2.1140000000000008,8.548,74.825,5.682499999999999,0.0,1.0,1.0,0.0,0.0,1.0,1.0,1.0
2020-05-29 23:46:49,7.42,8.53,-0.009999999999998,1.7059999999999995,8.532,74.925,5.489999999999998,0.0,1.0,0.0,0.0,0.0,1.0,1.0,1.0
2020-05-29 23:46:58,8.412,8.514,-0.009999999999998,2.01,8.516,75.15,5.700000000000001,0.0,1.0,0.0,0.0,0.0,1.0,1.0,1.0
2020-05-29 23:47:08,8.672,8.512,-0.009999999999998,2.0919999999999987,8.516,75.075,5.647500000000001,0.0,1.0,0.0,0.0,0.0,1.0,1.0,1.0
2020-05-29 23:47:18,8.674,8.522,-0.009999999999998,2.094000000000001,8.522,74.825,5.612500000000001,0.0,1.0,0.0,0.0,0.0,1.0,1.0,1.0
2020-05-29 23:47:28,8.676,8.526,-0.009999999999998,2.097999999999999,8.528,74.825,5.674999999999999,0.0,1.0,0.0,0.0,0.0,1.0,1.0,1.0
2020-05-29 23:47:38,8.68,8.532,-0.009999999999998,2.1,8.534,74.8,5.802499999999998,0.0,1.0,0.0,0.0,0.0,1.0,1.0,1.0
2020-05-29 23:47:48,7.721999999999999,8.518,-0.009999999999998,1.8040000000000005,8.52,74.875,5.532500000000001,0.0,1.0,1.0,0.0,0.0,1.0,1.0,1.0
2020-05-29 23:47:58,8.614,8.502,-0.009999999999998,2.074,8.504,75.05,5.6625,0.0,1.0,1.0,0.0,0.0,1.0,1.0,1.0
2020-05-29 23:48:08,8.698,8.512,-0.009999999999998,2.103999999999999,8.514,74.925,5.645,0.0,1.0,1.0,0.0,0.0,1.0,1.0,1.0
2020-05-29 23:48:18,8.702,8.522,-0.0120000000000004,2.1,8.524,74.75,5.7425,0.0,1.0,1.0,0.0,0.0,1.0,1.0,1.0
2020-05-29 23:48:28,8.71,8.532,-0.009999999999998,2.106,8.534,74.725,5.789999999999999,0.0,1.0,1.0,0.0,0.0,1.0,1.0,1.0
2020-05-29 23:48:38,8.718,8.542,-0.0120000000000004,2.1099999999999994,8.54,74.825,5.74,0.0,1.0,1.0,0.0,0.0,1.0,1.0,1.0
2020-05-29 23:48:47,7.522,8.524,-0.009999999999998,1.7400000000000002,8.524,74.925,5.395000000000001,0.0,1.0,0.0,0.0,0.0,1.0,1.0,1.0
2020-05-29 23:48:57,8.45,8.508,-0.009999999999998,2.024000000000001,8.51,75.025,5.5875,0.0,1.0,0.0,0.0,0.0,1.0,1.0,1.0
2020-05-29 23:49:07,8.666,8.51,-0.009999999999998,2.0919999999999987,8.51,75.025,5.6975,0.0,1.0,0.0,0.0,0.0,1.0,1.0,1.0
2020-05-29 23:49:17,8.668,8.516,-0.009999999999998,2.094000000000001,8.516,74.9,5.780000000000001,0.0,1.0,0.0,0.0,0.0,1.0,1.0,1.0
2020-05-29 23:49:27,8.67,8.522,-0.0120000000000004,2.094000000000001,8.524,74.8,5.7575,0.0,1.0,0.0,0.0,0.0,1.0,1.0,1.0
2020-05-29 23:49:37,7.172000000000001,8.528,-0.009999999999998,1.731999999999999,8.53,74.825,5.5075,0.0,1.0,0.0,0.0,0.0,1.0,1.0,1.0
2020-05-29 23:49:47,7.814,8.512,-0.009999999999998,1.83,8.514,74.925,5.4125,0.0,1.0,1.0,0.0,0.0,1.0,1.0,1.0
2020-05-29 23:49:57,8.564,8.354,-0.0120000000000004,2.0599999999999987,8.358,75.125,5.6775,0.0,1.0,1.0,0.0,0.0,1.0,1.0,1.0
2020-05-29 23:50:07,8.442,8.254,-0.009999999999998,2.026,8.256,75.025,5.6975,0.0,1.0,1.0,0.0,0.0,1.0,1.0,1.0
2020-05-29 23:50:17,8.302,8.06,-0.0079999999999991,1.975999999999999,8.064,74.825,5.649999999999999,0.0,1.0,1.0,0.0,0.0,1.0,1.0,1.0
2020-05-29 23:50:27,8.26,8.056,-0.009999999999998,1.962,8.058,74.825,5.575000000000001,0.0,1.0,1.0,0.0,0.0,1.0,1.0,1.0
2020-05-29 23:50:36,8.29,8.088,-0.009999999999998,1.9720000000000013,8.09,74.825,5.5275,0.0,1.0,0.0,0.0,0.0,1.0,1.0,1.0
2020-05-29 23:50:46,7.41,8.074,-0.009999999999998,1.6999999999999993,8.076,74.85,5.4175,0.0,1.0,0.0,0.0,0.0,1.0,1.0,1.0
2020-05-29 23:50:56,8.256,8.07,-0.0120000000000004,1.958,8.072,75.175,5.664999999999999,0.0,1.0,0.0,0.0,0.0,1.0,1.0,1.0
2020-05-29 23:51:06,8.28,8.096,-0.0120000000000004,1.9640000000000004,8.098,74.825,5.637499999999999,0.0,1.0,0.0,0.0,0.0,1.0,1.0,1.0
2020-05-29 23:51:16,8.296,8.116,-0.009999999999998,1.9699999999999989,8.12,74.825,5.5600000000000005,0.0,1.0,0.0,0.0,0.0,1.0,1.0,1.0
2020-05-29 23:51:26,8.312,8.136,-0.009999999999998,1.975999999999999,8.138,74.70000000000002,5.549999999999999,0.0,1.0,0.0,0.0,0.0,1.0,1.0,1.0
2020-05-29 23:51:36,6.210000000000001,8.156,-0.0079999999999991,1.3739999999999988,8.156,74.725,5.342499999999999,0.0,1.0,1.0,0.0,0.0,1.0,1.0,1.0
2020-05-29 23:51:46,7.731999999999999,8.132,-0.009999999999998,1.802,8.134,74.77499999999999,5.540000000000001,0.0,1.0,1.0,0.0,0.0,1.0,1.0,1.0
2020-05-29 23:51:56,8.346,8.132,-0.009999999999998,1.9819999999999995,8.134,75.025,5.627500000000001,0.0,1.0,1.0,0.0,0.0,1.0,1.0,1.0
2020-05-29 23:52:06,8.366,8.152,-0.009999999999998,1.99,8.156,75.0,5.5725,0.0,1.0,1.0,0.0,0.0,1.0,1.0,1.0
2020-05-29 23:52:16,8.384,8.174,-0.009999999999998,1.9960000000000004,8.174,74.77499999999999,5.5600000000000005,0.0,1.0,1.0,0.0,0.0,1.0,1.0,1.0
2020-05-29 23:52:25,8.402,8.192,-0.009999999999998,2.004,8.194,74.825,5.6525,0.0,1.0,1.0,0.0,0.0,1.0,1.0,1.0
2020-05-29 23:52:35,5.462,8.202,-0.0079999999999991,1.0700000000000005,8.204,74.925,5.084999999999999,0.0,1.0,0.0,0.0,0.0,1.0,1.0,1.0
2020-05-29 23:52:45,7.584,8.18,-0.0079999999999991,1.75,8.18,75.05,5.5,0.0,1.0,0.0,0.0,0.0,1.0,1.0,1.0
2020-05-29 23:52:55,8.346,8.168,-0.0079999999999991,1.9819999999999995,8.17,75.175,5.620000000000001,0.0,1.0,0.0,0.0,0.0,1.0,1.0,1.0
2020-05-29 23:53:05,8.366,8.186,-0.009999999999998,1.99,8.186,75.075,5.5550000000000015,0.0,1.0,0.0,0.0,0.0,1.0,1.0,1.0
2020-05-29 23:53:15,8.374,8.2,-0.009999999999998,1.994,8.2,74.925,5.637499999999999,0.0,1.0,0.0,0.0,0.0,1.0,1.0,1.0
2020-05-29 23:53:25,8.384,8.212,-0.009999999999998,1.998000000000001,8.214,74.925,5.69,0.0,1.0,0.0,0.0,0.0,1.0,1.0,1.0
2020-05-29 23:53:35,6.004,8.218,-0.009999999999998,1.218,8.22,74.875,5.1,0.0,1.0,1.0,0.0,0.0,1.0,1.0,1.0
2020-05-29 23:53:45,7.874,8.196,-0.0120000000000004,1.838000000000001,8.198,75.05,5.4375,0.0,1.0,1.0,0.0,0.0,1.0,1.0,1.0
2020-05-29 23:53:55,8.408,8.194,-0.009999999999998,2.001999999999999,8.196,75.125,5.5725,0.0,1.0,1.0,0.0,0.0,1.0,1.0,1.0
2020-05-29 23:54:05,8.42,8.212,-0.009999999999998,2.007999999999999,8.212,75.05,5.694999999999999,0.0,1.0,1.0,0.0,0.0,1.0,1.0,1.0
2020-05-29 23:54:14,8.436,8.226,-0.009999999999998,2.0180000000000007,8.228,74.9,5.694999999999999,0.0,1.0,1.0,0.0,0.0,1.0,1.0,1.0
2020-05-29 23:54:24,8.446,8.24,-0.009999999999998,2.0180000000000007,8.242,74.70000000000002,5.6525,0.0,1.0,1.0,0.0,0.0,1.0,1.0,1.0
2020-05-29 23:54:34,5.555999999999999,8.248,-0.0120000000000004,1.0620000000000012,8.25,74.725,4.9725,0.0,1.0,0.0,0.0,0.0,1.0,1.0,1.0
2020-05-29 23:54:44,7.734,8.222,-0.009999999999998,1.7959999999999994,8.226,75.0,5.432500000000001,0.0,1.0,0.0,0.0,0.0,1.0,1.0,1.0
2020-05-29 23:54:54,8.392,8.214,-0.009999999999998,1.998000000000001,8.214,75.22500000000001,5.664999999999999,0.0,1.0,0.0,0.0,0.0,1.0,1.0,1.0
2020-05-29 23:55:04,8.406,8.226,-0.0120000000000004,2.001999999999999,8.226,75.0,5.700000000000001,0.0,1.0,0.0,0.0,0.0,1.0,1.0,1.0
2020-05-29 23:55:14,8.414,8.238,-0.0120000000000004,2.006,8.24,74.825,5.645,0.0,1.0,0.0,0.0,0.0,1.0,1.0,1.0
2020-05-29 23:55:24,8.422,8.248,-0.009999999999998,2.01,8.25,74.8,5.565,0.0,1.0,0.0,0.0,0.0,1.0,1.0,1.0
2020-05-29 23:55:34,6.026,8.256,-0.009999999999998,1.2360000000000009,8.258,74.85,5.082500000000001,0.0,1.0,1.0,0.0,0.0,1.0,1.0,1.0
2020-05-29 23:55:44,7.986000000000001,8.234,-0.0079999999999991,1.8760000000000008,8.236,75.025,5.600000000000001,0.0,1.0,1.0,0.0,0.0,1.0,1.0,1.0
2020-05-29 23:55:54,8.452,8.232,-0.009999999999998,2.02,8.236,75.075,5.700000000000001,0.0,1.0,1.0,0.0,0.0,1.0,1.0,1.0
2020-05-29 23:56:04,8.464,8.252,-0.0120000000000004,2.022,8.252,75.0,5.6625,0.0,1.0,1.0,0.0,0.0,1.0,1.0,1.0
2020-05-29 23:56:13,8.472,8.268,-0.009999999999998,2.026,8.27,75.0,5.565,0.0,1.0,1.0,0.0,0.0,1.0,1.0,1.0
2020-05-29 23:56:23,8.488,8.284,-0.009999999999998,2.030000000000001,8.284,74.925,5.5975,0.0,1.0,1.0,0.0,0.0,1.0,1.0,1.0
2020-05-29 23:56:33,5.848000000000001,8.288,-0.009999999999998,1.248000000000001,8.292,75.025,5.1325,0.0,1.0,0.0,0.0,0.0,1.0,1.0,1.0
2020-05-29 23:56:43,7.827999999999999,8.266,-0.009999999999998,1.824,8.268,75.1,5.5525,0.0,1.0,0.0,0.0,0.0,1.0,1.0,1.0
2020-05-29 23:56:53,8.436,8.258,-0.009999999999998,2.014,8.258,75.325,5.640000000000001,0.0,1.0,0.0,0.0,0.0,1.0,1.0,1.0
2020-05-29 23:57:03,8.448,8.27,-0.009999999999998,2.016,8.272,75.2,5.567500000000001,0.0,1.0,0.0,0.0,0.0,1.0,1.0,1.0
2020-05-29 23:57:13,8.456,8.282,-0.009999999999998,2.022,8.284,74.85,5.5975,0.0,1.0,0.0,0.0,0.0,1.0,1.0,1.0
2020-05-29 23:57:23,8.464,8.292,-0.009999999999998,2.026,8.294,74.825,5.6875,0.0,1.0,0.0,0.0,0.0,1.0,1.0,1.0
2020-05-29 23:57:33,6.304,8.296,-0.0079999999999991,1.370000000000001,8.298,74.825,5.2575,0.0,1.0,1.0,0.0,0.0,1.0,1.0,1.0
2020-05-29 23:57:43,8.094,8.272,-0.009999999999998,1.9080000000000013,8.274,75.125,5.58,0.0,1.0,1.0,0.0,0.0,1.0,1.0,1.0
2020-05-29 23:57:53,8.488,8.274,-0.009999999999998,2.030000000000001,8.276,75.15,5.58,0.0,1.0,1.0,0.0,0.0,1.0,1.0,1.0
2020-05-29 23:58:03,8.504,8.29,-0.009999999999998,2.033999999999999,8.292,75.05,5.58,0.0,1.0,1.0,0.0,0.0,1.0,1.0,1.0
2020-05-29 23:58:12,8.508,8.304,-0.009999999999998,2.036,8.306,74.925,5.6850000000000005,0.0,1.0,1.0,0.0,0.0,1.0,1.0,1.0
2020-05-29 23:58:22,8.52,8.318,-0.009999999999998,2.042,8.318,74.925,5.767500000000002,0.0,1.0,1.0,0.0,0.0,1.0,1.0,1.0
2020-05-29 23:58:32,6.156000000000001,8.32,-0.009999999999998,1.3339999999999996,8.322,75.025,5.142500000000002,0.0,1.0,0.0,0.0,0.0,1.0,1.0,1.0
2020-05-29 23:58:42,7.852,8.298,-0.009999999999998,1.834,8.3,75.125,5.477499999999999,0.0,1.0,0.0,0.0,0.0,1.0,1.0,1.0
2020-05-29 23:58:52,8.468,8.29,-0.009999999999998,2.022,8.29,75.29999999999998,5.5975,0.0,1.0,0.0,0.0,0.0,1.0,1.0,1.0
2020-05-29 23:59:02,8.48,8.3,-0.009999999999998,2.026,8.302,75.15,5.637499999999999,0.0,1.0,0.0,0.0,0.0,1.0,1.0,1.0
2020-05-29 23:59:12,8.482,8.312,-0.009999999999998,2.0279999999999987,8.312,75.025,5.7225,0.0,1.0,0.0,0.0,0.0,1.0,1.0,1.0
2020-05-29 23:59:22,8.494,8.32,-0.009999999999998,2.033999999999999,8.322,75.1,5.67,0.0,1.0,0.0,0.0,0.0,1.0,1.0,1.0
2020-05-29 23:59:32,6.614000000000001,8.32,-0.009999999999998,1.4600000000000009,8.32,75.1,5.157499999999999,0.0,1.0,1.0,0.0,0.0,1.0,1.0,1.0
2020-05-29 23:59:42,8.124,8.3,-0.009999999999998,1.9160000000000004,8.302,75.2,5.455000000000002,0.0,1.0,1.0,0.0,0.0,1.0,1.0,1.0
2020-05-29 23:59:52,8.518,8.298,-0.009999999999998,2.0380000000000003,8.3,75.25,5.654999999999999,0.0,1.0,1.0,0.0,0.0,1.0,1.0,1.0
2020-05-30 00:00:02,8.528,8.318,-0.009999999999998,2.0440000000000005,8.318,75.125,5.734999999999999,0.0,1.0,1.0,0.0,0.0,1.0,1.0,1.0
2020-05-30 00:00:11,8.534,8.33,-0.009999999999998,2.046,8.33,75.1,5.700000000000001,0.0,1.0,1.0,0.0,0.0,1.0,1.0,1.0
2020-05-30 00:00:21,8.544,8.34,-0.0120000000000004,2.0500000000000007,8.342,75.075,5.5825,0.0,1.0,1.0,0.0,0.0,1.0,1.0,1.0
2020-05-30 00:00:31,6.472,8.338,-0.009999999999998,1.411999999999999,8.338,75.025,5.18,0.0,1.0,0.0,0.0,0.0,1.0,1.0,1.0
2020-05-30 00:00:41,7.986000000000001,8.32,-0.0079999999999991,1.8760000000000008,8.32,75.22500000000001,5.5825,0.0,1.0,0.0,0.0,0.0,1.0,1.0,1.0
2020-05-30 00:00:51,8.488,8.31,-0.009999999999998,2.030000000000001,8.31,75.47500000000001,5.717499999999999,0.0,1.0,0.0,0.0,0.0,1.0,1.0,1.0
2020-05-30 00:01:01,8.5,8.322,-0.009999999999998,2.033999999999999,8.322,75.2,5.66,0.0,1.0,0.0,0.0,0.0,1.0,1.0,1.0
2020-05-30 00:01:11,8.502,8.332,-0.009999999999998,2.036,8.334,75.125,5.547500000000001,0.0,1.0,0.0,0.0,0.0,1.0,1.0,1.0
2020-05-30 00:01:21,8.51,8.342,-0.009999999999998,2.039999999999999,8.342,74.925,5.620000000000001,0.0,1.0,0.0,0.0,0.0,1.0,1.0,1.0
2020-05-30 00:01:31,6.706,8.338,-0.009999999999998,1.4900000000000002,8.338,75.125,5.275,0.0,1.0,1.0,0.0,0.0,1.0,1.0,1.0
2020-05-30 00:01:41,8.244,8.316,-0.009999999999998,1.9559999999999995,8.316,75.1,5.674999999999999,0.0,1.0,1.0,0.0,0.0,1.0,1.0,1.0
2020-05-30 00:01:51,8.538,8.32,-0.009999999999998,2.046,8.32,75.325,5.69,0.0,1.0,1.0,0.0,0.0,1.0,1.0,1.0
2020-05-30 00:02:01,8.544,8.334,-0.009999999999998,2.0500000000000007,8.336,75.175,5.5975,0.0,1.0,1.0,0.0,0.0,1.0,1.0,1.0
2020-05-30 00:02:10,8.552,8.346,-0.009999999999998,2.0540000000000003,8.348,75.075,5.58,0.0,1.0,1.0,0.0,0.0,1.0,1.0,1.0
2020-05-30 00:02:20,8.56,8.358,-0.009999999999998,2.0540000000000003,8.36,75.075,5.707500000000001,0.0,1.0,1.0,0.0,0.0,1.0,1.0,1.0
2020-05-30 00:02:30,6.532,8.354,-0.009999999999998,1.4320000000000004,8.354,75.125,5.289999999999999,0.0,1.0,0.0,0.0,0.0,1.0,1.0,1.0
2020-05-30 00:02:40,8.08,8.33,-0.009999999999998,1.9000000000000004,8.332,75.42500000000001,5.5375,0.0,1.0,0.0,0.0,0.0,1.0,1.0,1.0
2020-05-30 00:02:50,8.506,8.326,-0.009999999999998,2.032,8.326,75.52499999999999,5.577500000000001,0.0,1.0,0.0,0.0,0.0,1.0,1.0,1.0
2020-05-30 00:03:00,8.512,8.334,-0.009999999999998,2.036,8.338,75.37499999999999,5.5975,0.0,1.0,0.0,0.0,0.0,1.0,1.0,1.0
2020-05-30 00:03:10,8.516,8.344,-0.009999999999998,2.039999999999999,8.344,75.22500000000001,5.6675,0.0,1.0,0.0,0.0,0.0,1.0,1.0,1.0
2020-05-30 00:03:20,8.524,8.352,-0.009999999999998,2.0440000000000005,8.354,75.125,5.720000000000001,0.0,1.0,0.0,0.0,0.0,1.0,1.0,1.0
2020-05-30 00:03:30,6.92,8.348,-0.009999999999998,1.548,8.348,75.125,5.300000000000001,0.0,1.0,1.0,0.0,0.0,1.0,1.0,1.0
2020-05-30 00:03:40,8.256,8.328,-0.0079999999999991,1.9559999999999995,8.33,75.37499999999999,5.5600000000000005,0.0,1.0,1.0,0.0,0.0,1.0,1.0,1.0
2020-05-30 00:03:50,8.55,8.332,-0.009999999999998,2.0500000000000007,8.334,75.29999999999998,5.600000000000001,0.0,1.0,1.0,0.0,0.0,1.0,1.0,1.0
2020-05-30 00:04:00,8.556,8.346,-0.009999999999998,2.048,8.346,75.29999999999998,5.6675,0.0,1.0,1.0,0.0,0.0,1.0,1.0,1.0
2020-05-30 00:04:10,8.56,8.358,-0.009999999999998,2.052,8.358,75.15,5.745000000000001,0.0,1.0,1.0,0.0,0.0,1.0,1.0,1.0
2020-05-30 00:04:19,8.574,8.37,-0.009999999999998,2.058,8.37,75.175,5.700000000000001,0.0,1.0,1.0,0.0,0.0,1.0,1.0,1.0
2020-05-30 00:04:29,6.756,8.36,-0.009999999999998,1.501999999999999,8.364,75.125,5.2075,0.0,1.0,0.0,0.0,0.0,1.0,1.0,1.0
2020-05-30 00:04:39,8.104,8.342,-0.009999999999998,1.91,8.342,75.37499999999999,5.465,0.0,1.0,0.0,0.0,0.0,1.0,1.0,1.0
2020-05-30 00:04:49,8.516,8.336,-0.009999999999998,2.0380000000000003,8.334,75.42500000000001,5.637499999999999,0.0,1.0,0.0,0.0,0.0,1.0,1.0,1.0
2020-05-30 00:04:59,8.522,8.346,-0.009999999999998,2.039999999999999,8.348,75.25,5.7575,0.0,1.0,0.0,0.0,0.0,1.0,1.0,1.0
2020-05-30 00:05:09,8.526,8.356,-0.009999999999998,2.046,8.356,75.125,5.6775,0.0,1.0,0.0,0.0,0.0,1.0,1.0,1.0
2020-05-30 00:05:19,8.532,8.362,-0.009999999999998,2.048,8.362,75.2,5.607500000000002,0.0,1.0,0.0,0.0,0.0,1.0,1.0,1.0
2020-05-30 00:05:29,7.166,8.354,-0.009999999999998,1.6260000000000012,8.354,75.29999999999998,5.302500000000002,0.0,1.0,1.0,0.0,0.0,1.0,1.0,1.0
2020-05-30 00:05:39,8.36,8.336,-0.0079999999999991,1.994,8.336,75.42500000000001,5.640000000000001,0.0,1.0,1.0,0.0,0.0,1.0,1.0,1.0
2020-05-30 00:05:49,8.558,8.338,-0.009999999999998,2.0500000000000007,8.338,75.325,5.7475000000000005,0.0,1.0,1.0,0.0,0.0,1.0,1.0,1.0
2020-05-30 00:05:59,8.564,8.354,-0.009999999999998,2.0540000000000003,8.354,75.275,5.674999999999999,0.0,1.0,1.0,0.0,0.0,1.0,1.0,1.0
2020-05-30 00:06:09,8.572,8.366,-0.0079999999999991,2.0599999999999987,8.366,75.15,5.634999999999998,0.0,1.0,1.0,0.0,0.0,1.0,1.0,1.0
2020-05-30 00:06:18,8.58,8.376,-0.0079999999999991,2.0599999999999987,8.376,75.2,5.605,0.0,1.0,1.0,0.0,0.0,1.0,1.0,1.0
2020-05-30 00:06:28,6.802,8.368,-0.009999999999998,1.518000000000001,8.368,75.2,5.209999999999999,0.0,1.0,0.0,0.0,0.0,1.0,1.0,1.0
2020-05-30 00:06:38,8.196,8.346,-0.0079999999999991,1.9379999999999988,8.346,75.42500000000001,5.605,0.0,1.0,0.0,0.0,0.0,1.0,1.0,1.0
2020-05-30 00:06:48,8.524,8.342,-0.0079999999999991,2.042,8.344,75.62500000000001,5.725,0.0,1.0,0.0,0.0,0.0,1.0,1.0,1.0
2020-05-30 00:06:58,8.53,8.352,-0.0079999999999991,2.046,8.352,75.325,5.664999999999999,0.0,1.0,0.0,0.0,0.0,1.0,1.0,1.0
2020-05-30 00:07:08,8.53,8.36,-0.009999999999998,2.046,8.362,75.325,5.575000000000001,0.0,1.0,0.0,0.0,0.0,1.0,1.0,1.0
2020-05-30 00:07:18,8.538,8.368,-0.0079999999999991,2.0540000000000003,8.368,75.2,5.6525,0.0,1.0,0.0,0.0,0.0,1.0,1.0,1.0
2020-05-30 00:07:28,7.167999999999999,8.358,-0.009999999999998,1.628,8.36,75.22500000000001,5.4125,0.0,1.0,1.0,0.0,0.0,1.0,1.0,1.0
2020-05-30 00:07:38,8.436,8.338,-0.0079999999999991,2.0120000000000005,8.338,75.4,5.637499999999999,0.0,1.0,1.0,0.0,0.0,1.0,1.0,1.0
2020-05-30 00:07:48,8.564,8.344,-0.0120000000000004,2.056000000000001,8.348,75.44999999999999,5.5975,0.0,1.0,1.0,0.0,0.0,1.0,1.0,1.0
2020-05-30 00:07:58,8.572,8.358,-0.0079999999999991,2.056000000000001,8.36,75.2,5.58,0.0,1.0,1.0,0.0,0.0,1.0,1.0,1.0
2020-05-30 00:08:08,8.578,8.372,-0.009999999999998,2.058,8.372,75.125,5.702499999999999,0.0,1.0,1.0,0.0,0.0,1.0,1.0,1.0
2020-05-30 00:08:17,8.586,8.382,-0.009999999999998,2.064,8.382,75.175,5.77,0.0,1.0,1.0,0.0,0.0,1.0,1.0,1.0
2020-05-30 00:08:27,6.988,8.37,-0.009999999999998,1.5700000000000005,8.372,75.29999999999998,5.309999999999999,0.0,1.0,0.0,0.0,0.0,1.0,1.0,1.0
2020-05-30 00:08:37,8.216,8.35,-0.0079999999999991,1.943999999999999,8.352,75.52499999999999,5.5,0.0,1.0,0.0,0.0,0.0,1.0,1.0,1.0
2020-05-30 00:08:47,8.53,8.348,-0.009999999999998,2.0440000000000005,8.348,75.55000000000001,5.592500000000001,0.0,1.0,0.0,0.0,0.0,1.0,1.0,1.0
2020-05-30 00:08:57,8.534,8.358,-0.009999999999998,2.048,8.358,75.35000000000001,5.692500000000001,0.0,1.0,0.0,0.0,0.0,1.0,1.0,1.0
2020-05-30 00:09:07,8.538,8.366,-0.009999999999998,2.048,8.366,75.325,5.734999999999999,0.0,1.0,0.0,0.0,0.0,1.0,1.0,1.0
2020-05-30 00:09:17,8.544,8.372,-0.009999999999998,2.0500000000000007,8.374,75.15,5.625,0.0,1.0,0.0,0.0,0.0,1.0,1.0,1.0
2020-05-30 00:09:27,7.388,8.358,-0.009999999999998,1.6980000000000004,8.358,75.2,5.307500000000001,0.0,1.0,1.0,0.0,0.0,1.0,1.0,1.0
2020-05-30 00:09:37,8.466,8.34,-0.009999999999998,2.024000000000001,8.34,75.42500000000001,5.585000000000001,0.0,1.0,1.0,0.0,0.0,1.0,1.0,1.0
2020-05-30 00:09:47,8.572,8.35,-0.009999999999998,2.058,8.352,75.325,5.75,0.0,1.0,1.0,0.0,0.0,1.0,1.0,1.0
2020-05-30 00:09:57,8.572,8.364,-0.009999999999998,2.0540000000000003,8.364,75.22500000000001,5.705,0.0,1.0,1.0,0.0,0.0,1.0,1.0,1.0
2020-05-30 00:10:07,8.582,8.376,-0.0079999999999991,2.0599999999999987,8.376,75.2,5.620000000000001,0.0,1.0,1.0,0.0,0.0,1.0,1.0,1.0
2020-05-30 00:10:16,8.588,8.386,-0.009999999999998,2.064,8.386,75.22500000000001,5.602499999999999,0.0,1.0,1.0,0.0,0.0,1.0,1.0,1.0
2020-05-30 00:10:26,7.196,8.37,-0.009999999999998,1.6319999999999997,8.372,75.29999999999998,5.3725000000000005,0.0,1.0,0.0,0.0,0.0,1.0,1.0,1.0
2020-05-30 00:10:36,8.3,8.35,-0.0079999999999991,1.9699999999999989,8.35,75.52499999999999,5.6850000000000005,0.0,1.0,0.0,0.0,0.0,1.0,1.0,1.0
2020-05-30 00:10:46,8.536,8.35,-0.0079999999999991,2.0440000000000005,8.352,75.6,5.664999999999999,0.0,1.0,0.0,0.0,0.0,1.0,1.0,1.0
2020-05-30 00:10:56,8.536,8.362,-0.009999999999998,2.046,8.362,75.42500000000001,5.5600000000000005,0.0,1.0,0.0,0.0,0.0,1.0,1.0,1.0
2020-05-30 00:11:06,8.54,8.368,-0.009999999999998,2.048,8.368,75.35000000000001,5.602499999999999,0.0,1.0,0.0,0.0,0.0,1.0,1.0,1.0
2020-05-30 00:11:16,8.546,8.374,-0.009999999999998,2.0500000000000007,8.374,75.29999999999998,5.694999999999999,0.0,1.0,0.0,0.0,0.0,1.0,1.0,1.0
2020-05-30 00:11:26,7.528,8.36,-0.0079999999999991,1.7379999999999995,8.36,75.325,5.4725,0.0,1.0,1.0,0.0,0.0,1.0,1.0,1.0
2020-05-30 00:11:36,8.516,8.342,-0.009999999999998,2.0380000000000003,8.34,75.57499999999999,5.627500000000001,0.0,1.0,1.0,0.0,0.0,1.0,1.0,1.0
2020-05-30 00:11:46,8.572,8.354,-0.009999999999998,2.056000000000001,8.354,75.47500000000001,5.59,0.0,1.0,1.0,0.0,0.0,1.0,1.0,1.0
2020-05-30 00:11:56,8.576,8.366,-0.0079999999999991,2.0599999999999987,8.368,75.325,5.615000000000002,0.0,1.0,1.0,0.0,0.0,1.0,1.0,1.0
2020-05-30 00:12:06,8.584,8.378,-0.009999999999998,2.064,8.378,75.29999999999998,5.737500000000001,0.0,1.0,1.0,0.0,0.0,1.0,1.0,1.0
2020-05-30 00:12:15,8.59,8.388,-0.009999999999998,2.065999999999999,8.388,75.37499999999999,5.737500000000001,0.0,1.0,1.0,0.0,0.0,1.0,1.0,1.0
2020-05-30 00:12:25,7.334,8.37,-0.0079999999999991,1.6820000000000004,8.37,75.4,5.329999999999998,0.0,1.0,0.0,0.0,0.0,1.0,1.0,1.0
2020-05-30 00:12:35,8.374,8.35,-0.0079999999999991,1.994,8.35,75.6,5.5375,0.0,1.0,0.0,0.0,0.0,1.0,1.0,1.0
2020-05-30 00:12:45,8.536,8.352,-0.009999999999998,2.046,8.354,75.75,5.640000000000001,0.0,1.0,0.0,0.0,0.0,1.0,1.0,1.0
2020-05-30 00:12:55,8.534,8.362,-0.0079999999999991,2.046,8.362,75.4,5.725,0.0,1.0,0.0,0.0,0.0,1.0,1.0,1.0
2020-05-30 00:13:05,8.542,8.368,-0.009999999999998,2.048,8.37,75.4,5.664999999999999,0.0,1.0,0.0,0.0,0.0,1.0,1.0,1.0
2020-05-30 00:13:15,8.548,8.378,-0.009999999999998,2.052,8.378,75.47500000000001,5.600000000000001,0.0,1.0,0.0,0.0,0.0,1.0,1.0,1.0
2020-05-30 00:13:25,7.542,8.362,-0.009999999999998,1.7420000000000009,8.362,75.325,5.352499999999999,0.0,1.0,1.0,0.0,0.0,1.0,1.0,1.0
2020-05-30 00:13:35,8.54,8.342,-0.0079999999999991,2.046,8.342,75.6,5.67,0.0,1.0,1.0,0.0,0.0,1.0,1.0,1.0
2020-05-30 00:13:45,8.574,8.356,-0.0079999999999991,2.058,8.356,75.55000000000001,5.7475000000000005,0.0,1.0,1.0,0.0,0.0,1.0,1.0,1.0
2020-05-30 00:13:55,8.578,8.368,-0.0079999999999991,2.0599999999999987,8.368,75.42500000000001,5.692500000000001,0.0,1.0,1.0,0.0,0.0,1.0,1.0,1.0
2020-05-30 00:14:04,8.588,8.378,-0.0079999999999991,2.065999999999999,8.378,75.37499999999999,5.605,0.0,1.0,1.0,0.0,0.0,1.0,1.0,1.0
2020-05-30 00:14:14,8.596,8.388,-0.009999999999998,2.068,8.39,75.37499999999999,5.609999999999999,0.0,1.0,1.0,0.0,0.0,1.0,1.0,1.0
2020-05-30 00:14:24,7.385999999999999,8.37,-0.009999999999998,1.693999999999999,8.37,75.42500000000001,5.442499999999999,0.0,1.0,0.0,0.0,0.0,1.0,1.0,1.0
2020-05-30 00:14:34,8.398,8.35,-0.0079999999999991,2.0,8.35,75.62500000000001,5.727500000000001,0.0,1.0,0.0,0.0,0.0,1.0,1.0,1.0
2020-05-30 00:14:44,8.538,8.352,-0.009999999999998,2.0440000000000005,8.354,75.37499999999999,5.6850000000000005,0.0,1.0,0.0,0.0,0.0,1.0,1.0,1.0
2020-05-30 00:14:54,8.54,8.364,-0.009999999999998,2.046,8.364,75.22500000000001,5.592500000000001,0.0,1.0,0.0,0.0,0.0,1.0,1.0,1.0
2020-05-30 00:15:04,8.544,8.37,-0.009999999999998,2.0500000000000007,8.37,75.275,5.622499999999999,0.0,1.0,0.0,0.0,0.0,1.0,1.0,1.0
2020-05-30 00:15:14,8.548,8.376,-0.009999999999998,2.052,8.378,75.2,5.66,0.0,1.0,0.0,0.0,0.0,1.0,1.0,1.0
2020-05-30 00:15:24,7.606,8.36,-0.009999999999998,1.7579999999999991,8.36,75.29999999999998,5.51,0.0,1.0,1.0,0.0,0.0,1.0,1.0,1.0
2020-05-30 00:15:34,8.548,8.344,-0.009999999999998,2.0500000000000007,8.344,75.44999999999999,5.6625,0.0,1.0,1.0,0.0,0.0,1.0,1.0,1.0
2020-05-30 00:15:44,8.574,8.356,-0.009999999999998,2.058,8.358,75.29999999999998,5.602499999999999,0.0,1.0,1.0,0.0,0.0,1.0,1.0,1.0
2020-05-30 00:15:53,8.58,8.368,-0.009999999999998,2.0599999999999987,8.37,75.325,5.5975,0.0,1.0,1.0,0.0,0.0,1.0,1.0,1.0
2020-05-30 00:16:03,8.59,8.38,-0.0079999999999991,2.068,8.38,75.29999999999998,5.694999999999999,0.0,1.0,1.0,0.0,0.0,1.0,1.0,1.0
2020-05-30 00:16:13,8.596,8.39,-0.009999999999998,2.0700000000000003,8.39,75.325,5.7575,0.0,1.0,1.0,0.0,0.0,1.0,1.0,1.0
2020-05-30 00:16:23,7.449999999999999,8.368,-0.009999999999998,1.7100000000000009,8.37,75.52499999999999,5.452500000000001,0.0,1.0,0.0,0.0,0.0,1.0,1.0,1.0
2020-05-30 00:16:33,8.474,8.348,-0.0079999999999991,2.026,8.35,75.64999999999999,5.5725,0.0,1.0,0.0,0.0,0.0,1.0,1.0,1.0
2020-05-30 00:16:43,8.542,8.356,-0.009999999999998,2.048,8.356,75.6,5.5725,0.0,1.0,0.0,0.0,0.0,1.0,1.0,1.0
2020-05-30 00:16:53,8.54,8.364,-0.0079999999999991,2.048,8.366,75.35000000000001,5.6325,0.0,1.0,0.0,0.0,0.0,1.0,1.0,1.0
2020-05-30 00:17:03,8.544,8.372,-0.009999999999998,2.0500000000000007,8.374,75.22500000000001,5.7125,0.0,1.0,0.0,0.0,0.0,1.0,1.0,1.0
2020-05-30 00:17:13,8.552,8.378,-0.009999999999998,2.0540000000000003,8.378,75.35000000000001,5.709999999999999,0.0,1.0,0.0,0.0,0.0,1.0,1.0,1.0
2020-05-30 00:17:23,7.734,8.358,-0.009999999999998,1.798,8.36,75.29999999999998,5.43,0.0,1.0,1.0,0.0,0.0,1.0,1.0,1.0
2020-05-30 00:17:33,8.55,8.346,-0.0079999999999991,2.052,8.344,75.49999999999999,5.575000000000001,0.0,1.0,1.0,0.0,0.0,1.0,1.0,1.0
2020-05-30 00:17:42,8.578,8.358,-0.009999999999998,2.0599999999999987,8.36,75.52499999999999,5.657499999999999,0.0,1.0,1.0,0.0,0.0,1.0,1.0,1.0
2020-05-30 00:17:52,8.58,8.37,-0.009999999999998,2.0599999999999987,8.37,75.325,5.7225,0.0,1.0,1.0,0.0,0.0,1.0,1.0,1.0
2020-05-30 00:18:02,8.59,8.38,-0.009999999999998,2.064,8.382,75.325,5.73,0.0,1.0,1.0,0.0,0.0,1.0,1.0,1.0
2020-05-30 00:18:12,6.156000000000001,8.388,-0.0079999999999991,1.370000000000001,8.392,75.325,5.244999999999999,0.0,1.0,0.0,0.0,0.0,1.0,1.0,1.0
2020-05-30 00:18:22,7.571999999999999,8.368,-0.009999999999998,1.7460000000000004,8.368,75.44999999999999,5.337499999999999,0.0,1.0,0.0,0.0,0.0,1.0,1.0,1.0
2020-05-30 00:18:32,8.482,8.348,-0.0079999999999991,2.026,8.348,75.62500000000001,5.585000000000001,0.0,1.0,0.0,0.0,0.0,1.0,1.0,1.0
2020-05-30 00:18:42,8.538,8.356,-0.009999999999998,2.0440000000000005,8.358,75.52499999999999,5.6975,0.0,1.0,0.0,0.0,0.0,1.0,1.0,1.0
2020-05-30 00:18:52,8.54,8.366,-0.0079999999999991,2.046,8.366,75.42500000000001,5.715,0.0,1.0,0.0,0.0,0.0,1.0,1.0,1.0
2020-05-30 00:19:02,8.548,8.374,-0.0079999999999991,2.0500000000000007,8.374,75.325,5.672499999999999,0.0,1.0,0.0,0.0,0.0,1.0,1.0,1.0
2020-05-30 00:19:12,8.554,8.38,-0.0079999999999991,2.0540000000000003,8.38,75.25,5.5825,0.0,1.0,1.0,0.0,0.0,1.0,1.0,1.0
2020-05-30 00:19:22,7.869999999999999,8.356,-0.009999999999998,1.838000000000001,8.358,75.29999999999998,5.469999999999999,0.0,1.0,1.0,0.0,0.0,1.0,1.0,1.0
2020-05-30 00:19:31,8.56,8.344,-0.009999999999998,2.0500000000000007,8.346,75.52499999999999,5.694999999999999,0.0,1.0,1.0,0.0,0.0,1.0,1.0,1.0
2020-05-30 00:19:41,8.578,8.358,-0.0079999999999991,2.058,8.36,75.55000000000001,5.725,0.0,1.0,1.0,0.0,0.0,1.0,1.0,1.0
2020-05-30 00:19:51,8.582,8.372,-0.0079999999999991,2.062000000000001,8.374,75.29999999999998,5.622499999999999,0.0,1.0,1.0,0.0,0.0,1.0,1.0,1.0
2020-05-30 00:20:01,8.592,8.382,-0.009999999999998,2.065999999999999,8.384,75.325,5.5975,0.0,1.0,1.0,0.0,0.0,1.0,1.0,1.0
2020-05-30 00:20:11,5.76,8.388,-0.009999999999998,1.2300000000000004,8.39,75.29999999999998,5.155000000000001,0.0,1.0,0.0,0.0,0.0,1.0,1.0,1.0
2020-05-30 00:20:21,7.593999999999999,8.368,-0.009999999999998,1.7560000000000002,8.37,75.42500000000001,5.48,0.0,1.0,0.0,0.0,0.0,1.0,1.0,1.0
2020-05-30 00:20:31,8.51,8.348,-0.009999999999998,2.0380000000000003,8.35,75.6,5.6625,0.0,1.0,0.0,0.0,0.0,1.0,1.0,1.0
2020-05-30 00:20:41,8.542,8.358,-0.009999999999998,2.046,8.36,75.42500000000001,5.59,0.0,1.0,0.0,0.0,0.0,1.0,1.0,1.0
2020-05-30 00:20:51,8.542,8.366,-0.009999999999998,2.0500000000000007,8.366,75.2,5.592500000000001,0.0,1.0,0.0,0.0,0.0,1.0,1.0,1.0
2020-05-30 00:21:01,8.546,8.372,-0.009999999999998,2.0500000000000007,8.374,75.15,5.702499999999999,0.0,1.0,0.0,0.0,0.0,1.0,1.0,1.0
2020-05-30 00:21:11,5.996,8.376,-0.009999999999998,1.193999999999999,8.376,75.125,5.16,0.0,1.0,1.0,0.0,0.0,1.0,1.0,1.0
2020-05-30 00:21:21,7.890000000000001,8.356,-0.009999999999998,1.846,8.356,75.325,5.4925,0.0,1.0,1.0,0.0,0.0,1.0,1.0,1.0
2020-05-30 00:21:30,8.566,8.346,-0.0079999999999991,2.0540000000000003,8.348,75.49999999999999,5.5725,0.0,1.0,1.0,0.0,0.0,1.0,1.0,1.0
2020-05-30 00:21:40,8.58,8.362,-0.009999999999998,2.058,8.362,75.4,5.66,0.0,1.0,1.0,0.0,0.0,1.0,1.0,1.0
2020-05-30 00:21:50,8.584,8.374,-0.0079999999999991,2.062000000000001,8.376,75.22500000000001,5.737500000000001,0.0,1.0,1.0,0.0,0.0,1.0,1.0,1.0
2020-05-30 00:22:00,8.596,8.388,-0.009999999999998,2.064,8.388,75.325,5.745000000000001,0.0,1.0,1.0,0.0,0.0,1.0,1.0,1.0
2020-05-30 00:22:10,5.906000000000001,8.392,-0.0079999999999991,1.2379999999999995,8.394,75.42500000000001,5.022500000000001,0.0,1.0,0.0,0.0,0.0,1.0,1.0,1.0
2020-05-30 00:22:20,7.744,8.376,-0.0079999999999991,1.802,8.376,75.52499999999999,5.387500000000001,0.0,1.0,0.0,0.0,0.0,1.0,1.0,1.0
2020-05-30 00:22:30,8.52,8.358,-0.0079999999999991,2.039999999999999,8.358,75.725,5.664999999999999,0.0,1.0,0.0,0.0,0.0,1.0,1.0,1.0
2020-05-30 00:22:40,8.55,8.368,-0.0079999999999991,2.052,8.37,75.62500000000001,5.717499999999999,0.0,1.0,0.0,0.0,0.0,1.0,1.0,1.0
2020-05-30 00:22:50,8.55,8.378,-0.0079999999999991,2.052,8.378,75.42500000000001,5.640000000000001,0.0,1.0,0.0,0.0,0.0,1.0,1.0,1.0
2020-05-30 00:23:00,8.558,8.386,-0.0079999999999991,2.0540000000000003,8.388,75.325,5.5825,0.0,1.0,0.0,0.0,0.0,1.0,1.0,1.0
2020-05-30 00:23:10,6.172000000000001,8.39,-0.0079999999999991,1.2720000000000002,8.39,75.4,5.092499999999999,0.0,1.0,1.0,0.0,0.0,1.0,1.0,1.0
2020-05-30 00:23:20,8.036,8.37,-0.009999999999998,1.888,8.372,75.6,5.57,0.0,1.0,1.0,0.0,0.0,1.0,1.0,1.0
2020-05-30 00:23:29,8.582,8.364,-0.009999999999998,2.056000000000001,8.364,75.62500000000001,5.74,0.0,1.0,1.0,0.0,0.0,1.0,1.0,1.0
2020-05-30 00:23:39,8.596,8.378,-0.009999999999998,2.065999999999999,8.378,75.52499999999999,5.6975,0.0,1.0,1.0,0.0,0.0,1.0,1.0,1.0
2020-05-30 00:23:49,8.6,8.392,-0.0079999999999991,2.065999999999999,8.394,75.35000000000001,5.57,0.0,1.0,1.0,0.0,0.0,1.0,1.0,1.0
2020-05-30 00:23:59,8.61,8.404,-0.0079999999999991,2.071999999999999,8.404,75.325,5.622499999999999,0.0,1.0,1.0,0.0,0.0,1.0,1.0,1.0
2020-05-30 00:24:09,5.962,8.406,-0.009999999999998,1.2800000000000011,8.406,75.42500000000001,5.1325,0.0,1.0,0.0,0.0,0.0,1.0,1.0,1.0
2020-05-30 00:24:19,7.772,8.388,-0.0079999999999991,1.808,8.388,75.55000000000001,5.535,0.0,1.0,0.0,0.0,0.0,1.0,1.0,1.0
2020-05-30 00:24:29,8.542,8.372,-0.009999999999998,2.046,8.374,75.6,5.5975,0.0,1.0,0.0,0.0,0.0,1.0,1.0,1.0
2020-05-30 00:24:39,8.564,8.382,-0.009999999999998,2.052,8.384,75.42500000000001,5.57,0.0,1.0,0.0,0.0,0.0,1.0,1.0,1.0
2020-05-30 00:24:49,8.562,8.39,-0.009999999999998,2.0540000000000003,8.392,75.4,5.567500000000001,0.0,1.0,0.0,0.0,0.0,1.0,1.0,1.0
2020-05-30 00:24:59,8.57,8.398,-0.009999999999998,2.058,8.398,75.42500000000001,5.6775,0.0,1.0,0.0,0.0,0.0,1.0,1.0,1.0
2020-05-30 00:25:09,6.401999999999999,8.4,-0.0079999999999991,1.378,8.402,75.42500000000001,5.227500000000001,0.0,1.0,1.0,0.0,0.0,1.0,1.0,1.0
2020-05-30 00:25:18,8.116,8.382,-0.0079999999999991,1.918,8.38,75.6,5.525,0.0,1.0,1.0,0.0,0.0,1.0,1.0,1.0
2020-05-30 00:25:28,8.596,8.376,-0.0079999999999991,2.062000000000001,8.378,75.52499999999999,5.565,0.0,1.0,1.0,0.0,0.0,1.0,1.0,1.0
2020-05-30 00:25:38,8.602,8.39,-0.0079999999999991,2.064,8.392,75.55000000000001,5.612500000000001,0.0,1.0,1.0,0.0,0.0,1.0,1.0,1.0
2020-05-30 00:25:48,8.61,8.4,-0.009999999999998,2.0700000000000003,8.402,75.42500000000001,5.694999999999999,0.0,1.0,1.0,0.0,0.0,1.0,1.0,1.0
2020-05-30 00:25:58,8.62,8.414,-0.0079999999999991,2.074,8.414,75.35000000000001,5.725,0.0,1.0,1.0,0.0,0.0,1.0,1.0,1.0
2020-05-30 00:26:08,6.254,8.414,-0.009999999999998,1.346,8.414,75.47500000000001,5.1075,0.0,1.0,0.0,0.0,0.0,1.0,1.0,1.0
2020-05-30 00:26:18,7.878,8.396,-0.009999999999998,1.84,8.394,75.6,5.4175,0.0,1.0,0.0,0.0,0.0,1.0,1.0,1.0
2020-05-30 00:26:28,8.55,8.38,-0.0079999999999991,2.048,8.384,75.8,5.6175,0.0,1.0,0.0,0.0,0.0,1.0,1.0,1.0
2020-05-30 00:26:38,8.57,8.392,-0.009999999999998,2.0540000000000003,8.39,75.55000000000001,5.7425,0.0,1.0,0.0,0.0,0.0,1.0,1.0,1.0
2020-05-30 00:26:48,8.57,8.4,-0.009999999999998,2.056000000000001,8.4,75.57499999999999,5.709999999999999,0.0,1.0,0.0,0.0,0.0,1.0,1.0,1.0
2020-05-30 00:26:58,8.576,8.408,-0.009999999999998,2.0599999999999987,8.406,75.4,5.627500000000001,0.0,1.0,0.0,0.0,0.0,1.0,1.0,1.0
2020-05-30 00:27:07,6.704000000000001,8.404,-0.009999999999998,1.5060000000000002,8.406,75.37499999999999,5.175000000000001,0.0,1.0,1.0,0.0,0.0,1.0,1.0,1.0
2020-05-30 00:27:17,8.16,8.386,-0.0079999999999991,1.93,8.386,75.55000000000001,5.504999999999999,0.0,1.0,1.0,0.0,0.0,1.0,1.0,1.0
2020-05-30 00:27:27,8.6,8.384,-0.0079999999999991,2.064,8.384,75.55000000000001,5.672499999999999,0.0,1.0,1.0,0.0,0.0,1.0,1.0,1.0
2020-05-30 00:27:37,8.612,8.398,-0.0079999999999991,2.0700000000000003,8.398,75.49999999999999,5.7425,0.0,1.0,1.0,0.0,0.0,1.0,1.0,1.0
2020-05-30 00:27:47,8.616,8.408,-0.009999999999998,2.071999999999999,8.41,75.55000000000001,5.637499999999999,0.0,1.0,1.0,0.0,0.0,1.0,1.0,1.0
2020-05-30 00:27:57,8.624,8.422,-0.0079999999999991,2.0760000000000005,8.422,75.42500000000001,5.585000000000001,0.0,1.0,1.0,0.0,0.0,1.0,1.0,1.0
2020-05-30 00:28:07,6.337999999999999,8.42,-0.009999999999998,1.370000000000001,8.42,75.49999999999999,5.1075,0.0,1.0,0.0,0.0,0.0,1.0,1.0,1.0
2020-05-30 00:28:17,8.008,8.398,-0.009999999999998,1.878,8.4,75.6,5.567500000000001,0.0,1.0,0.0,0.0,0.0,1.0,1.0,1.0
2020-05-30 00:28:27,8.562,8.386,-0.009999999999998,2.052,8.388,75.64999999999999,5.705,0.0,1.0,0.0,0.0,0.0,1.0,1.0,1.0
2020-05-30 00:28:37,8.576,8.396,-0.0079999999999991,2.0599999999999987,8.4,75.62500000000001,5.612500000000001,0.0,1.0,0.0,0.0,0.0,1.0,1.0,1.0
2020-05-30 00:28:47,8.574,8.402,-0.009999999999998,2.058,8.406,75.49999999999999,5.5825,0.0,1.0,0.0,0.0,0.0,1.0,1.0,1.0
2020-05-30 00:28:56,8.582,8.412,-0.0079999999999991,2.062000000000001,8.414,75.49999999999999,5.6325,0.0,1.0,0.0,0.0,0.0,1.0,1.0,1.0
2020-05-30 00:29:06,6.754,8.408,-0.009999999999998,1.5060000000000002,8.41,75.52499999999999,5.317499999999999,0.0,1.0,1.0,0.0,0.0,1.0,1.0,1.0
2020-05-30 00:29:16,8.18,8.392,-0.0079999999999991,1.934000000000001,8.392,75.69999999999999,5.640000000000001,0.0,1.0,1.0,0.0,0.0,1.0,1.0,1.0
2020-05-30 00:29:26,8.608,8.388,-0.0079999999999991,2.065999999999999,8.392,75.725,5.607500000000002,0.0,1.0,1.0,0.0,0.0,1.0,1.0,1.0
2020-05-30 00:29:36,8.614,8.4,-0.009999999999998,2.0700000000000003,8.404,75.725,5.595000000000001,0.0,1.0,1.0,0.0,0.0,1.0,1.0,1.0
2020-05-30 00:29:46,8.622,8.414,-0.009999999999998,2.074,8.416,75.49999999999999,5.645,0.0,1.0,1.0,0.0,0.0,1.0,1.0,1.0
2020-05-30 00:29:56,8.63,8.424,-0.009999999999998,2.0779999999999994,8.426,75.52499999999999,5.717499999999999,0.0,1.0,1.0,0.0,0.0,1.0,1.0,1.0
2020-05-30 00:30:06,6.606,8.42,-0.0079999999999991,1.4619999999999995,8.422,75.62500000000001,5.235000000000001,0.0,1.0,0.0,0.0,0.0,1.0,1.0,1.0
2020-05-30 00:30:16,8.03,8.4,-0.009999999999998,1.8840000000000003,8.402,75.725,5.487500000000001,0.0,1.0,0.0,0.0,0.0,1.0,1.0,1.0
2020-05-30 00:30:26,8.568,8.392,-0.009999999999998,2.058,8.392,75.62500000000001,5.5600000000000005,0.0,1.0,0.0,0.0,0.0,1.0,1.0,1.0
2020-05-30 00:30:36,8.578,8.4,-0.009999999999998,2.056000000000001,8.4,75.62500000000001,5.607500000000002,0.0,1.0,0.0,0.0,0.0,1.0,1.0,1.0
2020-05-30 00:30:45,8.578,8.406,-0.009999999999998,2.065999999999999,8.408,75.42500000000001,5.734999999999999,0.0,1.0,0.0,0.0,0.0,1.0,1.0,1.0
2020-05-30 00:30:55,8.584,8.414,-0.009999999999998,2.064,8.414,75.42500000000001,5.674999999999999,0.0,1.0,0.0,0.0,0.0,1.0,1.0,1.0
2020-05-30 00:31:05,6.83,8.41,-0.009999999999998,1.5359999999999996,8.41,75.52499999999999,5.195,0.0,1.0,1.0,0.0,0.0,1.0,1.0,1.0
2020-05-30 00:31:15,8.284,8.39,-0.009999999999998,1.966000000000001,8.392,75.725,5.542499999999999,0.0,1.0,1.0,0.0,0.0,1.0,1.0,1.0
2020-05-30 00:31:25,8.612,8.39,-0.009999999999998,2.0700000000000003,8.394,75.64999999999999,5.700000000000001,0.0,1.0,1.0,0.0,0.0,1.0,1.0,1.0
2020-05-30 00:31:35,8.618,8.404,-0.009999999999998,2.074,8.406,75.52499999999999,5.752500000000001,0.0,1.0,1.0,0.0,0.0,1.0,1.0,1.0
2020-05-30 00:31:45,8.626,8.418,-0.009999999999998,2.0760000000000005,8.418,75.52499999999999,5.622499999999999,0.0,1.0,1.0,0.0,0.0,1.0,1.0,1.0
2020-05-30 00:31:55,8.634,8.426,-0.009999999999998,2.08,8.428,75.52499999999999,5.595000000000001,0.0,1.0,1.0,0.0,0.0,1.0,1.0,1.0
2020-05-30 00:32:05,6.642,8.422,-0.0079999999999991,1.466000000000001,8.422,75.6,5.1525,0.0,1.0,0.0,0.0,0.0,1.0,1.0,1.0
2020-05-30 00:32:15,8.044,8.404,-0.009999999999998,1.892,8.404,75.725,5.5375,0.0,1.0,0.0,0.0,0.0,1.0,1.0,1.0
2020-05-30 00:32:25,8.576,8.394,-0.0079999999999991,2.0540000000000003,8.396,75.89999999999999,5.709999999999999,0.0,1.0,0.0,0.0,0.0,1.0,1.0,1.0
2020-05-30 00:32:34,8.582,8.402,-0.009999999999998,2.0599999999999987,8.404,75.69999999999999,5.5875,0.0,1.0,0.0,0.0,0.0,1.0,1.0,1.0
2020-05-30 00:32:44,8.582,8.41,-0.009999999999998,2.064,8.41,75.52499999999999,5.5725,0.0,1.0,0.0,0.0,0.0,1.0,1.0,1.0
2020-05-30 00:32:54,8.588,8.418,-0.009999999999998,2.065999999999999,8.418,75.62500000000001,5.6850000000000005,0.0,1.0,0.0,0.0,0.0,1.0,1.0,1.0
2020-05-30 00:33:04,7.0600000000000005,8.41,-0.0079999999999991,1.597999999999999,8.412,75.47500000000001,5.369999999999999,0.0,1.0,1.0,0.0,0.0,1.0,1.0,1.0
2020-05-30 00:33:14,8.312,8.394,-0.0079999999999991,1.975999999999999,8.394,75.69999999999999,5.615000000000002,0.0,1.0,1.0,0.0,0.0,1.0,1.0,1.0
2020-05-30 00:33:24,8.614,8.394,-0.0079999999999991,2.068,8.394,75.75,5.607500000000002,0.0,1.0,1.0,0.0,0.0,1.0,1.0,1.0
2020-05-30 00:33:34,8.62,8.408,-0.009999999999998,2.074,8.408,75.6,5.5975,0.0,1.0,1.0,0.0,0.0,1.0,1.0,1.0
2020-05-30 00:33:44,8.626,8.42,-0.0079999999999991,2.0760000000000005,8.42,75.52499999999999,5.702499999999999,0.0,1.0,1.0,0.0,0.0,1.0,1.0,1.0
2020-05-30 00:33:54,8.634,8.43,-0.0079999999999991,2.0779999999999994,8.428,75.49999999999999,5.752500000000001,0.0,1.0,1.0,0.0,0.0,1.0,1.0,1.0
2020-05-30 00:34:04,6.821999999999999,8.42,-0.009999999999998,1.5259999999999998,8.422,75.6,5.2525,0.0,1.0,0.0,0.0,0.0,1.0,1.0,1.0
2020-05-30 00:34:14,8.126,8.404,-0.0079999999999991,1.9220000000000008,8.404,75.725,5.449999999999999,0.0,1.0,0.0,0.0,0.0,1.0,1.0,1.0
2020-05-30 00:34:24,8.576,8.396,-0.0079999999999991,2.058,8.396,75.925,5.5725,0.0,1.0,0.0,0.0,0.0,1.0,1.0,1.0
2020-05-30 00:34:33,8.582,8.404,-0.009999999999998,2.0599999999999987,8.406,75.69999999999999,5.6875,0.0,1.0,0.0,0.0,0.0,1.0,1.0,1.0
2020-05-30 00:34:43,8.582,8.41,-0.009999999999998,2.062000000000001,8.412,75.62500000000001,5.727500000000001,0.0,1.0,0.0,0.0,0.0,1.0,1.0,1.0
2020-05-30 00:34:53,8.588,8.416,-0.009999999999998,2.064,8.418,75.6,5.657499999999999,0.0,1.0,0.0,0.0,0.0,1.0,1.0,1.0
2020-05-30 00:35:03,7.202,8.406,-0.0079999999999991,1.6419999999999997,8.41,75.69999999999999,5.2525,0.0,1.0,1.0,0.0,0.0,1.0,1.0,1.0
2020-05-30 00:35:13,8.378,8.39,-0.009999999999998,1.9960000000000004,8.392,75.69999999999999,5.5725,0.0,1.0,1.0,0.0,0.0,1.0,1.0,1.0
2020-05-30 00:35:23,8.614,8.394,-0.009999999999998,2.065999999999999,8.398,75.725,5.725,0.0,1.0,1.0,0.0,0.0,1.0,1.0,1.0
2020-05-30 00:35:33,8.62,8.408,-0.009999999999998,2.0700000000000003,8.41,75.62500000000001,5.707500000000001,0.0,1.0,1.0,0.0,0.0,1.0,1.0,1.0
2020-05-30 00:35:43,8.626,8.42,-0.009999999999998,2.074,8.42,75.49999999999999,5.625,0.0,1.0,1.0,0.0,0.0,1.0,1.0,1.0
2020-05-30 00:35:53,8.636,8.428,-0.0079999999999991,2.08,8.43,75.52499999999999,5.5875,0.0,1.0,1.0,0.0,0.0,1.0,1.0,1.0
2020-05-30 00:36:03,6.892,8.42,-0.0079999999999991,1.5459999999999994,8.42,75.69999999999999,5.262500000000001,0.0,1.0,0.0,0.0,0.0,1.0,1.0,1.0
2020-05-30 00:36:13,8.232,8.4,-0.0079999999999991,1.9499999999999995,8.402,75.825,5.649999999999999,0.0,1.0,0.0,0.0,0.0,1.0,1.0,1.0
2020-05-30 00:36:23,8.572,8.394,-0.009999999999998,2.056000000000001,8.396,75.85,5.67,0.0,1.0,0.0,0.0,0.0,1.0,1.0,1.0
2020-05-30 00:36:32,8.58,8.404,-0.009999999999998,2.058,8.406,75.6,5.5975,0.0,1.0,0.0,0.0,0.0,1.0,1.0,1.0
2020-05-30 00:36:42,8.586,8.41,-0.009999999999998,2.064,8.412,75.6,5.59,0.0,1.0,0.0,0.0,0.0,1.0,1.0,1.0
2020-05-30 00:36:52,8.592,8.416,-0.009999999999998,2.065999999999999,8.418,75.6,5.6775,0.0,1.0,0.0,0.0,0.0,1.0,1.0,1.0
2020-05-30 00:37:02,7.278,8.406,-0.009999999999998,1.661999999999999,8.408,75.69999999999999,5.42,0.0,1.0,1.0,0.0,0.0,1.0,1.0,1.0
2020-05-30 00:37:12,8.412,8.388,-0.009999999999998,2.004,8.39,75.69999999999999,5.629999999999999,0.0,1.0,1.0,0.0,0.0,1.0,1.0,1.0
2020-05-30 00:37:22,8.618,8.394,-0.009999999999998,2.0700000000000003,8.396,75.69999999999999,5.557499999999999,0.0,1.0,1.0,0.0,0.0,1.0,1.0,1.0
2020-05-30 00:37:32,8.62,8.406,-0.009999999999998,2.071999999999999,8.408,75.62500000000001,5.600000000000001,0.0,1.0,1.0,0.0,0.0,1.0,1.0,1.0
2020-05-30 00:37:42,8.628,8.418,-0.009999999999998,2.0779999999999994,8.42,75.55000000000001,5.6625,0.0,1.0,1.0,0.0,0.0,1.0,1.0,1.0
2020-05-30 00:37:52,8.638,8.43,-0.009999999999998,2.08,8.43,75.57499999999999,5.7325,0.0,1.0,1.0,0.0,0.0,1.0,1.0,1.0
2020-05-30 00:38:02,7.096,8.418,-0.0079999999999991,1.606,8.418,75.64999999999999,5.255000000000001,0.0,1.0,0.0,0.0,0.0,1.0,1.0,1.0
2020-05-30 00:38:12,8.248,8.4,-0.0079999999999991,1.9540000000000008,8.402,75.69999999999999,5.489999999999998,0.0,1.0,0.0,0.0,0.0,1.0,1.0,1.0
2020-05-30 00:38:22,8.58,8.396,-0.0079999999999991,2.0599999999999987,8.398,75.825,5.6175,0.0,1.0,0.0,0.0,0.0,1.0,1.0,1.0
2020-05-30 00:38:31,8.584,8.404,-0.0079999999999991,2.062000000000001,8.408,75.62500000000001,5.664999999999999,0.0,1.0,0.0,0.0,0.0,1.0,1.0,1.0
2020-05-30 00:38:41,8.584,8.412,-0.0079999999999991,2.064,8.414,75.52499999999999,5.707500000000001,0.0,1.0,0.0,0.0,0.0,1.0,1.0,1.0
2020-05-30 00:38:51,8.59,8.418,-0.0079999999999991,2.065999999999999,8.42,75.52499999999999,5.717499999999999,0.0,1.0,0.0,0.0,0.0,1.0,1.0,1.0
2020-05-30 00:39:01,7.448,8.406,-0.009999999999998,1.7140000000000004,8.408,75.62500000000001,5.337499999999999,0.0,1.0,1.0,0.0,0.0,1.0,1.0,1.0
2020-05-30 00:39:11,8.492,8.388,-0.009999999999998,2.026,8.39,75.725,5.5525,0.0,1.0,1.0,0.0,0.0,1.0,1.0,1.0
2020-05-30 00:39:21,8.618,8.396,-0.009999999999998,2.0700000000000003,8.398,75.62500000000001,5.6175,0.0,1.0,1.0,0.0,0.0,1.0,1.0,1.0
2020-05-30 00:39:31,8.622,8.41,-0.009999999999998,2.071999999999999,8.412,75.49999999999999,5.73,0.0,1.0,1.0,0.0,0.0,1.0,1.0,1.0
2020-05-30 00:39:41,8.628,8.42,-0.009999999999998,2.0779999999999994,8.422,75.49999999999999,5.737500000000001,0.0,1.0,1.0,0.0,0.0,1.0,1.0,1.0
2020-05-30 00:39:51,8.636,8.43,-0.009999999999998,2.0820000000000007,8.432,75.57499999999999,5.6625,0.0,1.0,1.0,0.0,0.0,1.0,1.0,1.0
2020-05-30 00:40:01,7.15,8.418,-0.009999999999998,1.6239999999999988,8.42,75.62500000000001,5.244999999999999,0.0,1.0,0.0,0.0,0.0,1.0,1.0,1.0
2020-05-30 00:40:11,8.342,8.398,-0.0079999999999991,1.9819999999999995,8.4,75.69999999999999,5.577500000000001,0.0,1.0,0.0,0.0,0.0,1.0,1.0,1.0
2020-05-30 00:40:21,8.576,8.396,-0.0079999999999991,2.058,8.398,75.75,5.6675,0.0,1.0,0.0,0.0,0.0,1.0,1.0,1.0
2020-05-30 00:40:30,8.58,8.404,-0.009999999999998,2.0599999999999987,8.406,75.725,5.75,0.0,1.0,0.0,0.0,0.0,1.0,1.0,1.0
2020-05-30 00:40:40,8.588,8.412,-0.0079999999999991,2.064,8.414,75.62500000000001,5.664999999999999,0.0,1.0,0.0,0.0,0.0,1.0,1.0,1.0
2020-05-30 00:40:50,8.59,8.418,-0.009999999999998,2.065999999999999,8.42,75.6,5.567500000000001,0.0,1.0,0.0,0.0,0.0,1.0,1.0,1.0
2020-05-30 00:41:00,7.486000000000001,8.406,-0.0079999999999991,1.7199999999999989,8.406,75.69999999999999,5.324999999999999,0.0,1.0,1.0,0.0,0.0,1.0,1.0,1.0
2020-05-30 00:41:10,8.554,8.388,-0.0079999999999991,2.0500000000000007,8.388,75.825,5.654999999999999,0.0,1.0,1.0,0.0,0.0,1.0,1.0,1.0
2020-05-30 00:41:20,8.616,8.398,-0.0079999999999991,2.068,8.398,75.675,5.7575,0.0,1.0,1.0,0.0,0.0,1.0,1.0,1.0
2020-05-30 00:41:30,8.624,8.41,-0.009999999999998,2.0760000000000005,8.41,75.62500000000001,5.74,0.0,1.0,1.0,0.0,0.0,1.0,1.0,1.0
2020-05-30 00:41:40,8.632,8.42,-0.0079999999999991,2.0779999999999994,8.422,75.6,5.640000000000001,0.0,1.0,1.0,0.0,0.0,1.0,1.0,1.0
2020-05-30 00:41:50,8.642,8.43,-0.0079999999999991,2.084,8.434,75.52499999999999,5.5725,0.0,1.0,1.0,0.0,0.0,1.0,1.0,1.0
2020-05-30 00:42:00,7.321999999999999,8.414,-0.009999999999998,1.6760000000000002,8.416,75.64999999999999,5.355,0.0,1.0,0.0,0.0,0.0,1.0,1.0,1.0
2020-05-30 00:42:10,8.356,8.398,-0.0079999999999991,1.9860000000000009,8.398,75.85,5.664999999999999,0.0,1.0,0.0,0.0,0.0,1.0,1.0,1.0
2020-05-30 00:42:20,8.582,8.398,-0.0079999999999991,2.062000000000001,8.398,75.89999999999999,5.6875,0.0,1.0,0.0,0.0,0.0,1.0,1.0,1.0
2020-05-30 00:42:30,8.582,8.408,-0.0079999999999991,2.062000000000001,8.408,75.725,5.5875,0.0,1.0,0.0,0.0,0.0,1.0,1.0,1.0
2020-05-30 00:42:39,8.584,8.412,-0.0079999999999991,2.064,8.414,75.49999999999999,5.5625,0.0,1.0,0.0,0.0,0.0,1.0,1.0,1.0
2020-05-30 00:42:49,8.592,8.42,-0.0079999999999991,2.065999999999999,8.42,75.57499999999999,5.627500000000001,0.0,1.0,0.0,0.0,0.0,1.0,1.0,1.0
2020-05-30 00:42:59,7.676,8.404,-0.0079999999999991,1.782,8.406,75.6,5.515000000000001,0.0,1.0,1.0,0.0,0.0,1.0,1.0,1.0
2020-05-30 00:43:09,8.57,8.388,-0.0079999999999991,2.056000000000001,8.388,75.62500000000001,5.682499999999999,0.0,1.0,1.0,0.0,0.0,1.0,1.0,1.0
2020-05-30 00:43:19,8.62,8.4,-0.0079999999999991,2.074,8.4,75.62500000000001,5.595000000000001,0.0,1.0,1.0,0.0,0.0,1.0,1.0,1.0
2020-05-30 00:43:29,8.624,8.412,-0.0079999999999991,2.071999999999999,8.414,75.6,5.595000000000001,0.0,1.0,1.0,0.0,0.0,1.0,1.0,1.0
2020-05-30 00:43:39,8.632,8.422,-0.0079999999999991,2.0760000000000005,8.424,75.62500000000001,5.705,0.0,1.0,1.0,0.0,0.0,1.0,1.0,1.0
2020-05-30 00:43:49,8.638,8.432,-0.0060000000000002,2.0820000000000007,8.434,75.62500000000001,5.75,0.0,1.0,1.0,0.0,0.0,1.0,1.0,1.0
2020-05-30 00:43:59,7.484,8.414,-0.0079999999999991,1.7199999999999989,8.416,75.6,5.41,0.0,1.0,0.0,0.0,0.0,1.0,1.0,1.0
2020-05-30 00:44:09,8.426,8.398,-0.0079999999999991,2.007999999999999,8.398,75.825,5.535,0.0,1.0,0.0,0.0,0.0,1.0,1.0,1.0
2020-05-30 00:44:19,8.582,8.398,-0.0079999999999991,2.0599999999999987,8.4,75.69999999999999,5.5875,0.0,1.0,0.0,0.0,0.0,1.0,1.0,1.0
2020-05-30 00:44:29,8.58,8.408,-0.009999999999998,2.062000000000001,8.41,75.69999999999999,5.705,0.0,1.0,0.0,0.0,0.0,1.0,1.0,1.0
2020-05-30 00:44:38,8.588,8.414,-0.0079999999999991,2.068,8.416,75.62500000000001,5.7475000000000005,0.0,1.0,0.0,0.0,0.0,1.0,1.0,1.0
2020-05-30 00:44:48,8.592,8.42,-0.0079999999999991,2.068,8.422,75.57499999999999,5.627500000000001,0.0,1.0,0.0,0.0,0.0,1.0,1.0,1.0
2020-05-30 00:44:58,7.692,8.404,-0.0079999999999991,1.783999999999999,8.406,75.62500000000001,5.3575,0.0,1.0,1.0,0.0,0.0,1.0,1.0,1.0
2020-05-30 00:45:08,8.59,8.388,-0.0079999999999991,2.062000000000001,8.39,75.725,5.615000000000002,0.0,1.0,1.0,0.0,0.0,1.0,1.0,1.0
2020-05-30 00:45:18,8.622,8.4,-0.009999999999998,2.0700000000000003,8.404,75.6,5.7325,0.0,1.0,1.0,0.0,0.0,1.0,1.0,1.0
2020-05-30 00:45:28,8.624,8.412,-0.009999999999998,2.0700000000000003,8.416,75.69999999999999,5.7325,0.0,1.0,1.0,0.0,0.0,1.0,1.0,1.0
2020-05-30 00:45:38,8.632,8.424,-0.0079999999999991,2.0779999999999994,8.426,75.49999999999999,5.592500000000001,0.0,1.0,1.0,0.0,0.0,1.0,1.0,1.0
2020-05-30 00:45:48,8.64,8.434,-0.0079999999999991,2.0820000000000007,8.436,75.725,5.592500000000001,0.0,1.0,1.0,0.0,0.0,1.0,1.0,1.0
2020-05-30 00:45:58,7.512,8.416,-0.0079999999999991,1.7279999999999998,8.416,75.725,5.395000000000001,0.0,1.0,0.0,0.0,0.0,1.0,1.0,1.0
2020-05-30 00:46:08,8.498,8.394,-0.009999999999998,2.032,8.398,75.825,5.6850000000000005,0.0,1.0,0.0,0.0,0.0,1.0,1.0,1.0
2020-05-30 00:46:18,8.584,8.4,-0.0079999999999991,2.058,8.404,75.675,5.68,0.0,1.0,0.0,0.0,0.0,1.0,1.0,1.0
2020-05-30 00:46:28,8.58,8.406,-0.009999999999998,2.058,8.408,75.6,5.612500000000001,0.0,1.0,0.0,0.0,0.0,1.0,1.0,1.0
2020-05-30 00:46:37,8.588,8.416,-0.0079999999999991,2.062000000000001,8.418,75.49999999999999,5.602499999999999,0.0,1.0,0.0,0.0,0.0,1.0,1.0,1.0
2020-05-30 00:46:47,7.054,8.42,-0.0079999999999991,1.67,8.424,75.55000000000001,5.547500000000001,0.0,1.0,1.0,0.0,0.0,0.0,1.0,1.0
2020-05-30 00:46:57,7.816000000000001,8.402,-0.0079999999999991,1.8219999999999992,8.406,75.6,5.565,0.0,1.0,1.0,0.0,0.0,1.0,1.0,1.0
2020-05-30 00:47:07,8.6,8.39,-0.0079999999999991,2.065999999999999,8.392,75.77499999999999,5.625,0.0,1.0,1.0,0.0,0.0,1.0,1.0,1.0
2020-05-30 00:47:17,8.624,8.404,-0.009999999999998,2.071999999999999,8.404,75.725,5.5825,0.0,1.0,1.0,0.0,0.0,1.0,1.0,1.0
2020-05-30 00:47:27,8.626,8.414,-0.0079999999999991,2.0760000000000005,8.416,75.49999999999999,5.595000000000001,0.0,1.0,1.0,0.0,0.0,1.0,1.0,1.0
2020-05-30 00:47:37,8.634,8.422,-0.009999999999998,2.0779999999999994,8.426,75.6,5.682499999999999,0.0,1.0,1.0,0.0,0.0,1.0,1.0,1.0
2020-05-30 00:47:47,5.634,8.432,-0.009999999999998,1.1359999999999992,8.432,75.6,5.084999999999999,0.0,1.0,0.0,0.0,0.0,1.0,1.0,1.0
2020-05-30 00:47:57,7.634,8.412,-0.009999999999998,1.768000000000001,8.414,75.725,5.425000000000001,0.0,1.0,0.0,0.0,0.0,1.0,1.0,1.0
2020-05-30 00:48:07,8.498,8.394,-0.0079999999999991,2.032,8.396,75.8,5.5525,0.0,1.0,0.0,0.0,0.0,1.0,1.0,1.0
2020-05-30 00:48:17,8.584,8.4,-0.009999999999998,2.062000000000001,8.402,75.62500000000001,5.59,0.0,1.0,0.0,0.0,0.0,1.0,1.0,1.0
2020-05-30 00:48:27,8.584,8.408,-0.0079999999999991,2.0599999999999987,8.41,75.62500000000001,5.68,0.0,1.0,0.0,0.0,0.0,1.0,1.0,1.0
2020-05-30 00:48:37,8.588,8.414,-0.009999999999998,2.064,8.416,75.49999999999999,5.7225,0.0,1.0,0.0,0.0,0.0,1.0,1.0,1.0
2020-05-30 00:48:46,6.119999999999999,8.42,-0.0060000000000002,1.2620000000000005,8.422,75.55000000000001,5.075000000000001,0.0,1.0,1.0,0.0,0.0,1.0,1.0,1.0
2020-05-30 00:48:56,7.93,8.4,-0.0079999999999991,1.8580000000000003,8.402,75.6,5.4375,0.0,1.0,1.0,0.0,0.0,1.0,1.0,1.0
2020-05-30 00:49:06,8.604,8.39,-0.0079999999999991,2.065999999999999,8.392,75.62500000000001,5.5875,0.0,1.0,1.0,0.0,0.0,1.0,1.0,1.0
2020-05-30 00:49:16,8.622,8.402,-0.0079999999999991,2.071999999999999,8.404,75.6,5.700000000000001,0.0,1.0,1.0,0.0,0.0,1.0,1.0,1.0
2020-05-30 00:49:26,8.628,8.416,-0.0079999999999991,2.0760000000000005,8.418,75.42500000000001,5.6975,0.0,1.0,1.0,0.0,0.0,1.0,1.0,1.0
2020-05-30 00:49:36,8.634,8.426,-0.0079999999999991,2.0779999999999994,8.428,75.52499999999999,5.657499999999999,0.0,1.0,1.0,0.0,0.0,1.0,1.0,1.0
2020-05-30 00:49:46,5.672000000000001,8.432,-0.0079999999999991,1.1559999999999988,8.432,75.52499999999999,4.932499999999999,0.0,1.0,0.0,0.0,0.0,1.0,1.0,1.0
2020-05-30 00:49:56,7.768000000000001,8.41,-0.0079999999999991,1.808,8.412,75.64999999999999,5.442499999999999,0.0,1.0,0.0,0.0,0.0,1.0,1.0,1.0
2020-05-30 00:50:06,8.544,8.394,-0.0079999999999991,2.048,8.398,75.675,5.7225,0.0,1.0,0.0,0.0,0.0,1.0,1.0,1.0
2020-05-30 00:50:16,8.586,8.402,-0.0079999999999991,2.0599999999999987,8.404,75.69999999999999,5.7125,0.0,1.0,0.0,0.0,0.0,1.0,1.0,1.0
2020-05-30 00:50:26,8.586,8.41,-0.009999999999998,2.065999999999999,8.412,75.49999999999999,5.5875,0.0,1.0,0.0,0.0,0.0,1.0,1.0,1.0
2020-05-30 00:50:36,8.588,8.416,-0.009999999999998,2.064,8.418,75.35000000000001,5.595000000000001,0.0,1.0,0.0,0.0,0.0,1.0,1.0,1.0
2020-05-30 00:50:45,6.174,8.418,-0.0079999999999991,1.2880000000000005,8.42,75.42500000000001,5.1225000000000005,0.0,1.0,1.0,0.0,0.0,1.0,1.0,1.0
2020-05-30 00:50:55,8.044,8.4,-0.0079999999999991,1.8900000000000008,8.402,75.6,5.592500000000001,0.0,1.0,1.0,0.0,0.0,1.0,1.0,1.0
2020-05-30 00:51:05,8.61,8.392,-0.0079999999999991,2.0700000000000003,8.394,75.62500000000001,5.647500000000001,0.0,1.0,1.0,0.0,0.0,1.0,1.0,1.0
2020-05-30 00:51:15,8.626,8.404,-0.0079999999999991,2.074,8.406,75.62500000000001,5.600000000000001,0.0,1.0,1.0,0.0,0.0,1.0,1.0,1.0
2020-05-30 00:51:25,8.628,8.418,-0.009999999999998,2.074,8.42,75.52499999999999,5.6325,0.0,1.0,1.0,0.0,0.0,1.0,1.0,1.0
2020-05-30 00:51:35,8.634,8.428,-0.0079999999999991,2.08,8.428,75.4,5.7325,0.0,1.0,1.0,0.0,0.0,1.0,1.0,1.0
2020-05-30 00:51:45,6.026,8.43,-0.0079999999999991,1.3019999999999996,8.432,75.49999999999999,5.1175,0.0,1.0,0.0,0.0,0.0,1.0,1.0,1.0
2020-05-30 00:51:55,7.773999999999999,8.412,-0.0079999999999991,1.8120000000000007,8.414,75.6,5.3925,0.0,1.0,0.0,0.0,0.0,1.0,1.0,1.0
2020-05-30 00:52:05,8.562,8.396,-0.0079999999999991,2.048,8.396,75.825,5.57,0.0,1.0,0.0,0.0,0.0,1.0,1.0,1.0
2020-05-30 00:52:15,8.586,8.404,-0.0079999999999991,2.064,8.406,75.47500000000001,5.657499999999999,0.0,1.0,0.0,0.0,0.0,1.0,1.0,1.0
2020-05-30 00:52:25,8.586,8.412,-0.0079999999999991,2.062000000000001,8.414,75.4,5.7425,0.0,1.0,0.0,0.0,0.0,1.0,1.0,1.0
2020-05-30 00:52:35,8.592,8.418,-0.0079999999999991,2.064,8.42,75.4,5.6625,0.0,1.0,0.0,0.0,0.0,1.0,1.0,1.0
2020-05-30 00:52:44,6.51,8.418,-0.0079999999999991,1.4299999999999995,8.42,75.49999999999999,5.135000000000002,0.0,1.0,1.0,0.0,0.0,1.0,1.0,1.0
2020-05-30 00:52:54,8.076,8.4,-0.009999999999998,1.9000000000000004,8.4,75.62500000000001,5.465,0.0,1.0,1.0,0.0,0.0,1.0,1.0,1.0
2020-05-30 00:53:04,8.616,8.394,-0.0079999999999991,2.0700000000000003,8.396,75.62500000000001,5.737500000000001,0.0,1.0,1.0,0.0,0.0,1.0,1.0,1.0
2020-05-30 00:53:14,8.626,8.408,-0.0079999999999991,2.071999999999999,8.408,75.52499999999999,5.717499999999999,0.0,1.0,1.0,0.0,0.0,1.0,1.0,1.0
2020-05-30 00:53:24,8.628,8.418,-0.0079999999999991,2.0760000000000005,8.42,75.49999999999999,5.66,0.0,1.0,1.0,0.0,0.0,1.0,1.0,1.0
2020-05-30 00:53:34,8.638,8.43,-0.0079999999999991,2.0779999999999994,8.43,75.49999999999999,5.600000000000001,0.0,1.0,1.0,0.0,0.0,1.0,1.0,1.0
2020-05-30 00:53:44,6.3260000000000005,8.43,-0.0079999999999991,1.3659999999999997,8.43,75.62500000000001,5.129999999999999,0.0,1.0,0.0,0.0,0.0,1.0,1.0,1.0
2020-05-30 00:53:54,7.9,8.412,-0.0079999999999991,1.846,8.412,75.62500000000001,5.535,0.0,1.0,0.0,0.0,0.0,1.0,1.0,1.0
2020-05-30 00:54:04,8.566,8.396,-0.0060000000000002,2.0500000000000007,8.4,75.69999999999999,5.725,0.0,1.0,0.0,0.0,0.0,1.0,1.0,1.0
2020-05-30 00:54:14,8.588,8.404,-0.0079999999999991,2.0599999999999987,8.406,75.6,5.602499999999999,0.0,1.0,0.0,0.0,0.0,1.0,1.0,1.0
2020-05-30 00:54:24,8.586,8.414,-0.0079999999999991,2.062000000000001,8.414,75.49999999999999,5.5725,0.0,1.0,0.0,0.0,0.0,1.0,1.0,1.0
2020-05-30 00:54:33,8.592,8.418,-0.0079999999999991,2.064,8.42,75.42500000000001,5.5875,0.0,1.0,0.0,0.0,0.0,1.0,1.0,1.0
2020-05-30 00:54:43,6.718,8.418,-0.0079999999999991,1.4939999999999998,8.418,75.52499999999999,5.302500000000002,0.0,1.0,1.0,0.0,0.0,1.0,1.0,1.0
2020-05-30 00:54:53,8.174,8.398,-0.0079999999999991,1.93,8.4,75.49999999999999,5.595000000000001,0.0,1.0,1.0,0.0,0.0,1.0,1.0,1.0
2020-05-30 00:55:03,8.616,8.394,-0.0079999999999991,2.068,8.394,75.69999999999999,5.6525,0.0,1.0,1.0,0.0,0.0,1.0,1.0,1.0
2020-05-30 00:55:13,8.626,8.408,-0.0079999999999991,2.071999999999999,8.41,75.42500000000001,5.5825,0.0,1.0,1.0,0.0,0.0,1.0,1.0,1.0
2020-05-30 00:55:23,8.634,8.42,-0.0079999999999991,2.0779999999999994,8.42,75.49999999999999,5.634999999999998,0.0,1.0,1.0,0.0,0.0,1.0,1.0,1.0
2020-05-30 00:55:33,8.64,8.43,-0.009999999999998,2.08,8.43,75.57499999999999,5.727500000000001,0.0,1.0,1.0,0.0,0.0,1.0,1.0,1.0
2020-05-30 00:55:43,6.34,8.43,-0.0079999999999991,1.3960000000000008,8.43,75.62500000000001,5.205,0.0,1.0,0.0,0.0,0.0,1.0,1.0,1.0
2020-05-30 00:55:53,7.997999999999999,8.408,-0.0079999999999991,1.878,8.41,75.675,5.475000000000001,0.0,1.0,0.0,0.0,0.0,1.0,1.0,1.0
2020-05-30 00:56:03,8.572,8.396,-0.0079999999999991,2.0540000000000003,8.398,75.8,5.567500000000001,0.0,1.0,0.0,0.0,0.0,1.0,1.0,1.0
2020-05-30 00:56:13,8.586,8.406,-0.0079999999999991,2.062000000000001,8.408,75.6,5.600000000000001,0.0,1.0,0.0,0.0,0.0,1.0,1.0,1.0
2020-05-30 00:56:22,8.588,8.412,-0.0079999999999991,2.0599999999999987,8.414,75.49999999999999,5.705,0.0,1.0,0.0,0.0,0.0,1.0,1.0,1.0
2020-05-30 00:56:32,8.592,8.42,-0.0079999999999991,2.064,8.422,75.4,5.674999999999999,0.0,1.0,0.0,0.0,0.0,1.0,1.0,1.0
2020-05-30 00:56:42,6.768000000000001,8.416,-0.0079999999999991,1.5,8.416,75.55000000000001,5.225,0.0,1.0,1.0,0.0,0.0,1.0,1.0,1.0
2020-05-30 00:56:52,8.184,8.396,-0.009999999999998,1.934000000000001,8.398,75.62500000000001,5.477499999999999,0.0,1.0,1.0,0.0,0.0,1.0,1.0,1.0
2020-05-30 00:57:02,8.62,8.396,-0.0079999999999991,2.065999999999999,8.396,75.64999999999999,5.6775,0.0,1.0,1.0,0.0,0.0,1.0,1.0,1.0
2020-05-30 00:57:12,8.626,8.408,-0.0079999999999991,2.074,8.41,75.62500000000001,5.725,0.0,1.0,1.0,0.0,0.0,1.0,1.0,1.0
2020-05-30 00:57:22,8.63,8.42,-0.0079999999999991,2.0760000000000005,8.42,75.49999999999999,5.73,0.0,1.0,1.0,0.0,0.0,1.0,1.0,1.0
2020-05-30 00:57:32,8.64,8.43,-0.0079999999999991,2.08,8.43,75.49999999999999,5.6675,0.0,1.0,1.0,0.0,0.0,1.0,1.0,1.0
2020-05-30 00:57:42,6.598000000000001,8.426,-0.009999999999998,1.4540000000000006,8.426,75.6,5.129999999999999,0.0,1.0,0.0,0.0,0.0,1.0,1.0,1.0
2020-05-30 00:57:52,8.024,8.406,-0.0079999999999991,1.882,8.408,75.675,5.48,0.0,1.0,0.0,0.0,0.0,1.0,1.0,1.0
2020-05-30 00:58:02,8.572,8.396,-0.0079999999999991,2.058,8.398,75.69999999999999,5.6675,0.0,1.0,0.0,0.0,0.0,1.0,1.0,1.0
2020-05-30 00:58:11,8.586,8.404,-0.009999999999998,2.0599999999999987,8.406,75.69999999999999,5.69,0.0,1.0,0.0,0.0,0.0,1.0,1.0,1.0
2020-05-30 00:58:21,8.586,8.412,-0.0079999999999991,2.0599999999999987,8.414,75.64999999999999,5.6325,0.0,1.0,0.0,0.0,0.0,1.0,1.0,1.0
2020-05-30 00:58:31,8.59,8.418,-0.009999999999998,2.062000000000001,8.418,75.57499999999999,5.585000000000001,0.0,1.0,0.0,0.0,0.0,1.0,1.0,1.0
2020-05-30 00:58:41,6.952,8.414,-0.0079999999999991,1.5700000000000005,8.414,75.62500000000001,5.280000000000001,0.0,1.0,1.0,0.0,0.0,1.0,1.0,1.0
2020-05-30 00:58:51,8.258,8.396,-0.0060000000000002,1.958,8.398,75.675,5.6325,0.0,1.0,1.0,0.0,0.0,1.0,1.0,1.0
2020-05-30 00:59:01,8.618,8.392,-0.0079999999999991,2.0700000000000003,8.394,75.6,5.692500000000001,0.0,1.0,1.0,0.0,0.0,1.0,1.0,1.0
2020-05-30 00:59:11,8.626,8.408,-0.0060000000000002,2.0760000000000005,8.412,75.49999999999999,5.602499999999999,0.0,1.0,1.0,0.0,0.0,1.0,1.0,1.0
2020-05-30 00:59:21,8.632,8.42,-0.0079999999999991,2.0760000000000005,8.42,75.4,5.607500000000002,0.0,1.0,1.0,0.0,0.0,1.0,1.0,1.0
2020-05-30 00:59:31,8.638,8.428,-0.0079999999999991,2.0779999999999994,8.43,75.49999999999999,5.657499999999999,0.0,1.0,1.0,0.0,0.0,1.0,1.0,1.0
2020-05-30 00:59:41,6.76,8.424,-0.0079999999999991,1.4879999999999995,8.424,75.49999999999999,5.285,0.0,1.0,0.0,0.0,0.0,1.0,1.0,1.0
2020-05-30 00:59:51,8.102,8.404,-0.0079999999999991,1.9059999999999988,8.406,75.55000000000001,5.532500000000001,0.0,1.0,0.0,0.0,0.0,1.0,1.0,1.0
2020-05-30 01:00:00,8.576,8.396,-0.0079999999999991,2.056000000000001,8.398,75.6,5.625,0.0,1.0,0.0,0.0,0.0,1.0,1.0,1.0
2020-05-30 01:00:10,8.586,8.406,-0.0079999999999991,2.062000000000001,8.406,75.49999999999999,5.532500000000001,0.0,1.0,0.0,0.0,0.0,1.0,1.0,1.0
2020-05-30 01:00:20,8.586,8.414,-0.009999999999998,2.0599999999999987,8.414,75.29999999999998,5.66,0.0,1.0,0.0,0.0,0.0,1.0,1.0,1.0
2020-05-30 01:00:30,8.592,8.418,-0.0079999999999991,2.065999999999999,8.42,75.4,5.725,0.0,1.0,0.0,0.0,0.0,1.0,1.0,1.0
2020-05-30 01:00:40,7.023999999999999,8.414,-0.0079999999999991,1.5820000000000007,8.414,75.49999999999999,5.337499999999999,0.0,1.0,1.0,0.0,0.0,1.0,1.0,1.0
2020-05-30 01:00:50,8.31,8.396,-0.009999999999998,1.9720000000000013,8.396,75.55000000000001,5.5525,0.0,1.0,1.0,0.0,0.0,1.0,1.0,1.0
2020-05-30 01:01:00,8.624,8.396,-0.0079999999999991,2.0700000000000003,8.398,75.52499999999999,5.592500000000001,0.0,1.0,1.0,0.0,0.0,1.0,1.0,1.0
2020-05-30 01:01:10,8.628,8.41,-0.009999999999998,2.074,8.41,75.49999999999999,5.68,0.0,1.0,1.0,0.0,0.0,1.0,1.0,1.0
2020-05-30 01:01:20,8.632,8.42,-0.009999999999998,2.0779999999999994,8.422,75.52499999999999,5.75,0.0,1.0,1.0,0.0,0.0,1.0,1.0,1.0
2020-05-30 01:01:30,8.642,8.43,-0.0079999999999991,2.0779999999999994,8.432,75.42500000000001,5.647500000000001,0.0,1.0,1.0,0.0,0.0,1.0,1.0,1.0
2020-05-30 01:01:40,6.848000000000001,8.422,-0.009999999999998,1.5279999999999987,8.424,75.52499999999999,5.1875,0.0,1.0,0.0,0.0,0.0,1.0,1.0,1.0
2020-05-30 01:01:50,8.134,8.406,-0.0079999999999991,1.9160000000000004,8.406,75.8,5.469999999999999,0.0,1.0,0.0,0.0,0.0,1.0,1.0,1.0
2020-05-30 01:01:59,8.576,8.398,-0.0079999999999991,2.058,8.398,75.8,5.654999999999999,0.0,1.0,0.0,0.0,0.0,1.0,1.0,1.0
2020-05-30 01:02:09,8.586,8.406,-0.009999999999998,2.058,8.406,75.725,5.715,0.0,1.0,0.0,0.0,0.0,1.0,1.0,1.0
2020-05-30 01:02:19,8.588,8.412,-0.0079999999999991,2.065999999999999,8.412,75.49999999999999,5.68,0.0,1.0,0.0,0.0,0.0,1.0,1.0,1.0
2020-05-30 01:02:29,8.59,8.418,-0.0079999999999991,2.068,8.42,75.49999999999999,5.609999999999999,0.0,1.0,0.0,0.0,0.0,1.0,1.0,1.0
2020-05-30 01:02:39,7.236000000000001,8.408,-0.009999999999998,1.6559999999999988,8.412,75.6,5.2925,0.0,1.0,1.0,0.0,0.0,1.0,1.0,1.0
2020-05-30 01:02:49,8.396,8.392,-0.0079999999999991,1.998000000000001,8.394,75.69999999999999,5.602499999999999,0.0,1.0,1.0,0.0,0.0,1.0,1.0,1.0
2020-05-30 01:02:59,8.614,8.394,-0.0079999999999991,2.0700000000000003,8.396,75.62500000000001,5.75,0.0,1.0,1.0,0.0,0.0,1.0,1.0,1.0
2020-05-30 01:03:09,8.626,8.406,-0.0079999999999991,2.0760000000000005,8.408,75.52499999999999,5.6325,0.0,1.0,1.0,0.0,0.0,1.0,1.0,1.0
2020-05-30 01:03:19,8.634,8.418,-0.0079999999999991,2.0779999999999994,8.42,75.42500000000001,5.585000000000001,0.0,1.0,1.0,0.0,0.0,1.0,1.0,1.0
2020-05-30 01:03:29,8.644,8.43,-0.0079999999999991,2.08,8.43,75.57499999999999,5.620000000000001,0.0,1.0,1.0,0.0,0.0,1.0,1.0,1.0
2020-05-30 01:03:39,6.9,8.42,-0.0079999999999991,1.5419999999999998,8.42,75.55000000000001,5.309999999999999,0.0,1.0,0.0,0.0,0.0,1.0,1.0,1.0
2020-05-30 01:03:49,8.23,8.402,-0.0079999999999991,1.9499999999999995,8.402,75.8,5.602499999999999,0.0,1.0,0.0,0.0,0.0,1.0,1.0,1.0
2020-05-30 01:03:58,8.58,8.396,-0.0079999999999991,2.058,8.398,75.89999999999999,5.622499999999999,0.0,1.0,0.0,0.0,0.0,1.0,1.0,1.0
2020-05-30 01:04:08,8.582,8.404,-0.009999999999998,2.058,8.406,75.8,5.58,0.0,1.0,0.0,0.0,0.0,1.0,1.0,1.0
2020-05-30 01:04:18,8.584,8.412,-0.0079999999999991,2.0599999999999987,8.412,75.6,5.6325,0.0,1.0,0.0,0.0,0.0,1.0,1.0,1.0
2020-05-30 01:04:28,8.59,8.416,-0.009999999999998,2.062000000000001,8.418,75.6,5.709999999999999,0.0,1.0,0.0,0.0,0.0,1.0,1.0,1.0
2020-05-30 01:04:38,7.27,8.408,-0.0079999999999991,1.6580000000000013,8.408,75.62500000000001,5.407500000000001,0.0,1.0,1.0,0.0,0.0,1.0,1.0,1.0
2020-05-30 01:04:48,8.482,8.388,-0.009999999999998,2.0279999999999987,8.39,75.825,5.58,0.0,1.0,1.0,0.0,0.0,1.0,1.0,1.0
2020-05-30 01:04:58,8.622,8.396,-0.009999999999998,2.0700000000000003,8.396,75.725,5.5825,0.0,1.0,1.0,0.0,0.0,1.0,1.0,1.0
2020-05-30 01:05:08,8.624,8.408,-0.0079999999999991,2.071999999999999,8.41,75.6,5.6175,0.0,1.0,1.0,0.0,0.0,1.0,1.0,1.0
2020-05-30 01:05:18,8.632,8.42,-0.009999999999998,2.0779999999999994,8.422,75.6,5.745000000000001,0.0,1.0,1.0,0.0,0.0,1.0,1.0,1.0
2020-05-30 01:05:28,8.64,8.43,-0.009999999999998,2.084,8.43,75.52499999999999,5.7125,0.0,1.0,1.0,0.0,0.0,1.0,1.0,1.0
2020-05-30 01:05:38,7.074,8.418,-0.009999999999998,1.59,8.418,75.675,5.2525,0.0,1.0,0.0,0.0,0.0,1.0,1.0,1.0
2020-05-30 01:05:48,8.306,8.398,-0.0079999999999991,1.9699999999999989,8.4,75.825,5.522499999999999,0.0,1.0,0.0,0.0,0.0,1.0,1.0,1.0
2020-05-30 01:05:57,8.58,8.396,-0.0079999999999991,2.058,8.396,75.89999999999999,5.654999999999999,0.0,1.0,0.0,0.0,0.0,1.0,1.0,1.0
2020-05-30 01:06:07,8.584,8.404,-0.0079999999999991,2.058,8.406,75.69999999999999,5.73,0.0,1.0,0.0,0.0,0.0,1.0,1.0,1.0
2020-05-30 01:06:17,8.586,8.412,-0.0079999999999991,2.0599999999999987,8.414,75.62500000000001,5.645,0.0,1.0,0.0,0.0,0.0,1.0,1.0,1.0
2020-05-30 01:06:27,8.588,8.416,-0.0079999999999991,2.064,8.418,75.64999999999999,5.565,0.0,1.0,0.0,0.0,0.0,1.0,1.0,1.0
2020-05-30 01:06:37,7.407999999999999,8.404,-0.0079999999999991,1.6959999999999995,8.408,75.62500000000001,5.322499999999998,0.0,1.0,1.0,0.0,0.0,1.0,1.0,1.0
2020-05-30 01:06:47,8.48,8.386,-0.0079999999999991,2.030000000000001,8.39,75.825,5.6325,0.0,1.0,1.0,0.0,0.0,1.0,1.0,1.0
2020-05-30 01:06:57,8.622,8.396,-0.009999999999998,2.0700000000000003,8.398,75.825,5.717499999999999,0.0,1.0,1.0,0.0,0.0,1.0,1.0,1.0
2020-05-30 01:07:07,8.624,8.408,-0.0079999999999991,2.071999999999999,8.41,75.64999999999999,5.674999999999999,0.0,1.0,1.0,0.0,0.0,1.0,1.0,1.0
2020-05-30 01:07:17,8.63,8.418,-0.0079999999999991,2.0760000000000005,8.42,75.55000000000001,5.612500000000001,0.0,1.0,1.0,0.0,0.0,1.0,1.0,1.0
2020-05-30 01:07:27,8.64,8.43,-0.0079999999999991,2.0820000000000007,8.43,75.6,5.592500000000001,0.0,1.0,1.0,0.0,0.0,1.0,1.0,1.0
2020-05-30 01:07:37,7.226000000000001,8.414,-0.009999999999998,1.6400000000000006,8.416,75.62500000000001,5.3475,0.0,1.0,0.0,0.0,0.0,1.0,1.0,1.0
2020-05-30 01:07:47,8.312,8.396,-0.009999999999998,1.974,8.398,75.725,5.664999999999999,0.0,1.0,0.0,0.0,0.0,1.0,1.0,1.0
2020-05-30 01:07:56,8.58,8.396,-0.0079999999999991,2.058,8.398,75.6,5.612500000000001,0.0,1.0,0.0,0.0,0.0,1.0,1.0,1.0
2020-05-30 01:08:06,8.58,8.404,-0.0079999999999991,2.056000000000001,8.406,75.52499999999999,5.565,0.0,1.0,0.0,0.0,0.0,1.0,1.0,1.0
2020-05-30 01:08:16,8.582,8.408,-0.009999999999998,2.0599999999999987,8.41,75.37499999999999,5.605,0.0,1.0,0.0,0.0,0.0,1.0,1.0,1.0
2020-05-30 01:08:26,8.592,8.416,-0.0060000000000002,2.064,8.418,75.47500000000001,5.717499999999999,0.0,1.0,0.0,0.0,0.0,1.0,1.0,1.0
2020-05-30 01:08:36,7.598000000000001,8.4,-0.0079999999999991,1.7579999999999991,8.404,75.52499999999999,5.465,0.0,1.0,1.0,0.0,0.0,1.0,1.0,1.0
2020-05-30 01:08:46,8.552,8.384,-0.0079999999999991,2.048,8.386,75.62500000000001,5.595000000000001,0.0,1.0,1.0,0.0,0.0,1.0,1.0,1.0
2020-05-30 01:08:56,8.622,8.396,-0.0060000000000002,2.0700000000000003,8.398,75.62500000000001,5.592500000000001,0.0,1.0,1.0,0.0,0.0,1.0,1.0,1.0
2020-05-30 01:09:06,8.624,8.408,-0.0079999999999991,2.074,8.41,75.49999999999999,5.602499999999999,0.0,1.0,1.0,0.0,0.0,1.0,1.0,1.0
2020-05-30 01:09:16,8.634,8.42,-0.0079999999999991,2.08,8.422,75.6,5.737500000000001,0.0,1.0,1.0,0.0,0.0,1.0,1.0,1.0
2020-05-30 01:09:26,8.64,8.43,-0.0079999999999991,2.0820000000000007,8.432,75.47500000000001,5.734999999999999,0.0,1.0,1.0,0.0,0.0,1.0,1.0,1.0
2020-05-30 01:09:36,7.314,8.41,-0.0079999999999991,1.67,8.416,75.52499999999999,5.3325,0.0,1.0,0.0,0.0,0.0,1.0,1.0,1.0
2020-05-30 01:09:46,8.358,8.396,-0.009999999999998,1.9879999999999995,8.396,75.675,5.5275,0.0,1.0,0.0,0.0,0.0,1.0,1.0,1.0
2020-05-30 01:09:55,8.582,8.396,-0.0079999999999991,2.0599999999999987,8.398,75.69999999999999,5.607500000000002,0.0,1.0,0.0,0.0,0.0,1.0,1.0,1.0
2020-05-30 01:10:05,8.582,8.404,-0.0079999999999991,2.0599999999999987,8.408,75.6,5.7325,0.0,1.0,0.0,0.0,0.0,1.0,1.0,1.0
2020-05-30 01:10:15,8.582,8.41,-0.0079999999999991,2.062000000000001,8.41,75.42500000000001,5.707500000000001,0.0,1.0,0.0,0.0,0.0,1.0,1.0,1.0
2020-05-30 01:10:25,8.59,8.416,-0.009999999999998,2.064,8.418,75.52499999999999,5.5600000000000005,0.0,1.0,0.0,0.0,0.0,1.0,1.0,1.0
2020-05-30 01:10:35,7.644,8.402,-0.0079999999999991,1.774000000000001,8.404,75.49999999999999,5.329999999999998,0.0,1.0,1.0,0.0,0.0,1.0,1.0,1.0
2020-05-30 01:10:45,8.56,8.384,-0.0079999999999991,2.0540000000000003,8.388,75.6,5.620000000000001,0.0,1.0,1.0,0.0,0.0,1.0,1.0,1.0
2020-05-30 01:10:55,8.624,8.396,-0.0060000000000002,2.071999999999999,8.4,75.6,5.74,0.0,1.0,1.0,0.0,0.0,1.0,1.0,1.0
2020-05-30 01:11:05,8.624,8.41,-0.0079999999999991,2.074,8.41,75.49999999999999,5.705,0.0,1.0,1.0,0.0,0.0,1.0,1.0,1.0
2020-05-30 01:11:15,8.632,8.42,-0.0079999999999991,2.0760000000000005,8.422,75.42500000000001,5.607500000000002,0.0,1.0,1.0,0.0,0.0,1.0,1.0,1.0
2020-05-30 01:11:25,8.642,8.43,-0.009999999999998,2.0820000000000007,8.432,75.6,5.59,0.0,1.0,1.0,0.0,0.0,1.0,1.0,1.0
2020-05-30 01:11:35,7.476000000000001,8.412,-0.0079999999999991,1.7140000000000004,8.414,75.675,5.3925,0.0,1.0,0.0,0.0,0.0,1.0,1.0,1.0
2020-05-30 01:11:45,8.424,8.394,-0.0079999999999991,2.007999999999999,8.396,75.77499999999999,5.682499999999999,0.0,1.0,0.0,0.0,0.0,1.0,1.0,1.0
2020-05-30 01:11:54,8.582,8.396,-0.0079999999999991,2.058,8.398,75.69999999999999,5.6875,0.0,1.0,0.0,0.0,0.0,1.0,1.0,1.0
2020-05-30 01:12:04,8.582,8.404,-0.009999999999998,2.062000000000001,8.406,75.49999999999999,5.5825,0.0,1.0,0.0,0.0,0.0,1.0,1.0,1.0
2020-05-30 01:12:14,8.586,8.41,-0.0079999999999991,2.062000000000001,8.414,75.49999999999999,5.575000000000001,0.0,1.0,0.0,0.0,0.0,1.0,1.0,1.0
2020-05-30 01:12:24,8.59,8.418,-0.0079999999999991,2.065999999999999,8.418,75.37499999999999,5.6875,0.0,1.0,0.0,0.0,0.0,1.0,1.0,1.0
2020-05-30 01:12:34,7.77,8.398,-0.0079999999999991,1.8099999999999987,8.4,75.52499999999999,5.529999999999999,0.0,1.0,1.0,0.0,0.0,1.0,1.0,1.0
2020-05-30 01:12:44,8.586,8.386,-0.0079999999999991,2.058,8.386,75.62500000000001,5.6325,0.0,1.0,1.0,0.0,0.0,1.0,1.0,1.0
2020-05-30 01:12:54,8.622,8.396,-0.009999999999998,2.071999999999999,8.4,75.49999999999999,5.575000000000001,0.0,1.0,1.0,0.0,0.0,1.0,1.0,1.0
2020-05-30 01:13:04,8.626,8.41,-0.0079999999999991,2.071999999999999,8.412,75.42500000000001,5.629999999999999,0.0,1.0,1.0,0.0,0.0,1.0,1.0,1.0
2020-05-30 01:13:14,8.634,8.42,-0.0079999999999991,2.0779999999999994,8.424,75.325,5.74,0.0,1.0,1.0,0.0,0.0,1.0,1.0,1.0
2020-05-30 01:13:24,8.64,8.43,-0.0079999999999991,2.08,8.432,75.4,5.727500000000001,0.0,1.0,1.0,0.0,0.0,1.0,1.0,1.0
2020-05-30 01:13:34,7.492000000000001,8.41,-0.0079999999999991,1.7220000000000013,8.412,75.6,5.365,0.0,1.0,0.0,0.0,0.0,1.0,1.0,1.0
2020-05-30 01:13:44,8.496,8.39,-0.0079999999999991,2.032,8.392,75.6,5.57,0.0,1.0,0.0,0.0,0.0,1.0,1.0,1.0
2020-05-30 01:13:53,8.582,8.396,-0.0079999999999991,2.058,8.398,75.6,5.6325,0.0,1.0,0.0,0.0,0.0,1.0,1.0,1.0
2020-05-30 01:14:03,8.584,8.404,-0.0079999999999991,2.062000000000001,8.406,75.52499999999999,5.717499999999999,0.0,1.0,0.0,0.0,0.0,1.0,1.0,1.0
2020-05-30 01:14:13,8.586,8.41,-0.0079999999999991,2.062000000000001,8.414,75.4,5.6875,0.0,1.0,0.0,0.0,0.0,1.0,1.0,1.0
2020-05-30 01:14:23,7.324,8.416,-0.009999999999998,1.7539999999999996,8.418,75.37499999999999,5.465,0.0,1.0,1.0,0.0,0.0,0.0,1.0,1.0
2020-05-30 01:14:33,7.808,8.398,-0.0079999999999991,1.8200000000000005,8.4,75.49999999999999,5.4025,0.0,1.0,1.0,0.0,0.0,1.0,1.0,1.0
2020-05-30 01:14:43,8.6,8.384,-0.0079999999999991,2.064,8.388,75.49999999999999,5.725,0.0,1.0,1.0,0.0,0.0,1.0,1.0,1.0
2020-05-30 01:14:53,8.624,8.398,-0.0079999999999991,2.071999999999999,8.4,75.52499999999999,5.73,0.0,1.0,1.0,0.0,0.0,1.0,1.0,1.0
2020-05-30 01:15:03,8.628,8.41,-0.0079999999999991,2.074,8.412,75.37499999999999,5.664999999999999,0.0,1.0,1.0,0.0,0.0,1.0,1.0,1.0
2020-05-30 01:15:13,8.634,8.42,-0.0079999999999991,2.0779999999999994,8.424,75.35000000000001,5.602499999999999,0.0,1.0,1.0,0.0,0.0,1.0,1.0,1.0
2020-05-30 01:15:23,5.698,8.428,-0.0079999999999991,1.1920000000000002,8.43,75.49999999999999,5.055,0.0,1.0,0.0,0.0,0.0,1.0,1.0,1.0
2020-05-30 01:15:33,7.634,8.408,-0.0079999999999991,1.7639999999999991,8.41,75.6,5.484999999999999,0.0,1.0,0.0,0.0,0.0,1.0,1.0,1.0
2020-05-30 01:15:42,8.504,8.39,-0.0079999999999991,2.032,8.392,75.8,5.717499999999999,0.0,1.0,0.0,0.0,0.0,1.0,1.0,1.0
2020-05-30 01:15:52,8.584,8.398,-0.009999999999998,2.058,8.4,75.62500000000001,5.6175,0.0,1.0,0.0,0.0,0.0,1.0,1.0,1.0
2020-05-30 01:16:02,8.58,8.406,-0.0079999999999991,2.0599999999999987,8.408,75.49999999999999,5.5600000000000005,0.0,1.0,0.0,0.0,0.0,1.0,1.0,1.0
2020-05-30 01:16:12,8.586,8.412,-0.0079999999999991,2.064,8.414,75.49999999999999,5.5975,0.0,1.0,0.0,0.0,0.0,1.0,1.0,1.0
2020-05-30 01:16:22,6.09,8.416,-0.0079999999999991,1.25,8.418,75.37499999999999,5.172499999999999,0.0,1.0,1.0,0.0,0.0,0.0,1.0,1.0
2020-05-30 01:16:32,7.928000000000001,8.398,-0.009999999999998,1.86,8.4,75.52499999999999,5.542499999999999,0.0,1.0,1.0,0.0,0.0,1.0,1.0,1.0
2020-05-30 01:16:42,8.604,8.386,-0.0079999999999991,2.068,8.388,75.6,5.637499999999999,0.0,1.0,1.0,0.0,0.0,1.0,1.0,1.0
2020-05-30 01:16:52,8.622,8.398,-0.0079999999999991,2.0700000000000003,8.402,75.49999999999999,5.5875,0.0,1.0,1.0,0.0,0.0,1.0,1.0,1.0
2020-05-30 01:17:02,8.628,8.412,-0.0079999999999991,2.071999999999999,8.416,75.42500000000001,5.6775,0.0,1.0,1.0,0.0,0.0,1.0,1.0,1.0
2020-05-30 01:17:12,8.636,8.422,-0.009999999999998,2.0779999999999994,8.424,75.37499999999999,5.7475000000000005,0.0,1.0,1.0,0.0,0.0,1.0,1.0,1.0
2020-05-30 01:17:22,5.66,8.428,-0.0079999999999991,1.1359999999999992,8.43,75.29999999999998,5.02,0.0,1.0,0.0,0.0,0.0,1.0,1.0,1.0
2020-05-30 01:17:31,7.762,8.408,-0.0079999999999991,1.802,8.408,75.4,5.3725000000000005,0.0,1.0,0.0,0.0,0.0,1.0,1.0,1.0
2020-05-30 01:17:41,8.544,8.392,-0.0079999999999991,2.046,8.392,75.64999999999999,5.5525,0.0,1.0,0.0,0.0,0.0,1.0,1.0,1.0
2020-05-30 01:17:51,8.586,8.398,-0.0079999999999991,2.058,8.4,75.52499999999999,5.68,0.0,1.0,0.0,0.0,0.0,1.0,1.0,1.0
2020-05-30 01:18:01,8.582,8.406,-0.0079999999999991,2.0599999999999987,8.408,75.42500000000001,5.700000000000001,0.0,1.0,0.0,0.0,0.0,1.0,1.0,1.0
2020-05-30 01:18:11,8.588,8.414,-0.0079999999999991,2.064,8.416,75.29999999999998,5.640000000000001,0.0,1.0,0.0,0.0,0.0,1.0,1.0,1.0
2020-05-30 01:18:21,6.188000000000001,8.416,-0.0079999999999991,1.283999999999999,8.418,75.49999999999999,5.049999999999999,0.0,1.0,1.0,0.0,0.0,1.0,1.0,1.0
2020-05-30 01:18:31,7.968,8.396,-0.009999999999998,1.872,8.4,75.52499999999999,5.484999999999999,0.0,1.0,1.0,0.0,0.0,1.0,1.0,1.0
2020-05-30 01:18:41,8.61,8.388,-0.0079999999999991,2.064,8.39,75.52499999999999,5.7325,0.0,1.0,1.0,0.0,0.0,1.0,1.0,1.0
2020-05-30 01:18:51,8.626,8.402,-0.0079999999999991,2.071999999999999,8.404,75.52499999999999,5.709999999999999,0.0,1.0,1.0,0.0,0.0,1.0,1.0,1.0
2020-05-30 01:19:01,8.628,8.414,-0.0079999999999991,2.074,8.416,75.37499999999999,5.647500000000001,0.0,1.0,1.0,0.0,0.0,1.0,1.0,1.0
2020-05-30 01:19:11,8.636,8.424,-0.0079999999999991,2.0779999999999994,8.426,75.42500000000001,5.592500000000001,0.0,1.0,1.0,0.0,0.0,1.0,1.0,1.0
2020-05-30 01:19:20,6.032,8.426,-0.0079999999999991,1.282,8.428,75.42500000000001,5.1,0.0,1.0,0.0,0.0,0.0,1.0,1.0,1.0
2020-05-30 01:19:30,7.804,8.406,-0.0079999999999991,1.815999999999999,8.41,75.62500000000001,5.5525,0.0,1.0,0.0,0.0,0.0,1.0,1.0,1.0
2020-05-30 01:19:40,8.55,8.39,-0.0079999999999991,2.046,8.394,75.6,5.67,0.0,1.0,0.0,0.0,0.0,1.0,1.0,1.0
2020-05-30 01:19:50,8.588,8.402,-0.0079999999999991,2.062000000000001,8.404,75.6,5.5625,0.0,1.0,0.0,0.0,0.0,1.0,1.0,1.0
2020-05-30 01:20:00,8.584,8.408,-0.0079999999999991,2.062000000000001,8.41,75.325,5.58,0.0,1.0,0.0,0.0,0.0,1.0,1.0,1.0
2020-05-30 01:20:10,8.588,8.412,-0.009999999999998,2.062000000000001,8.416,75.4,5.640000000000001,0.0,1.0,0.0,0.0,0.0,1.0,1.0,1.0
2020-05-30 01:20:20,6.256,8.416,-0.009999999999998,1.315999999999999,8.416,75.42500000000001,5.217499999999999,0.0,1.0,1.0,0.0,0.0,1.0,1.0,1.0
2020-05-30 01:20:30,8.082,8.396,-0.0079999999999991,1.904,8.398,75.55000000000001,5.5525,0.0,1.0,1.0,0.0,0.0,1.0,1.0,1.0
2020-05-30 01:20:40,8.612,8.39,-0.0079999999999991,2.0700000000000003,8.39,75.55000000000001,5.58,0.0,1.0,1.0,0.0,0.0,1.0,1.0,1.0
2020-05-30 01:20:50,8.624,8.402,-0.0079999999999991,2.0700000000000003,8.404,75.6,5.5625,0.0,1.0,1.0,0.0,0.0,1.0,1.0,1.0
2020-05-30 01:21:00,8.628,8.414,-0.0079999999999991,2.074,8.418,75.42500000000001,5.717499999999999,0.0,1.0,1.0,0.0,0.0,1.0,1.0,1.0
2020-05-30 01:21:10,8.638,8.426,-0.0079999999999991,2.0779999999999994,8.426,75.49999999999999,5.74,0.0,1.0,1.0,0.0,0.0,1.0,1.0,1.0
2020-05-30 01:21:19,6.114000000000001,8.426,-0.0079999999999991,1.314,8.428,75.49999999999999,5.1175,0.0,1.0,0.0,0.0,0.0,1.0,1.0,1.0
2020-05-30 01:21:29,7.818,8.406,-0.0079999999999991,1.8200000000000005,8.41,75.6,5.4175,0.0,1.0,0.0,0.0,0.0,1.0,1.0,1.0
2020-05-30 01:21:39,8.562,8.392,-0.0079999999999991,2.056000000000001,8.394,75.69999999999999,5.595000000000001,0.0,1.0,0.0,0.0,0.0,1.0,1.0,1.0
2020-05-30 01:21:49,8.584,8.4,-0.0079999999999991,2.058,8.402,75.57499999999999,5.715,0.0,1.0,0.0,0.0,0.0,1.0,1.0,1.0
2020-05-30 01:21:59,8.582,8.406,-0.009999999999998,2.058,8.408,75.52499999999999,5.7225,0.0,1.0,0.0,0.0,0.0,1.0,1.0,1.0
2020-05-30 01:22:09,8.59,8.414,-0.0079999999999991,2.064,8.416,75.52499999999999,5.595000000000001,0.0,1.0,0.0,0.0,0.0,1.0,1.0,1.0
2020-05-30 01:22:19,6.593999999999999,8.412,-0.0079999999999991,1.4499999999999993,8.414,75.49999999999999,5.1325,0.0,1.0,1.0,0.0,0.0,1.0,1.0,1.0
2020-05-30 01:22:29,8.114,8.394,-0.009999999999998,1.91,8.396,75.675,5.5075,0.0,1.0,1.0,0.0,0.0,1.0,1.0,1.0
2020-05-30 01:22:39,8.616,8.39,-0.0079999999999991,2.068,8.392,75.725,5.727500000000001,0.0,1.0,1.0,0.0,0.0,1.0,1.0,1.0
2020-05-30 01:22:49,8.622,8.402,-0.0079999999999991,2.0700000000000003,8.406,75.64999999999999,5.707500000000001,0.0,1.0,1.0,0.0,0.0,1.0,1.0,1.0
2020-05-30 01:22:59,8.63,8.414,-0.0079999999999991,2.074,8.418,75.49999999999999,5.629999999999999,0.0,1.0,1.0,0.0,0.0,1.0,1.0,1.0
2020-05-30 01:23:08,8.638,8.424,-0.0079999999999991,2.0820000000000007,8.426,75.4,5.567500000000001,0.0,1.0,1.0,0.0,0.0,1.0,1.0,1.0
2020-05-30 01:23:18,6.382,8.422,-0.0079999999999991,1.3979999999999997,8.424,75.49999999999999,5.164999999999999,0.0,1.0,0.0,0.0,0.0,1.0,1.0,1.0
2020-05-30 01:23:28,7.944000000000001,8.404,-0.0079999999999991,1.8580000000000003,8.406,75.62500000000001,5.567500000000001,0.0,1.0,0.0,0.0,0.0,1.0,1.0,1.0
2020-05-30 01:23:38,8.564,8.392,-0.0079999999999991,2.0500000000000007,8.394,75.825,5.702499999999999,0.0,1.0,0.0,0.0,0.0,1.0,1.0,1.0
2020-05-30 01:23:48,8.584,8.398,-0.009999999999998,2.056000000000001,8.402,75.62500000000001,5.615000000000002,0.0,1.0,0.0,0.0,0.0,1.0,1.0,1.0
2020-05-30 01:23:58,8.584,8.408,-0.0079999999999991,2.0599999999999987,8.41,75.44999999999999,5.595000000000001,0.0,1.0,0.0,0.0,0.0,1.0,1.0,1.0
2020-05-30 01:24:08,8.588,8.412,-0.0079999999999991,2.064,8.414,75.4,5.68,0.0,1.0,0.0,0.0,0.0,1.0,1.0,1.0
2020-05-30 01:24:18,6.638,8.412,-0.0079999999999991,1.4699999999999989,8.416,75.4,5.2925,0.0,1.0,1.0,0.0,0.0,1.0,1.0,1.0
2020-05-30 01:24:28,8.22,8.392,-0.0079999999999991,1.946,8.394,75.55000000000001,5.565,0.0,1.0,1.0,0.0,0.0,1.0,1.0,1.0
2020-05-30 01:24:38,8.608,8.388,-0.009999999999998,2.068,8.39,75.62500000000001,5.577500000000001,0.0,1.0,1.0,0.0,0.0,1.0,1.0,1.0
2020-05-30 01:24:48,8.62,8.4,-0.009999999999998,2.074,8.402,75.52499999999999,5.577500000000001,0.0,1.0,1.0,0.0,0.0,1.0,1.0,1.0
2020-05-30 01:24:57,8.63,8.41,-0.0079999999999991,2.074,8.416,75.49999999999999,5.74,0.0,1.0,1.0,0.0,0.0,1.0,1.0,1.0
2020-05-30 01:25:07,8.64,8.422,-0.0079999999999991,2.0820000000000007,8.426,75.6,5.7425,0.0,1.0,1.0,0.0,0.0,1.0,1.0,1.0
2020-05-30 01:25:17,6.458,8.422,-0.009999999999998,1.4160000000000004,8.422,75.55000000000001,5.1525,0.0,1.0,0.0,0.0,0.0,1.0,1.0,1.0
2020-05-30 01:25:27,7.971999999999999,8.402,-0.0079999999999991,1.8680000000000003,8.404,75.675,5.4275,0.0,1.0,0.0,0.0,0.0,1.0,1.0,1.0
2020-05-30 01:25:37,8.57,8.39,-0.009999999999998,2.0540000000000003,8.392,75.825,5.612500000000001,0.0,1.0,0.0,0.0,0.0,1.0,1.0,1.0
2020-05-30 01:25:47,8.582,8.398,-0.0079999999999991,2.056000000000001,8.4,75.57499999999999,5.702499999999999,0.0,1.0,0.0,0.0,0.0,1.0,1.0,1.0
2020-05-30 01:25:57,8.58,8.406,-0.0079999999999991,2.0599999999999987,8.406,75.49999999999999,5.745000000000001,0.0,1.0,0.0,0.0,0.0,1.0,1.0,1.0
2020-05-30 01:26:07,8.586,8.412,-0.0079999999999991,2.062000000000001,8.414,75.52499999999999,5.654999999999999,0.0,1.0,0.0,0.0,0.0,1.0,1.0,1.0
2020-05-30 01:26:17,6.904,8.406,-0.0079999999999991,1.548,8.41,75.52499999999999,5.192499999999999,0.0,1.0,1.0,0.0,0.0,1.0,1.0,1.0
2020-05-30 01:26:27,8.248,8.388,-0.0079999999999991,1.952,8.39,75.52499999999999,5.504999999999999,0.0,1.0,1.0,0.0,0.0,1.0,1.0,1.0
2020-05-30 01:26:37,8.614,8.388,-0.0079999999999991,2.065999999999999,8.388,75.675,5.700000000000001,0.0,1.0,1.0,0.0,0.0,1.0,1.0,1.0
2020-05-30 01:26:46,8.62,8.402,-0.009999999999998,2.071999999999999,8.404,75.49999999999999,5.74,0.0,1.0,1.0,0.0,0.0,1.0,1.0,1.0
2020-05-30 01:26:56,8.628,8.412,-0.0079999999999991,2.071999999999999,8.416,75.44999999999999,5.609999999999999,0.0,1.0,1.0,0.0,0.0,1.0,1.0,1.0
2020-05-30 01:27:06,8.636,8.424,-0.009999999999998,2.0779999999999994,8.424,75.47500000000001,5.5825,0.0,1.0,1.0,0.0,0.0,1.0,1.0,1.0
2020-05-30 01:27:16,6.5280000000000005,8.418,-0.0079999999999991,1.4480000000000004,8.422,75.49999999999999,5.162500000000001,0.0,1.0,0.0,0.0,0.0,1.0,1.0,1.0
2020-05-30 01:27:26,8.076,8.398,-0.009999999999998,1.9000000000000004,8.4,75.69999999999999,5.602499999999999,0.0,1.0,0.0,0.0,0.0,1.0,1.0,1.0
2020-05-30 01:27:36,8.57,8.388,-0.0060000000000002,2.0540000000000003,8.39,75.69999999999999,5.694999999999999,0.0,1.0,0.0,0.0,0.0,1.0,1.0,1.0
2020-05-30 01:27:46,8.58,8.398,-0.0060000000000002,2.0599999999999987,8.4,75.49999999999999,5.647500000000001,0.0,1.0,0.0,0.0,0.0,1.0,1.0,1.0
2020-05-30 01:27:56,8.582,8.404,-0.0079999999999991,2.058,8.408,75.37499999999999,5.58,0.0,1.0,0.0,0.0,0.0,1.0,1.0,1.0
2020-05-30 01:28:06,8.586,8.412,-0.0079999999999991,2.0599999999999987,8.414,75.49999999999999,5.620000000000001,0.0,1.0,0.0,0.0,0.0,1.0,1.0,1.0
2020-05-30 01:28:16,6.936,8.406,-0.0079999999999991,1.5599999999999987,8.408,75.4,5.337499999999999,0.0,1.0,1.0,0.0,0.0,1.0,1.0,1.0
2020-05-30 01:28:26,8.338,8.388,-0.0079999999999991,1.9800000000000004,8.388,75.57499999999999,5.625,0.0,1.0,1.0,0.0,0.0,1.0,1.0,1.0
2020-05-30 01:28:35,8.616,8.388,-0.0079999999999991,2.0700000000000003,8.392,75.52499999999999,5.595000000000001,0.0,1.0,1.0,0.0,0.0,1.0,1.0,1.0
2020-05-30 01:28:45,8.62,8.4,-0.0079999999999991,2.071999999999999,8.404,75.42500000000001,5.5725,0.0,1.0,1.0,0.0,0.0,1.0,1.0,1.0
2020-05-30 01:28:55,8.628,8.412,-0.0079999999999991,2.074,8.416,75.47500000000001,5.705,0.0,1.0,1.0,0.0,0.0,1.0,1.0,1.0
2020-05-30 01:29:05,8.634,8.42,-0.009999999999998,2.08,8.424,75.52499999999999,5.7475000000000005,0.0,1.0,1.0,0.0,0.0,1.0,1.0,1.0
2020-05-30 01:29:15,6.75,8.416,-0.009999999999998,1.501999999999999,8.418,75.49999999999999,5.2425000000000015,0.0,1.0,0.0,0.0,0.0,1.0,1.0,1.0
2020-05-30 01:29:25,8.092,8.398,-0.0079999999999991,1.904,8.4,75.725,5.4725,0.0,1.0,0.0,0.0,0.0,1.0,1.0,1.0
2020-05-30 01:29:35,8.576,8.39,-0.0079999999999991,2.056000000000001,8.392,75.725,5.609999999999999,0.0,1.0,0.0,0.0,0.0,1.0,1.0,1.0
2020-05-30 01:29:45,8.578,8.398,-0.0079999999999991,2.056000000000001,8.402,75.6,5.705,0.0,1.0,0.0,0.0,0.0,1.0,1.0,1.0
2020-05-30 01:29:55,8.58,8.404,-0.0079999999999991,2.058,8.406,75.52499999999999,5.717499999999999,0.0,1.0,0.0,0.0,0.0,1.0,1.0,1.0
2020-05-30 01:30:05,8.586,8.412,-0.0079999999999991,2.062000000000001,8.414,75.52499999999999,5.6975,0.0,1.0,0.0,0.0,0.0,1.0,1.0,1.0
2020-05-30 01:30:15,7.164,8.402,-0.009999999999998,1.628,8.406,75.49999999999999,5.235000000000001,0.0,1.0,1.0,0.0,0.0,1.0,1.0,1.0
2020-05-30 01:30:24,8.37,8.384,-0.0079999999999991,1.99,8.386,75.6,5.5375,0.0,1.0,1.0,0.0,0.0,1.0,1.0,1.0
2020-05-30 01:30:34,8.618,8.388,-0.0079999999999991,2.0700000000000003,8.39,75.8,5.672499999999999,0.0,1.0,1.0,0.0,0.0,1.0,1.0,1.0
2020-05-30 01:30:44,8.624,8.4,-0.0079999999999991,2.0700000000000003,8.404,75.62500000000001,5.715,0.0,1.0,1.0,0.0,0.0,1.0,1.0,1.0
2020-05-30 01:30:54,8.628,8.414,-0.0079999999999991,2.071999999999999,8.416,75.6,5.637499999999999,0.0,1.0,1.0,0.0,0.0,1.0,1.0,1.0
2020-05-30 01:31:04,8.636,8.422,-0.009999999999998,2.0779999999999994,8.426,75.52499999999999,5.615000000000002,0.0,1.0,1.0,0.0,0.0,1.0,1.0,1.0
2020-05-30 01:31:14,6.848000000000001,8.414,-0.0079999999999991,1.524000000000001,8.416,75.52499999999999,5.24,0.0,1.0,0.0,0.0,0.0,1.0,1.0,1.0
2020-05-30 01:31:24,8.208,8.396,-0.0079999999999991,1.9379999999999988,8.398,75.725,5.622499999999999,0.0,1.0,0.0,0.0,0.0,1.0,1.0,1.0
2020-05-30 01:31:34,8.576,8.39,-0.009999999999998,2.056000000000001,8.392,75.8,5.674999999999999,0.0,1.0,0.0,0.0,0.0,1.0,1.0,1.0
2020-05-30 01:31:44,8.582,8.398,-0.0079999999999991,2.0599999999999987,8.402,75.75,5.5975,0.0,1.0,0.0,0.0,0.0,1.0,1.0,1.0
2020-05-30 01:31:54,8.582,8.406,-0.0079999999999991,2.0599999999999987,8.408,75.52499999999999,5.57,0.0,1.0,0.0,0.0,0.0,1.0,1.0,1.0
2020-05-30 01:32:04,8.586,8.412,-0.0079999999999991,2.062000000000001,8.416,75.47500000000001,5.692500000000001,0.0,1.0,0.0,0.0,0.0,1.0,1.0,1.0
2020-05-30 01:32:13,7.214,8.402,-0.0079999999999991,1.6359999999999992,8.404,75.62500000000001,5.415000000000001,0.0,1.0,1.0,0.0,0.0,1.0,1.0,1.0
2020-05-30 01:32:23,8.384,8.386,-0.0079999999999991,1.994,8.388,75.62500000000001,5.622499999999999,0.0,1.0,1.0,0.0,0.0,1.0,1.0,1.0
2020-05-30 01:32:33,8.618,8.39,-0.0079999999999991,2.068,8.392,75.69999999999999,5.5600000000000005,0.0,1.0,1.0,0.0,0.0,1.0,1.0,1.0
2020-05-30 01:32:43,8.622,8.402,-0.009999999999998,2.0700000000000003,8.404,75.6,5.58,0.0,1.0,1.0,0.0,0.0,1.0,1.0,1.0
2020-05-30 01:32:53,8.63,8.412,-0.0079999999999991,2.0760000000000005,8.416,75.57499999999999,5.694999999999999,0.0,1.0,1.0,0.0,0.0,1.0,1.0,1.0
2020-05-30 01:33:03,8.638,8.424,-0.0079999999999991,2.0779999999999994,8.426,75.6,5.745000000000001,0.0,1.0,1.0,0.0,0.0,1.0,1.0,1.0
2020-05-30 01:33:13,7.029999999999999,8.414,-0.0079999999999991,1.5839999999999996,8.416,75.675,5.2425000000000015,0.0,1.0,0.0,0.0,0.0,1.0,1.0,1.0
2020-05-30 01:33:23,8.214,8.396,-0.0079999999999991,1.942,8.398,75.725,5.477499999999999,0.0,1.0,0.0,0.0,0.0,1.0,1.0,1.0
2020-05-30 01:33:33,8.578,8.39,-0.0079999999999991,2.056000000000001,8.394,75.75,5.664999999999999,0.0,1.0,0.0,0.0,0.0,1.0,1.0,1.0
2020-05-30 01:33:43,8.578,8.398,-0.0079999999999991,2.058,8.4,75.675,5.707500000000001,0.0,1.0,0.0,0.0,0.0,1.0,1.0,1.0
2020-05-30 01:33:53,8.582,8.404,-0.0079999999999991,2.0599999999999987,8.408,75.52499999999999,5.717499999999999,0.0,1.0,0.0,0.0,0.0,1.0,1.0,1.0
2020-05-30 01:34:03,8.588,8.412,-0.0079999999999991,2.062000000000001,8.414,75.52499999999999,5.607500000000002,0.0,1.0,0.0,0.0,0.0,1.0,1.0,1.0
2020-05-30 01:34:12,7.352,8.4,-0.009999999999998,1.684000000000001,8.404,75.52499999999999,5.275,0.0,1.0,1.0,0.0,0.0,1.0,1.0,1.0
2020-05-30 01:34:22,8.45,8.384,-0.0079999999999991,2.016,8.386,75.69999999999999,5.58,0.0,1.0,1.0,0.0,0.0,1.0,1.0,1.0
2020-05-30 01:34:32,8.618,8.392,-0.0079999999999991,2.071999999999999,8.394,75.675,5.717499999999999,0.0,1.0,1.0,0.0,0.0,1.0,1.0,1.0
2020-05-30 01:34:42,8.624,8.404,-0.009999999999998,2.071999999999999,8.406,75.49999999999999,5.702499999999999,0.0,1.0,1.0,0.0,0.0,1.0,1.0,1.0
2020-05-30 01:34:52,8.63,8.414,-0.0079999999999991,2.074,8.416,75.44999999999999,5.6175,0.0,1.0,1.0,0.0,0.0,1.0,1.0,1.0
2020-05-30 01:35:02,8.636,8.424,-0.0079999999999991,2.08,8.426,75.52499999999999,5.577500000000001,0.0,1.0,1.0,0.0,0.0,1.0,1.0,1.0
2020-05-30 01:35:12,7.158,8.412,-0.0079999999999991,1.6180000000000003,8.414,75.52499999999999,5.327500000000001,0.0,1.0,0.0,0.0,0.0,1.0,1.0,1.0
2020-05-30 01:35:22,8.278,8.394,-0.0079999999999991,1.9600000000000009,8.396,75.69999999999999,5.642499999999998,0.0,1.0,0.0,0.0,0.0,1.0,1.0,1.0
2020-05-30 01:35:32,8.576,8.388,-0.0079999999999991,2.0540000000000003,8.392,75.69999999999999,5.6975,0.0,1.0,0.0,0.0,0.0,1.0,1.0,1.0
2020-05-30 01:35:42,8.576,8.398,-0.009999999999998,2.0599999999999987,8.4,75.47500000000001,5.595000000000001,0.0,1.0,0.0,0.0,0.0,1.0,1.0,1.0
2020-05-30 01:35:52,8.582,8.406,-0.0079999999999991,2.058,8.408,75.49999999999999,5.575000000000001,0.0,1.0,0.0,0.0,0.0,1.0,1.0,1.0
2020-05-30 01:36:01,8.588,8.412,-0.0079999999999991,2.062000000000001,8.414,75.47500000000001,5.637499999999999,0.0,1.0,0.0,0.0,0.0,1.0,1.0,1.0
2020-05-30 01:36:11,7.486000000000001,8.398,-0.0079999999999991,1.7240000000000002,8.402,75.64999999999999,5.4925,0.0,1.0,1.0,0.0,0.0,1.0,1.0,1.0
2020-05-30 01:36:21,8.514,8.382,-0.0079999999999991,2.032,8.384,75.8,5.66,0.0,1.0,1.0,0.0,0.0,1.0,1.0,1.0
2020-05-30 01:36:31,8.62,8.39,-0.0079999999999991,2.065999999999999,8.394,75.62500000000001,5.620000000000001,0.0,1.0,1.0,0.0,0.0,1.0,1.0,1.0
2020-05-30 01:36:41,8.622,8.404,-0.0079999999999991,2.0700000000000003,8.406,75.6,5.602499999999999,0.0,1.0,1.0,0.0,0.0,1.0,1.0,1.0
2020-05-30 01:36:51,8.628,8.414,-0.0079999999999991,2.074,8.416,75.52499999999999,5.642499999999998,0.0,1.0,1.0,0.0,0.0,1.0,1.0,1.0
2020-05-30 01:37:01,8.638,8.426,-0.009999999999998,2.08,8.426,75.49999999999999,5.7425,0.0,1.0,1.0,0.0,0.0,1.0,1.0,1.0
2020-05-30 01:37:11,7.289999999999999,8.408,-0.009999999999998,1.661999999999999,8.412,75.55000000000001,5.365,0.0,1.0,0.0,0.0,0.0,1.0,1.0,1.0
2020-05-30 01:37:21,8.34,8.392,-0.009999999999998,1.984,8.394,75.69999999999999,5.529999999999999,0.0,1.0,0.0,0.0,0.0,1.0,1.0,1.0
2020-05-30 01:37:31,8.578,8.39,-0.009999999999998,2.0540000000000003,8.392,75.69999999999999,5.5525,0.0,1.0,0.0,0.0,0.0,1.0,1.0,1.0
2020-05-30 01:37:41,8.576,8.398,-0.0079999999999991,2.058,8.4,75.55000000000001,5.609999999999999,0.0,1.0,0.0,0.0,0.0,1.0,1.0,1.0
2020-05-30 01:37:50,8.58,8.406,-0.009999999999998,2.058,8.408,75.49999999999999,5.734999999999999,0.0,1.0,0.0,0.0,0.0,1.0,1.0,1.0
2020-05-30 01:38:00,8.586,8.41,-0.0079999999999991,2.062000000000001,8.412,75.6,5.66,0.0,1.0,0.0,0.0,0.0,1.0,1.0,1.0
2020-05-30 01:38:10,7.497999999999999,8.398,-0.0079999999999991,1.7220000000000013,8.4,75.69999999999999,5.322499999999998,0.0,1.0,1.0,0.0,0.0,1.0,1.0,1.0
2020-05-30 01:38:20,8.558,8.38,-0.0079999999999991,2.052,8.382,75.75,5.600000000000001,0.0,1.0,1.0,0.0,0.0,1.0,1.0,1.0
2020-05-30 01:38:30,8.616,8.392,-0.0079999999999991,2.065999999999999,8.394,75.64999999999999,5.7225,0.0,1.0,1.0,0.0,0.0,1.0,1.0,1.0
2020-05-30 01:38:40,8.624,8.404,-0.0079999999999991,2.071999999999999,8.406,75.47500000000001,5.73,0.0,1.0,1.0,0.0,0.0,1.0,1.0,1.0
2020-05-30 01:38:50,8.63,8.412,-0.0079999999999991,2.074,8.416,75.4,5.692500000000001,0.0,1.0,1.0,0.0,0.0,1.0,1.0,1.0
2020-05-30 01:39:00,8.64,8.424,-0.0079999999999991,2.0820000000000007,8.428,75.52499999999999,5.575000000000001,0.0,1.0,1.0,0.0,0.0,1.0,1.0,1.0
2020-05-30 01:39:10,7.348000000000001,8.408,-0.0079999999999991,1.6760000000000002,8.41,75.6,5.300000000000001,0.0,1.0,0.0,0.0,0.0,1.0,1.0,1.0
2020-05-30 01:39:20,8.364,8.388,-0.0079999999999991,1.9879999999999995,8.392,75.8,5.6325,0.0,1.0,0.0,0.0,0.0,1.0,1.0,1.0
2020-05-30 01:39:30,8.578,8.388,-0.009999999999998,2.056000000000001,8.392,75.675,5.727500000000001,0.0,1.0,0.0,0.0,0.0,1.0,1.0,1.0
2020-05-30 01:39:39,8.578,8.398,-0.0079999999999991,2.056000000000001,8.4,75.49999999999999,5.5975,0.0,1.0,0.0,0.0,0.0,1.0,1.0,1.0
2020-05-30 01:39:49,8.58,8.404,-0.0079999999999991,2.058,8.406,75.52499999999999,5.5525,0.0,1.0,0.0,0.0,0.0,1.0,1.0,1.0
2020-05-30 01:39:59,8.586,8.41,-0.009999999999998,2.0599999999999987,8.412,75.47500000000001,5.625,0.0,1.0,0.0,0.0,0.0,1.0,1.0,1.0
2020-05-30 01:40:09,7.66,8.396,-0.0079999999999991,1.768000000000001,8.398,75.49999999999999,5.512499999999999,0.0,1.0,1.0,0.0,0.0,1.0,1.0,1.0
2020-05-30 01:40:19,8.566,8.378,-0.0079999999999991,2.052,8.38,75.69999999999999,5.6875,0.0,1.0,1.0,0.0,0.0,1.0,1.0,1.0
2020-05-30 01:40:29,8.618,8.39,-0.009999999999998,2.068,8.392,75.62500000000001,5.602499999999999,0.0,1.0,1.0,0.0,0.0,1.0,1.0,1.0
2020-05-30 01:40:39,8.618,8.404,-0.0079999999999991,2.0700000000000003,8.406,75.55000000000001,5.615000000000002,0.0,1.0,1.0,0.0,0.0,1.0,1.0,1.0
2020-05-30 01:40:49,8.628,8.412,-0.009999999999998,2.074,8.416,75.49999999999999,5.68,0.0,1.0,1.0,0.0,0.0,1.0,1.0,1.0
2020-05-30 01:40:59,8.636,8.424,-0.0079999999999991,2.0760000000000005,8.426,75.62500000000001,5.7475000000000005,0.0,1.0,1.0,0.0,0.0,1.0,1.0,1.0
2020-05-30 01:41:09,7.374,8.406,-0.009999999999998,1.686,8.408,75.57499999999999,5.3725000000000005,0.0,1.0,0.0,0.0,0.0,1.0,1.0,1.0
2020-05-30 01:41:19,8.44,8.388,-0.0079999999999991,2.0120000000000005,8.392,75.875,5.522499999999999,0.0,1.0,0.0,0.0,0.0,1.0,1.0,1.0
2020-05-30 01:41:28,8.578,8.388,-0.009999999999998,2.0540000000000003,8.39,75.75,5.577500000000001,0.0,1.0,0.0,0.0,0.0,1.0,1.0,1.0
2020-05-30 01:41:38,8.576,8.396,-0.0079999999999991,2.056000000000001,8.4,75.675,5.705,0.0,1.0,0.0,0.0,0.0,1.0,1.0,1.0
2020-05-30 01:41:48,8.582,8.404,-0.0079999999999991,2.0599999999999987,8.408,75.52499999999999,5.6775,0.0,1.0,0.0,0.0,0.0,1.0,1.0,1.0
2020-05-30 01:41:58,8.586,8.41,-0.009999999999998,2.062000000000001,8.412,75.49999999999999,5.634999999999998,0.0,1.0,0.0,0.0,0.0,1.0,1.0,1.0
2020-05-30 01:42:08,7.698,8.392,-0.0079999999999991,1.7859999999999996,8.396,75.62500000000001,5.344999999999999,0.0,1.0,1.0,0.0,0.0,1.0,1.0,1.0
2020-05-30 01:42:18,8.57,8.378,-0.0079999999999991,2.0540000000000003,8.38,75.675,5.595000000000001,0.0,1.0,1.0,0.0,0.0,1.0,1.0,1.0
2020-05-30 01:42:28,8.616,8.39,-0.009999999999998,2.071999999999999,8.394,75.52499999999999,5.73,0.0,1.0,1.0,0.0,0.0,1.0,1.0,1.0
2020-05-30 01:42:38,8.624,8.404,-0.0079999999999991,2.071999999999999,8.404,75.42500000000001,5.720000000000001,0.0,1.0,1.0,0.0,0.0,1.0,1.0,1.0
2020-05-30 01:42:48,8.628,8.412,-0.0079999999999991,2.0760000000000005,8.416,75.44999999999999,5.620000000000001,0.0,1.0,1.0,0.0,0.0,1.0,1.0,1.0
2020-05-30 01:42:58,8.632,8.422,-0.009999999999998,2.0760000000000005,8.426,75.6,5.5825,0.0,1.0,1.0,0.0,0.0,1.0,1.0,1.0
2020-05-30 01:43:08,7.534000000000001,8.402,-0.0079999999999991,1.7279999999999998,8.404,75.62500000000001,5.404999999999999,0.0,1.0,0.0,0.0,0.0,1.0,1.0,1.0
2020-05-30 01:43:18,8.448,8.384,-0.0079999999999991,2.0120000000000005,8.388,75.89999999999999,5.682499999999999,0.0,1.0,0.0,0.0,0.0,1.0,1.0,1.0
2020-05-30 01:43:27,8.572,8.386,-0.0079999999999991,2.056000000000001,8.388,75.8,5.6875,0.0,1.0,0.0,0.0,0.0,1.0,1.0,1.0
2020-05-30 01:43:37,8.568,8.392,-0.0079999999999991,2.056000000000001,8.396,75.675,5.642499999999998,0.0,1.0,0.0,0.0,0.0,1.0,1.0,1.0
2020-05-30 01:43:47,8.576,8.398,-0.0079999999999991,2.058,8.4,75.57499999999999,5.5875,0.0,1.0,0.0,0.0,0.0,1.0,1.0,1.0
2020-05-30 01:43:57,8.582,8.404,-0.0060000000000002,2.0599999999999987,8.406,75.49999999999999,5.609999999999999,0.0,1.0,0.0,0.0,0.0,1.0,1.0,1.0
2020-05-30 01:44:07,7.834,8.354,-0.009999999999998,1.8260000000000003,8.358,75.675,5.5600000000000005,0.0,1.0,1.0,0.0,0.0,1.0,1.0,1.0
2020-05-30 01:44:17,8.562,8.344,-0.0060000000000002,2.0500000000000007,8.348,75.725,5.6975,0.0,1.0,1.0,0.0,0.0,1.0,1.0,1.0
2020-05-30 01:44:27,8.586,8.354,-0.009999999999998,2.0540000000000003,8.358,75.825,5.5975,0.0,1.0,1.0,0.0,0.0,1.0,1.0,1.0
2020-05-30 01:44:37,8.592,8.372,-0.0079999999999991,2.062000000000001,8.376,75.69999999999999,5.607500000000002,0.0,1.0,1.0,0.0,0.0,1.0,1.0,1.0
2020-05-30 01:44:47,8.594,8.366,-0.0079999999999991,2.064,8.37,75.62500000000001,5.705,0.0,1.0,1.0,0.0,0.0,1.0,1.0,1.0
2020-05-30 01:44:57,8.522,8.37,-0.0079999999999991,2.056000000000001,8.376,75.675,5.715,0.0,1.0,0.0,0.0,0.0,0.0,1.0,1.0
2020-05-30 01:45:07,7.640000000000001,8.34,-0.0079999999999991,1.768000000000001,8.342,75.75,5.355,0.0,1.0,0.0,0.0,0.0,1.0,1.0,1.0
2020-05-30 01:45:17,8.482,8.328,-0.0079999999999991,2.026,8.33,75.925,5.52,0.0,1.0,0.0,0.0,0.0,1.0,1.0,1.0
2020-05-30 01:45:26,8.528,8.334,-0.0079999999999991,2.0380000000000003,8.334,75.89999999999999,5.6850000000000005,0.0,1.0,0.0,0.0,0.0,1.0,1.0,1.0
2020-05-30 01:45:36,8.53,8.344,-0.0079999999999991,2.039999999999999,8.346,75.75,5.672499999999999,0.0,1.0,0.0,0.0,0.0,1.0,1.0,1.0
2020-05-30 01:45:46,8.536,8.352,-0.0079999999999991,2.0440000000000005,8.354,75.62500000000001,5.600000000000001,0.0,1.0,0.0,0.0,0.0,1.0,1.0,1.0
2020-05-30 01:45:56,5.981999999999999,8.356,-0.0079999999999991,1.268000000000001,8.36,75.57499999999999,5.022500000000001,0.0,1.0,1.0,0.0,0.0,1.0,1.0,1.0
2020-05-30 01:46:06,7.853999999999999,8.338,-0.0060000000000002,1.838000000000001,8.342,75.6,5.452500000000001,0.0,1.0,1.0,0.0,0.0,1.0,1.0,1.0
2020-05-30 01:46:16,8.558,8.33,-0.0060000000000002,2.048,8.332,75.825,5.725,0.0,1.0,1.0,0.0,0.0,1.0,1.0,1.0
2020-05-30 01:46:26,8.576,8.344,-0.0060000000000002,2.052,8.346,75.77499999999999,5.642499999999998,0.0,1.0,1.0,0.0,0.0,1.0,1.0,1.0
2020-05-30 01:46:36,8.578,8.356,-0.0079999999999991,2.056000000000001,8.36,75.62500000000001,5.5825,0.0,1.0,1.0,0.0,0.0,1.0,1.0,1.0
2020-05-30 01:46:46,8.586,8.366,-0.0079999999999991,2.062000000000001,8.368,75.64999999999999,5.642499999999998,0.0,1.0,1.0,0.0,0.0,1.0,1.0,1.0
2020-05-30 01:46:56,5.752000000000001,8.37,-0.0079999999999991,1.1400000000000006,8.372,75.825,5.129999999999999,0.0,1.0,0.0,0.0,0.0,1.0,1.0,1.0
2020-05-30 01:47:06,7.68,8.35,-0.0079999999999991,1.782,8.352,76.0,5.460000000000001,0.0,1.0,0.0,0.0,0.0,1.0,1.0,1.0
2020-05-30 01:47:16,8.492,8.334,-0.0079999999999991,2.0279999999999987,8.338,76.075,5.557499999999999,0.0,1.0,0.0,0.0,0.0,1.0,1.0,1.0
2020-05-30 01:47:26,8.536,8.344,-0.0060000000000002,2.0440000000000005,8.346,76.0,5.607500000000002,0.0,1.0,0.0,0.0,0.0,1.0,1.0,1.0
2020-05-30 01:47:35,8.532,8.354,-0.0079999999999991,2.0440000000000005,8.354,76.075,5.7225,0.0,1.0,0.0,0.0,0.0,1.0,1.0,1.0
2020-05-30 01:47:45,8.54,8.358,-0.0060000000000002,2.048,8.36,75.89999999999999,5.709999999999999,0.0,1.0,0.0,0.0,0.0,1.0,1.0,1.0
2020-05-30 01:47:55,6.2620000000000005,8.362,-0.0079999999999991,1.314,8.364,75.85,5.08,0.0,1.0,1.0,0.0,0.0,1.0,1.0,1.0
2020-05-30 01:48:05,7.984,8.344,-0.0079999999999991,1.870000000000001,8.346,75.925,5.422499999999999,0.0,1.0,1.0,0.0,0.0,1.0,1.0,1.0
2020-05-30 01:48:15,8.564,8.336,-0.0079999999999991,2.052,8.338,76.0,5.612500000000001,0.0,1.0,1.0,0.0,0.0,1.0,1.0,1.0
2020-05-30 01:48:25,8.576,8.35,-0.0079999999999991,2.052,8.354,75.925,5.717499999999999,0.0,1.0,1.0,0.0,0.0,1.0,1.0,1.0
2020-05-30 01:48:35,8.586,8.362,-0.009999999999998,2.062000000000001,8.366,75.75,5.6850000000000005,0.0,1.0,1.0,0.0,0.0,1.0,1.0,1.0
2020-05-30 01:48:45,8.594,8.374,-0.0079999999999991,2.065999999999999,8.378,75.69999999999999,5.567500000000001,0.0,1.0,1.0,0.0,0.0,1.0,1.0,1.0
2020-05-30 01:48:55,6.0600000000000005,8.376,-0.009999999999998,1.2759999999999998,8.38,75.675,5.0875,0.0,1.0,0.0,0.0,0.0,1.0,1.0,1.0
2020-05-30 01:49:05,7.798,8.346,-0.009999999999998,1.814,8.35,75.85,5.515000000000001,0.0,1.0,0.0,0.0,0.0,1.0,1.0,1.0
2020-05-30 01:49:15,8.508,8.334,-0.0079999999999991,2.036,8.338,76.1,5.6625,0.0,1.0,0.0,0.0,0.0,1.0,1.0,1.0
2020-05-30 01:49:25,8.53,8.332,-0.0079999999999991,2.0380000000000003,8.336,76.1,5.547500000000001,0.0,1.0,0.0,0.0,0.0,1.0,1.0,1.0
2020-05-30 01:49:34,8.522,8.334,-0.0079999999999991,2.0380000000000003,8.338,75.95,5.640000000000001,0.0,1.0,0.0,0.0,0.0,1.0,1.0,1.0
2020-05-30 01:49:44,8.528,8.344,-0.0079999999999991,2.0440000000000005,8.346,76.0,5.7125,0.0,1.0,0.0,0.0,0.0,1.0,1.0,1.0
2020-05-30 01:49:54,6.292,8.346,-0.0079999999999991,1.33,8.348,76.0,5.155000000000001,0.0,1.0,1.0,0.0,0.0,1.0,1.0,1.0
2020-05-30 01:50:04,8.092,8.326,-0.0079999999999991,1.902000000000001,8.328,75.89999999999999,5.460000000000001,0.0,1.0,1.0,0.0,0.0,1.0,1.0,1.0
2020-05-30 01:50:16,8.562,8.326,-0.0060000000000002,2.046,8.328,76.025,5.709999999999999,0.0,1.0,1.0,0.0,0.0,1.0,1.0,1.0
2020-05-30 01:50:26,8.572,8.34,-0.0060000000000002,2.0540000000000003,8.344,75.89999999999999,5.66,0.0,1.0,1.0,0.0,0.0,1.0,1.0,1.0
2020-05-30 01:50:36,8.578,8.352,-0.0079999999999991,2.056000000000001,8.356,75.89999999999999,5.600000000000001,0.0,1.0,1.0,0.0,0.0,1.0,1.0,1.0
2020-05-30 01:50:46,8.59,8.366,-0.0079999999999991,2.0599999999999987,8.368,75.875,5.592500000000001,0.0,1.0,1.0,0.0,0.0,1.0,1.0,1.0
2020-05-30 01:50:56,6.57,8.362,-0.0079999999999991,1.443999999999999,8.366,75.925,5.237499999999999,0.0,1.0,0.0,0.0,0.0,1.0,1.0,1.0
2020-05-30 01:51:06,8.1,8.342,-0.0079999999999991,1.904,8.346,76.025,5.57,0.0,1.0,0.0,0.0,0.0,1.0,1.0,1.0
2020-05-30 01:51:16,8.53,8.336,-0.0079999999999991,2.042,8.338,75.975,5.612500000000001,0.0,1.0,0.0,0.0,0.0,1.0,1.0,1.0
2020-05-30 01:51:26,8.538,8.346,-0.0079999999999991,2.039999999999999,8.348,75.975,5.5525,0.0,1.0,0.0,0.0,0.0,1.0,1.0,1.0
2020-05-30 01:51:36,8.538,8.354,-0.009999999999998,2.0440000000000005,8.356,75.6,5.6875,0.0,1.0,0.0,0.0,0.0,1.0,1.0,1.0
2020-05-30 01:51:45,8.546,8.362,-0.0079999999999991,2.046,8.364,75.69999999999999,5.7225,0.0,1.0,0.0,0.0,0.0,1.0,1.0,1.0
2020-05-30 01:51:55,6.986000000000001,8.356,-0.009999999999998,1.5679999999999996,8.36,75.77499999999999,5.2775,0.0,1.0,1.0,0.0,0.0,1.0,1.0,1.0
2020-05-30 01:52:05,8.368,8.336,-0.009999999999998,1.9879999999999995,8.338,75.85,5.5075,0.0,1.0,1.0,0.0,0.0,1.0,1.0,1.0
2020-05-30 01:52:15,8.578,8.342,-0.009999999999998,2.052,8.346,75.975,5.645,0.0,1.0,1.0,0.0,0.0,1.0,1.0,1.0
2020-05-30 01:52:25,8.582,8.356,-0.0079999999999991,2.056000000000001,8.358,75.875,5.73,0.0,1.0,1.0,0.0,0.0,1.0,1.0,1.0
2020-05-30 01:52:35,8.592,8.368,-0.0079999999999991,2.0599999999999987,8.372,75.725,5.634999999999998,0.0,1.0,1.0,0.0,0.0,1.0,1.0,1.0
2020-05-30 01:52:45,8.602,8.38,-0.0079999999999991,2.065999999999999,8.384,75.69999999999999,5.57,0.0,1.0,1.0,0.0,0.0,1.0,1.0,1.0
2020-05-30 01:52:55,6.805999999999999,8.374,-0.0079999999999991,1.5079999999999991,8.378,75.825,5.199999999999999,0.0,1.0,0.0,0.0,0.0,1.0,1.0,1.0
2020-05-30 01:53:05,8.12,8.354,-0.009999999999998,1.911999999999999,8.356,76.0,5.57,0.0,1.0,0.0,0.0,0.0,1.0,1.0,1.0
2020-05-30 01:53:15,8.54,8.348,-0.009999999999998,2.042,8.352,76.1,5.68,0.0,1.0,0.0,0.0,0.0,1.0,1.0,1.0
2020-05-30 01:53:25,8.546,8.358,-0.009999999999998,2.046,8.36,75.925,5.629999999999999,0.0,1.0,0.0,0.0,0.0,1.0,1.0,1.0
2020-05-30 01:53:35,8.546,8.366,-0.0079999999999991,2.046,8.368,75.8,5.58,0.0,1.0,0.0,0.0,0.0,1.0,1.0,1.0
2020-05-30 01:53:44,8.556,8.374,-0.0079999999999991,2.0500000000000007,8.376,75.825,5.6875,0.0,1.0,0.0,0.0,0.0,1.0,1.0,1.0
2020-05-30 01:53:54,7.182,8.366,-0.009999999999998,1.629999999999999,8.366,75.825,5.4350000000000005,0.0,1.0,1.0,0.0,0.0,1.0,1.0,1.0
2020-05-30 01:54:04,8.378,8.346,-0.009999999999998,1.994,8.348,75.89999999999999,5.6175,0.0,1.0,1.0,0.0,0.0,1.0,1.0,1.0
2020-05-30 01:54:14,8.586,8.352,-0.0079999999999991,2.058,8.356,75.89999999999999,5.5625,0.0,1.0,1.0,0.0,0.0,1.0,1.0,1.0
2020-05-30 01:54:24,8.594,8.366,-0.009999999999998,2.0599999999999987,8.37,75.8,5.625,0.0,1.0,1.0,0.0,0.0,1.0,1.0,1.0
2020-05-30 01:54:34,8.598,8.378,-0.0079999999999991,2.064,8.38,75.8,5.7325,0.0,1.0,1.0,0.0,0.0,1.0,1.0,1.0
2020-05-30 01:54:44,8.61,8.39,-0.0079999999999991,2.068,8.392,75.8,5.707500000000001,0.0,1.0,1.0,0.0,0.0,1.0,1.0,1.0
2020-05-30 01:54:54,7.026,8.378,-0.009999999999998,1.58,8.382,75.875,5.217499999999999,0.0,1.0,0.0,0.0,0.0,1.0,1.0,1.0
2020-05-30 01:55:04,8.222,8.36,-0.0079999999999991,1.943999999999999,8.362,76.05,5.5025,0.0,1.0,0.0,0.0,0.0,1.0,1.0,1.0
2020-05-30 01:55:14,8.548,8.358,-0.0079999999999991,2.046,8.36,75.975,5.642499999999998,0.0,1.0,0.0,0.0,0.0,1.0,1.0,1.0
2020-05-30 01:55:24,8.554,8.366,-0.0079999999999991,2.0500000000000007,8.368,75.85,5.727500000000001,0.0,1.0,0.0,0.0,0.0,1.0,1.0,1.0
2020-05-30 01:55:34,8.556,8.374,-0.009999999999998,2.048,8.376,75.825,5.595000000000001,0.0,1.0,0.0,0.0,0.0,1.0,1.0,1.0
2020-05-30 01:55:43,8.56,8.382,-0.0079999999999991,2.0540000000000003,8.384,75.8,5.5600000000000005,0.0,1.0,0.0,0.0,0.0,1.0,1.0,1.0
2020-05-30 01:55:53,7.263999999999999,8.37,-0.009999999999998,1.654,8.374,75.8,5.302500000000002,0.0,1.0,1.0,0.0,0.0,1.0,1.0,1.0
2020-05-30 01:56:03,8.47,8.352,-0.0079999999999991,2.022,8.356,76.025,5.68,0.0,1.0,1.0,0.0,0.0,1.0,1.0,1.0
2020-05-30 01:56:13,8.592,8.362,-0.0079999999999991,2.0599999999999987,8.364,76.1,5.657499999999999,0.0,1.0,1.0,0.0,0.0,1.0,1.0,1.0
2020-05-30 01:56:23,8.598,8.376,-0.0079999999999991,2.062000000000001,8.376,75.875,5.585000000000001,0.0,1.0,1.0,0.0,0.0,1.0,1.0,1.0
2020-05-30 01:56:33,8.606,8.384,-0.009999999999998,2.065999999999999,8.386,75.825,5.6175,0.0,1.0,1.0,0.0,0.0,1.0,1.0,1.0
2020-05-30 01:56:43,8.618,8.398,-0.009999999999998,2.0700000000000003,8.398,75.975,5.745000000000001,0.0,1.0,1.0,0.0,0.0,1.0,1.0,1.0
2020-05-30 01:56:53,7.112,8.386,-0.009999999999998,1.6039999999999992,8.388,75.925,5.362499999999999,0.0,1.0,0.0,0.0,0.0,1.0,1.0,1.0
2020-05-30 01:57:03,8.254,8.368,-0.0079999999999991,1.9540000000000008,8.368,76.2,5.5525,0.0,1.0,0.0,0.0,0.0,1.0,1.0,1.0
2020-05-30 01:57:13,8.556,8.366,-0.009999999999998,2.046,8.366,76.1,5.59,0.0,1.0,0.0,0.0,0.0,1.0,1.0,1.0
2020-05-30 01:57:23,8.558,8.374,-0.009999999999998,2.0500000000000007,8.376,75.975,5.6775,0.0,1.0,0.0,0.0,0.0,1.0,1.0,1.0
2020-05-30 01:57:33,8.56,8.38,-0.0079999999999991,2.052,8.382,75.89999999999999,5.7225,0.0,1.0,0.0,0.0,0.0,1.0,1.0,1.0
2020-05-30 01:57:42,8.568,8.388,-0.009999999999998,2.056000000000001,8.388,75.89999999999999,5.6175,0.0,1.0,0.0,0.0,0.0,1.0,1.0,1.0
2020-05-30 01:57:52,7.460000000000001,8.376,-0.0079999999999991,1.7100000000000009,8.378,75.8,5.315000000000001,0.0,1.0,1.0,0.0,0.0,1.0,1.0,1.0
2020-05-30 01:58:02,8.504,8.36,-0.0079999999999991,2.033999999999999,8.36,76.0,5.645,0.0,1.0,1.0,0.0,0.0,1.0,1.0,1.0
2020-05-30 01:58:12,8.594,8.368,-0.0079999999999991,2.058,8.368,76.025,5.7425,0.0,1.0,1.0,0.0,0.0,1.0,1.0,1.0
2020-05-30 01:58:22,8.606,8.38,-0.009999999999998,2.062000000000001,8.382,75.8,5.6850000000000005,0.0,1.0,1.0,0.0,0.0,1.0,1.0,1.0
2020-05-30 01:58:32,8.616,8.392,-0.009999999999998,2.068,8.396,75.69999999999999,5.609999999999999,0.0,1.0,1.0,0.0,0.0,1.0,1.0,1.0
2020-05-30 01:58:42,8.626,8.406,-0.0079999999999991,2.074,8.408,75.825,5.6175,0.0,1.0,1.0,0.0,0.0,1.0,1.0,1.0
2020-05-30 01:58:52,7.294,8.39,-0.0079999999999991,1.66,8.392,75.875,5.440000000000001,0.0,1.0,0.0,0.0,0.0,1.0,1.0,1.0
2020-05-30 01:59:02,8.334,8.372,-0.009999999999998,1.978,8.376,76.0,5.66,0.0,1.0,0.0,0.0,0.0,1.0,1.0,1.0
2020-05-30 01:59:12,8.558,8.372,-0.0079999999999991,2.046,8.372,76.075,5.622499999999999,0.0,1.0,0.0,0.0,0.0,1.0,1.0,1.0
2020-05-30 01:59:22,8.564,8.38,-0.0079999999999991,2.0500000000000007,8.382,76.0,5.5725,0.0,1.0,0.0,0.0,0.0,1.0,1.0,1.0
2020-05-30 01:59:32,8.57,8.388,-0.0079999999999991,2.056000000000001,8.388,75.825,5.672499999999999,0.0,1.0,0.0,0.0,0.0,1.0,1.0,1.0
2020-05-30 01:59:41,8.576,8.394,-0.0079999999999991,2.056000000000001,8.396,75.89999999999999,5.727500000000001,0.0,1.0,0.0,0.0,0.0,1.0,1.0,1.0
2020-05-30 01:59:51,7.502000000000001,8.38,-0.009999999999998,1.725999999999999,8.382,75.825,5.467500000000001,0.0,1.0,1.0,0.0,0.0,1.0,1.0,1.0
2020-05-30 02:00:01,8.554,8.362,-0.0079999999999991,2.0500000000000007,8.366,76.0,5.565,0.0,1.0,1.0,0.0,0.0,1.0,1.0,1.0
2020-05-30 02:00:11,8.606,8.374,-0.0079999999999991,2.062000000000001,8.378,75.875,5.595000000000001,0.0,1.0,1.0,0.0,0.0,1.0,1.0,1.0
2020-05-30 02:00:21,8.61,8.388,-0.009999999999998,2.065999999999999,8.39,75.825,5.702499999999999,0.0,1.0,1.0,0.0,0.0,1.0,1.0,1.0
2020-05-30 02:00:31,8.616,8.398,-0.0079999999999991,2.068,8.402,75.8,5.734999999999999,0.0,1.0,1.0,0.0,0.0,1.0,1.0,1.0
2020-05-30 02:00:41,8.628,8.412,-0.0079999999999991,2.0760000000000005,8.412,75.89999999999999,5.609999999999999,0.0,1.0,1.0,0.0,0.0,1.0,1.0,1.0
2020-05-30 02:00:51,7.324,8.394,-0.0079999999999991,1.6739999999999997,8.398,75.925,5.2775,0.0,1.0,0.0,0.0,0.0,1.0,1.0,1.0
2020-05-30 02:01:01,8.412,8.374,-0.0079999999999991,2.001999999999999,8.376,76.1,5.605,0.0,1.0,0.0,0.0,0.0,1.0,1.0,1.0
2020-05-30 02:01:11,8.562,8.376,-0.0079999999999991,2.048,8.378,75.89999999999999,5.725,0.0,1.0,0.0,0.0,0.0,1.0,1.0,1.0
2020-05-30 02:01:21,8.568,8.384,-0.009999999999998,2.052,8.384,75.725,5.645,0.0,1.0,0.0,0.0,0.0,1.0,1.0,1.0
2020-05-30 02:01:31,8.578,8.39,-0.0079999999999991,2.056000000000001,8.392,75.69999999999999,5.547500000000001,0.0,1.0,0.0,0.0,0.0,1.0,1.0,1.0
2020-05-30 02:01:41,8.578,8.398,-0.0079999999999991,2.058,8.398,75.825,5.629999999999999,0.0,1.0,0.0,0.0,0.0,1.0,1.0,1.0
2020-05-30 02:01:50,7.664,8.382,-0.009999999999998,1.7759999999999998,8.384,75.975,5.5,0.0,1.0,1.0,0.0,0.0,1.0,1.0,1.0
2020-05-30 02:02:00,8.56,8.366,-0.0079999999999991,2.048,8.368,76.0,5.6875,0.0,1.0,1.0,0.0,0.0,1.0,1.0,1.0
2020-05-30 02:02:10,8.608,8.378,-0.0079999999999991,2.064,8.382,75.875,5.605,0.0,1.0,1.0,0.0,0.0,1.0,1.0,1.0
2020-05-30 02:02:20,8.608,8.388,-0.009999999999998,2.0599999999999987,8.392,75.89999999999999,5.6325,0.0,1.0,1.0,0.0,0.0,1.0,1.0,1.0
2020-05-30 02:02:30,8.616,8.398,-0.0079999999999991,2.065999999999999,8.4,75.85,5.745000000000001,0.0,1.0,1.0,0.0,0.0,1.0,1.0,1.0
2020-05-30 02:02:40,8.624,8.408,-0.0079999999999991,2.0700000000000003,8.408,75.89999999999999,5.692500000000001,0.0,1.0,1.0,0.0,0.0,1.0,1.0,1.0
2020-05-30 02:02:50,7.48,8.388,-0.0060000000000002,1.7220000000000013,8.39,76.075,5.342499999999999,0.0,1.0,0.0,0.0,0.0,1.0,1.0,1.0
2020-05-30 02:03:00,8.426,8.37,-0.009999999999998,2.007999999999999,8.37,76.1,5.529999999999999,0.0,1.0,0.0,0.0,0.0,1.0,1.0,1.0
2020-05-30 02:03:10,8.562,8.372,-0.0060000000000002,2.048,8.376,76.25,5.649999999999999,0.0,1.0,0.0,0.0,0.0,1.0,1.0,1.0
2020-05-30 02:03:20,8.566,8.382,-0.0079999999999991,2.052,8.384,75.875,5.7125,0.0,1.0,0.0,0.0,0.0,1.0,1.0,1.0
2020-05-30 02:03:30,8.568,8.388,-0.0079999999999991,2.0540000000000003,8.39,75.8,5.637499999999999,0.0,1.0,0.0,0.0,0.0,1.0,1.0,1.0
2020-05-30 02:03:40,8.574,8.394,-0.0079999999999991,2.056000000000001,8.398,75.75,5.58,0.0,1.0,0.0,0.0,0.0,1.0,1.0,1.0
2020-05-30 02:03:49,7.792,8.376,-0.0079999999999991,1.8099999999999987,8.378,75.875,5.465,0.0,1.0,1.0,0.0,0.0,1.0,1.0,1.0
2020-05-30 02:03:59,8.576,8.364,-0.0079999999999991,2.0540000000000003,8.366,75.89999999999999,5.75,0.0,1.0,1.0,0.0,0.0,1.0,1.0,1.0
2020-05-30 02:04:09,8.608,8.378,-0.0079999999999991,2.065999999999999,8.38,75.69999999999999,5.737500000000001,0.0,1.0,1.0,0.0,0.0,1.0,1.0,1.0
2020-05-30 02:04:19,8.612,8.392,-0.0079999999999991,2.064,8.394,75.675,5.705,0.0,1.0,1.0,0.0,0.0,1.0,1.0,1.0
2020-05-30 02:04:29,8.618,8.404,-0.0079999999999991,2.071999999999999,8.404,75.6,5.634999999999998,0.0,1.0,1.0,0.0,0.0,1.0,1.0,1.0
2020-05-30 02:04:39,8.628,8.412,-0.0079999999999991,2.071999999999999,8.414,75.62500000000001,5.585000000000001,0.0,1.0,1.0,0.0,0.0,1.0,1.0,1.0
2020-05-30 02:04:49,7.606,8.394,-0.0079999999999991,1.7539999999999996,8.394,75.75,5.447500000000002,0.0,1.0,0.0,0.0,0.0,1.0,1.0,1.0
2020-05-30 02:04:59,8.488,8.376,-0.0079999999999991,2.024000000000001,8.376,75.89999999999999,5.69,0.0,1.0,0.0,0.0,0.0,1.0,1.0,1.0
2020-05-30 02:05:09,8.568,8.38,-0.009999999999998,2.0500000000000007,8.382,75.825,5.720000000000001,0.0,1.0,0.0,0.0,0.0,1.0,1.0,1.0
2020-05-30 02:05:19,8.57,8.39,-0.0079999999999991,2.0540000000000003,8.39,75.6,5.762499999999999,0.0,1.0,0.0,0.0,0.0,1.0,1.0,1.0
2020-05-30 02:05:29,8.574,8.398,-0.0079999999999991,2.0540000000000003,8.4,75.69999999999999,5.74,0.0,1.0,0.0,0.0,0.0,1.0,1.0,1.0
2020-05-30 02:05:39,8.082,8.402,-0.0079999999999991,1.958,8.404,75.675,5.727500000000001,0.0,1.0,1.0,0.0,0.0,0.0,1.0,1.0
2020-05-30 02:05:48,7.821999999999999,8.384,-0.0060000000000002,1.8200000000000005,8.386,75.77499999999999,5.5625,0.0,1.0,1.0,0.0,0.0,1.0,1.0,1.0
2020-05-30 02:05:58,8.594,8.374,-0.0060000000000002,2.058,8.374,75.77499999999999,5.6525,0.0,1.0,1.0,0.0,0.0,1.0,1.0,1.0
2020-05-30 02:06:08,8.614,8.386,-0.0079999999999991,2.065999999999999,8.388,75.69999999999999,5.6775,0.0,1.0,1.0,0.0,0.0,1.0,1.0,1.0
2020-05-30 02:06:18,8.616,8.398,-0.009999999999998,2.065999999999999,8.398,75.6,5.664999999999999,0.0,1.0,1.0,0.0,0.0,1.0,1.0,1.0
2020-05-30 02:06:28,8.624,8.41,-0.0079999999999991,2.0700000000000003,8.41,75.675,5.5975,0.0,1.0,1.0,0.0,0.0,1.0,1.0,1.0
2020-05-30 02:06:38,5.656000000000001,8.418,-0.0079999999999991,1.1639999999999997,8.418,75.62500000000001,5.0375,0.0,1.0,0.0,0.0,0.0,1.0,1.0,1.0
2020-05-30 02:06:48,7.657999999999999,8.396,-0.009999999999998,1.7779999999999987,8.398,75.825,5.465,0.0,1.0,0.0,0.0,0.0,1.0,1.0,1.0
2020-05-30 02:06:58,8.508,8.38,-0.009999999999998,2.0279999999999987,8.38,76.05,5.734999999999999,0.0,1.0,0.0,0.0,0.0,1.0,1.0,1.0
2020-05-30 02:07:08,8.578,8.388,-0.0079999999999991,2.0540000000000003,8.39,76.025,5.709999999999999,0.0,1.0,0.0,0.0,0.0,1.0,1.0,1.0
2020-05-30 02:07:18,8.576,8.396,-0.0079999999999991,2.0540000000000003,8.396,75.825,5.734999999999999,0.0,1.0,0.0,0.0,0.0,1.0,1.0,1.0
2020-05-30 02:07:28,8.58,8.402,-0.009999999999998,2.058,8.404,75.825,5.752500000000001,0.0,1.0,0.0,0.0,0.0,1.0,1.0,1.0
2020-05-30 02:07:38,6.19,8.404,-0.0079999999999991,1.2859999999999996,8.406,75.825,5.164999999999999,0.0,1.0,1.0,0.0,0.0,1.0,1.0,1.0
2020-05-30 02:07:47,7.965999999999999,8.386,-0.009999999999998,1.8640000000000008,8.386,75.8,5.489999999999998,0.0,1.0,1.0,0.0,0.0,1.0,1.0,1.0
2020-05-30 02:07:57,8.6,8.378,-0.0079999999999991,2.058,8.378,75.95,5.602499999999999,0.0,1.0,1.0,0.0,0.0,1.0,1.0,1.0
2020-05-30 02:08:07,8.616,8.392,-0.0079999999999991,2.065999999999999,8.39,75.85,5.602499999999999,0.0,1.0,1.0,0.0,0.0,1.0,1.0,1.0
2020-05-30 02:08:17,8.622,8.406,-0.0079999999999991,2.068,8.404,75.69999999999999,5.5975,0.0,1.0,1.0,0.0,0.0,1.0,1.0,1.0
2020-05-30 02:08:27,8.628,8.414,-0.009999999999998,2.074,8.414,75.725,5.609999999999999,0.0,1.0,1.0,0.0,0.0,1.0,1.0,1.0
2020-05-30 02:08:37,5.714,8.42,-0.0079999999999991,1.1419999999999997,8.42,75.69999999999999,5.015000000000001,0.0,1.0,0.0,0.0,0.0,1.0,1.0,1.0
2020-05-30 02:08:47,7.776,8.4,-0.0079999999999991,1.8040000000000005,8.4,75.85,5.52,0.0,1.0,0.0,0.0,0.0,1.0,1.0,1.0
2020-05-30 02:08:57,8.54,8.386,-0.009999999999998,2.039999999999999,8.386,76.1,5.715,0.0,1.0,0.0,0.0,0.0,1.0,1.0,1.0
2020-05-30 02:09:07,8.576,8.392,-0.009999999999998,2.052,8.392,75.89999999999999,5.727500000000001,0.0,1.0,0.0,0.0,0.0,1.0,1.0,1.0
2020-05-30 02:09:17,8.58,8.4,-0.0079999999999991,2.0599999999999987,8.4,75.825,5.69,0.0,1.0,0.0,0.0,0.0,1.0,1.0,1.0
2020-05-30 02:09:27,8.584,8.406,-0.0079999999999991,2.0599999999999987,8.406,75.77499999999999,5.682499999999999,0.0,1.0,0.0,0.0,0.0,1.0,1.0,1.0
2020-05-30 02:09:37,6.167999999999999,8.408,-0.009999999999998,1.268000000000001,8.408,75.825,5.149999999999999,0.0,1.0,1.0,0.0,0.0,1.0,1.0,1.0
2020-05-30 02:09:47,8.05,8.386,-0.0079999999999991,1.894,8.388,75.825,5.4725,0.0,1.0,1.0,0.0,0.0,1.0,1.0,1.0
2020-05-30 02:09:56,8.606,8.382,-0.009999999999998,2.062000000000001,8.382,76.0,5.585000000000001,0.0,1.0,1.0,0.0,0.0,1.0,1.0,1.0
2020-05-30 02:10:06,8.62,8.394,-0.0079999999999991,2.068,8.396,75.875,5.592500000000001,0.0,1.0,1.0,0.0,0.0,1.0,1.0,1.0
2020-05-30 02:10:16,8.624,8.408,-0.009999999999998,2.074,8.408,75.725,5.5825,0.0,1.0,1.0,0.0,0.0,1.0,1.0,1.0
2020-05-30 02:10:26,8.632,8.418,-0.0079999999999991,2.074,8.418,75.8,5.625,0.0,1.0,1.0,0.0,0.0,1.0,1.0,1.0
2020-05-30 02:10:36,5.986000000000001,8.422,-0.0079999999999991,1.2620000000000005,8.424,75.8,5.077499999999999,0.0,1.0,0.0,0.0,0.0,1.0,1.0,1.0
2020-05-30 02:10:46,7.862,8.402,-0.009999999999998,1.838000000000001,8.402,75.975,5.5600000000000005,0.0,1.0,0.0,0.0,0.0,1.0,1.0,1.0
2020-05-30 02:10:56,8.55,8.386,-0.0079999999999991,2.0440000000000005,8.388,76.125,5.705,0.0,1.0,0.0,0.0,0.0,1.0,1.0,1.0
2020-05-30 02:11:06,8.58,8.394,-0.0079999999999991,2.056000000000001,8.394,75.925,5.6175,0.0,1.0,0.0,0.0,0.0,1.0,1.0,1.0
2020-05-30 02:11:16,8.582,8.402,-0.0079999999999991,2.058,8.402,75.875,5.602499999999999,0.0,1.0,0.0,0.0,0.0,1.0,1.0,1.0
2020-05-30 02:11:26,8.584,8.408,-0.009999999999998,2.0599999999999987,8.408,75.77499999999999,5.605,0.0,1.0,0.0,0.0,0.0,1.0,1.0,1.0
2020-05-30 02:11:36,6.502000000000001,8.406,-0.009999999999998,1.42,8.408,75.825,5.125,0.0,1.0,1.0,0.0,0.0,1.0,1.0,1.0
2020-05-30 02:11:45,8.082,8.39,-0.0079999999999991,1.9000000000000004,8.392,75.89999999999999,5.5025,0.0,1.0,1.0,0.0,0.0,1.0,1.0,1.0
2020-05-30 02:11:55,8.606,8.382,-0.0079999999999991,2.064,8.384,76.075,5.647500000000001,0.0,1.0,1.0,0.0,0.0,1.0,1.0,1.0
2020-05-30 02:12:05,8.618,8.396,-0.0079999999999991,2.065999999999999,8.398,76.0,5.674999999999999,0.0,1.0,1.0,0.0,0.0,1.0,1.0,1.0
2020-05-30 02:12:15,8.628,8.406,-0.009999999999998,2.071999999999999,8.408,75.875,5.700000000000001,0.0,1.0,1.0,0.0,0.0,1.0,1.0,1.0
2020-05-30 02:12:25,8.632,8.416,-0.009999999999998,2.0760000000000005,8.418,75.875,5.6875,0.0,1.0,1.0,0.0,0.0,1.0,1.0,1.0
2020-05-30 02:12:35,6.298,8.418,-0.0079999999999991,1.378,8.42,75.89999999999999,5.26,0.0,1.0,0.0,0.0,0.0,1.0,1.0,1.0
2020-05-30 02:12:45,7.891999999999999,8.4,-0.0079999999999991,1.846,8.402,76.025,5.57,0.0,1.0,0.0,0.0,0.0,1.0,1.0,1.0
2020-05-30 02:12:55,8.554,8.386,-0.0079999999999991,2.0440000000000005,8.388,76.075,5.642499999999998,0.0,1.0,0.0,0.0,0.0,1.0,1.0,1.0
2020-05-30 02:13:05,8.574,8.394,-0.009999999999998,2.052,8.394,76.1,5.575000000000001,0.0,1.0,0.0,0.0,0.0,1.0,1.0,1.0
2020-05-30 02:13:15,8.578,8.4,-0.0079999999999991,2.0599999999999987,8.402,75.875,5.654999999999999,0.0,1.0,0.0,0.0,0.0,1.0,1.0,1.0
2020-05-30 02:13:25,8.582,8.406,-0.009999999999998,2.058,8.406,75.8,5.6775,0.0,1.0,0.0,0.0,0.0,1.0,1.0,1.0
2020-05-30 02:13:34,6.757999999999999,8.404,-0.0079999999999991,1.5120000000000005,8.408,75.89999999999999,5.322499999999998,0.0,1.0,1.0,0.0,0.0,1.0,1.0,1.0
2020-05-30 02:13:44,8.176,8.388,-0.009999999999998,1.9320000000000004,8.386,75.975,5.6525,0.0,1.0,1.0,0.0,0.0,1.0,1.0,1.0
2020-05-30 02:13:54,8.61,8.384,-0.009999999999998,2.064,8.386,75.95,5.752500000000001,0.0,1.0,1.0,0.0,0.0,1.0,1.0,1.0
2020-05-30 02:14:04,8.62,8.398,-0.009999999999998,2.0700000000000003,8.398,75.825,5.752500000000001,0.0,1.0,1.0,0.0,0.0,1.0,1.0,1.0
2020-05-30 02:14:14,8.624,8.41,-0.009999999999998,2.071999999999999,8.41,75.77499999999999,5.692500000000001,0.0,1.0,1.0,0.0,0.0,1.0,1.0,1.0
2020-05-30 02:14:24,8.63,8.418,-0.009999999999998,2.0760000000000005,8.42,75.825,5.702499999999999,0.0,1.0,1.0,0.0,0.0,1.0,1.0,1.0
2020-05-30 02:14:34,6.362,8.416,-0.009999999999998,1.388,8.42,75.89999999999999,5.220000000000001,0.0,1.0,0.0,0.0,0.0,1.0,1.0,1.0
2020-05-30 02:14:44,8.004,8.398,-0.0079999999999991,1.878,8.4,76.125,5.489999999999998,0.0,1.0,0.0,0.0,0.0,1.0,1.0,1.0
2020-05-30 02:14:54,8.566,8.386,-0.0079999999999991,2.052,8.39,76.2,5.57,0.0,1.0,0.0,0.0,0.0,1.0,1.0,1.0
2020-05-30 02:15:04,8.578,8.396,-0.0079999999999991,2.058,8.396,76.125,5.602499999999999,0.0,1.0,0.0,0.0,0.0,1.0,1.0,1.0
2020-05-30 02:15:14,8.58,8.4,-0.009999999999998,2.058,8.402,75.875,5.682499999999999,0.0,1.0,0.0,0.0,0.0,1.0,1.0,1.0
2020-05-30 02:15:24,8.586,8.408,-0.0079999999999991,2.0599999999999987,8.41,75.8,5.74,0.0,1.0,0.0,0.0,0.0,1.0,1.0,1.0
2020-05-30 02:15:33,6.82,8.402,-0.0079999999999991,1.5199999999999996,8.404,75.825,5.35,0.0,1.0,1.0,0.0,0.0,1.0,1.0,1.0
2020-05-30 02:15:43,8.198,8.386,-0.0079999999999991,1.9379999999999988,8.388,75.925,5.6175,0.0,1.0,1.0,0.0,0.0,1.0,1.0,1.0
2020-05-30 02:15:53,8.614,8.384,-0.0079999999999991,2.064,8.386,76.175,5.6775,0.0,1.0,1.0,0.0,0.0,1.0,1.0,1.0
2020-05-30 02:16:03,8.62,8.396,-0.009999999999998,2.068,8.398,75.89999999999999,5.692500000000001,0.0,1.0,1.0,0.0,0.0,1.0,1.0,1.0
2020-05-30 02:16:13,8.626,8.408,-0.009999999999998,2.074,8.41,75.8,5.734999999999999,0.0,1.0,1.0,0.0,0.0,1.0,1.0,1.0
2020-05-30 02:16:23,8.632,8.42,-0.0079999999999991,2.074,8.42,75.85,5.715,0.0,1.0,1.0,0.0,0.0,1.0,1.0,1.0
2020-05-30 02:16:33,6.6,8.416,-0.009999999999998,1.4580000000000002,8.416,75.89999999999999,5.217499999999999,0.0,1.0,0.0,0.0,0.0,1.0,1.0,1.0
2020-05-30 02:16:43,8.012,8.396,-0.0079999999999991,1.878,8.398,76.075,5.515000000000001,0.0,1.0,0.0,0.0,0.0,1.0,1.0,1.0
2020-05-30 02:16:53,8.564,8.386,-0.0079999999999991,2.0500000000000007,8.388,76.2,5.577500000000001,0.0,1.0,0.0,0.0,0.0,1.0,1.0,1.0
2020-05-30 02:17:03,8.576,8.394,-0.0079999999999991,2.058,8.398,76.075,5.57,0.0,1.0,0.0,0.0,0.0,1.0,1.0,1.0
2020-05-30 02:17:13,8.578,8.4,-0.009999999999998,2.058,8.402,75.85,5.664999999999999,0.0,1.0,0.0,0.0,0.0,1.0,1.0,1.0
2020-05-30 02:17:22,8.584,8.408,-0.009999999999998,2.0599999999999987,8.41,75.89999999999999,5.772500000000001,0.0,1.0,0.0,0.0,0.0,1.0,1.0,1.0
2020-05-30 02:17:32,7.01,8.402,-0.0079999999999991,1.5820000000000007,8.404,75.89999999999999,5.309999999999999,0.0,1.0,1.0,0.0,0.0,1.0,1.0,1.0
2020-05-30 02:17:42,8.292,8.382,-0.009999999999998,1.9640000000000004,8.386,76.1,5.542499999999999,0.0,1.0,1.0,0.0,0.0,1.0,1.0,1.0
2020-05-30 02:17:52,8.616,8.386,-0.0079999999999991,2.071999999999999,8.386,76.0,5.615000000000002,0.0,1.0,1.0,0.0,0.0,1.0,1.0,1.0
2020-05-30 02:18:02,8.62,8.396,-0.009999999999998,2.064,8.398,75.925,5.642499999999998,0.0,1.0,1.0,0.0,0.0,1.0,1.0,1.0
2020-05-30 02:18:12,8.624,8.408,-0.009999999999998,2.0700000000000003,8.41,75.875,5.5725,0.0,1.0,1.0,0.0,0.0,1.0,1.0,1.0
2020-05-30 02:18:22,8.632,8.418,-0.009999999999998,2.074,8.42,75.89999999999999,5.634999999999998,0.0,1.0,1.0,0.0,0.0,1.0,1.0,1.0
2020-05-30 02:18:32,6.694000000000001,8.414,-0.009999999999998,1.4800000000000004,8.416,75.89999999999999,5.177499999999998,0.0,1.0,0.0,0.0,0.0,1.0,1.0,1.0
2020-05-30 02:18:42,8.13,8.392,-0.009999999999998,1.911999999999999,8.396,76.25,5.504999999999999,0.0,1.0,0.0,0.0,0.0,1.0,1.0,1.0
2020-05-30 02:18:52,8.564,8.384,-0.009999999999998,2.052,8.386,76.1,5.595000000000001,0.0,1.0,0.0,0.0,0.0,1.0,1.0,1.0
2020-05-30 02:19:02,8.572,8.39,-0.009999999999998,2.0540000000000003,8.394,76.1,5.600000000000001,0.0,1.0,0.0,0.0,0.0,1.0,1.0,1.0
2020-05-30 02:19:12,8.578,8.398,-0.009999999999998,2.056000000000001,8.402,75.75,5.7125,0.0,1.0,0.0,0.0,0.0,1.0,1.0,1.0
2020-05-30 02:19:21,8.586,8.406,-0.009999999999998,2.0599999999999987,8.406,75.8,5.725,0.0,1.0,0.0,0.0,0.0,1.0,1.0,1.0
2020-05-30 02:19:31,7.054,8.398,-0.009999999999998,1.597999999999999,8.4,75.925,5.335000000000001,0.0,1.0,1.0,0.0,0.0,1.0,1.0,1.0
2020-05-30 02:19:41,8.374,8.378,-0.009999999999998,1.99,8.38,76.125,5.5625,0.0,1.0,1.0,0.0,0.0,1.0,1.0,1.0
2020-05-30 02:19:51,8.612,8.382,-0.009999999999998,2.065999999999999,8.384,76.125,5.5625,0.0,1.0,1.0,0.0,0.0,1.0,1.0,1.0
2020-05-30 02:20:01,8.616,8.394,-0.009999999999998,2.0700000000000003,8.396,76.025,5.5875,0.0,1.0,1.0,0.0,0.0,1.0,1.0,1.0
2020-05-30 02:20:11,8.624,8.408,-0.009999999999998,2.071999999999999,8.408,75.875,5.627500000000001,0.0,1.0,1.0,0.0,0.0,1.0,1.0,1.0
2020-05-30 02:20:21,8.634,8.42,-0.009999999999998,2.0779999999999994,8.42,75.925,5.592500000000001,0.0,1.0,1.0,0.0,0.0,1.0,1.0,1.0
2020-05-30 02:20:31,6.892,8.41,-0.009999999999998,1.5440000000000005,8.412,75.89999999999999,5.209999999999999,0.0,1.0,0.0,0.0,0.0,1.0,1.0,1.0
2020-05-30 02:20:41,8.144,8.392,-0.009999999999998,1.918,8.392,76.125,5.469999999999999,0.0,1.0,0.0,0.0,0.0,1.0,1.0,1.0
2020-05-30 02:20:51,8.568,8.384,-0.009999999999998,2.052,8.386,76.175,5.59,0.0,1.0,0.0,0.0,0.0,1.0,1.0,1.0
2020-05-30 02:21:01,8.576,8.392,-0.0079999999999991,2.058,8.396,76.1,5.634999999999998,0.0,1.0,0.0,0.0,0.0,1.0,1.0,1.0
2020-05-30 02:21:11,8.576,8.398,-0.0079999999999991,2.058,8.4,75.85,5.642499999999998,0.0,1.0,0.0,0.0,0.0,1.0,1.0,1.0
2020-05-30 02:21:20,8.582,8.406,-0.0079999999999991,2.062000000000001,8.408,75.89999999999999,5.7125,0.0,1.0,0.0,0.0,0.0,1.0,1.0,1.0
2020-05-30 02:21:30,7.256,8.396,-0.009999999999998,1.638,8.398,75.825,5.4175,0.0,1.0,1.0,0.0,0.0,1.0,1.0,1.0
2020-05-30 02:21:40,8.406,8.378,-0.0079999999999991,2.001999999999999,8.38,76.025,5.575000000000001,0.0,1.0,1.0,0.0,0.0,1.0,1.0,1.0
2020-05-30 02:21:50,8.614,8.382,-0.009999999999998,2.068,8.384,76.0,5.577500000000001,0.0,1.0,1.0,0.0,0.0,1.0,1.0,1.0
2020-05-30 02:22:00,8.62,8.396,-0.009999999999998,2.065999999999999,8.398,75.89999999999999,5.600000000000001,0.0,1.0,1.0,0.0,0.0,1.0,1.0,1.0
2020-05-30 02:22:10,8.624,8.408,-0.009999999999998,2.074,8.41,75.925,5.674999999999999,0.0,1.0,1.0,0.0,0.0,1.0,1.0,1.0
2020-05-30 02:22:20,8.634,8.418,-0.009999999999998,2.0760000000000005,8.42,75.825,5.627500000000001,0.0,1.0,1.0,0.0,0.0,1.0,1.0,1.0
2020-05-30 02:22:30,6.94,8.408,-0.009999999999998,1.5540000000000005,8.41,76.0,5.34,0.0,1.0,0.0,0.0,0.0,1.0,1.0,1.0
2020-05-30 02:22:40,8.242,8.388,-0.0079999999999991,1.952,8.39,76.175,5.6875,0.0,1.0,0.0,0.0,0.0,1.0,1.0,1.0
2020-05-30 02:22:50,8.57,8.384,-0.0079999999999991,2.056000000000001,8.386,76.075,5.709999999999999,0.0,1.0,0.0,0.0,0.0,1.0,1.0,1.0
2020-05-30 02:23:00,8.576,8.392,-0.009999999999998,2.058,8.394,75.925,5.737500000000001,0.0,1.0,0.0,0.0,0.0,1.0,1.0,1.0
2020-05-30 02:23:09,8.576,8.398,-0.009999999999998,2.0540000000000003,8.4,75.825,5.73,0.0,1.0,0.0,0.0,0.0,1.0,1.0,1.0
2020-05-30 02:23:19,8.58,8.404,-0.009999999999998,2.058,8.406,75.825,5.6850000000000005,0.0,1.0,0.0,0.0,0.0,1.0,1.0,1.0
2020-05-30 02:23:29,7.342,8.394,-0.009999999999998,1.6820000000000004,8.394,75.875,5.380000000000001,0.0,1.0,1.0,0.0,0.0,1.0,1.0,1.0
2020-05-30 02:23:39,8.438,8.376,-0.0079999999999991,2.0120000000000005,8.378,76.0,5.532500000000001,0.0,1.0,1.0,0.0,0.0,1.0,1.0,1.0
2020-05-30 02:23:49,8.61,8.382,-0.009999999999998,2.064,8.384,76.0,5.625,0.0,1.0,1.0,0.0,0.0,1.0,1.0,1.0
2020-05-30 02:23:59,8.616,8.396,-0.0079999999999991,2.0700000000000003,8.398,75.89999999999999,5.73,0.0,1.0,1.0,0.0,0.0,1.0,1.0,1.0
2020-05-30 02:24:09,8.622,8.406,-0.009999999999998,2.0700000000000003,8.41,75.89999999999999,5.73,0.0,1.0,1.0,0.0,0.0,1.0,1.0,1.0
2020-05-30 02:24:19,8.628,8.416,-0.009999999999998,2.074,8.418,76.0,5.672499999999999,0.0,1.0,1.0,0.0,0.0,1.0,1.0,1.0
2020-05-30 02:24:29,7.029999999999999,8.406,-0.009999999999998,1.5779999999999994,8.406,76.075,5.287500000000001,0.0,1.0,0.0,0.0,0.0,1.0,1.0,1.0
2020-05-30 02:24:39,8.282,8.386,-0.0079999999999991,1.966000000000001,8.388,76.2,5.4925,0.0,1.0,0.0,0.0,0.0,1.0,1.0,1.0
2020-05-30 02:24:49,8.568,8.38,-0.009999999999998,2.0500000000000007,8.384,76.22500000000001,5.57,0.0,1.0,0.0,0.0,0.0,1.0,1.0,1.0
2020-05-30 02:24:58,8.572,8.39,-0.0079999999999991,2.0540000000000003,8.392,76.025,5.6175,0.0,1.0,0.0,0.0,0.0,1.0,1.0,1.0
2020-05-30 02:25:08,8.574,8.396,-0.009999999999998,2.058,8.398,76.0,5.674999999999999,0.0,1.0,0.0,0.0,0.0,1.0,1.0,1.0
2020-05-30 02:25:18,8.578,8.402,-0.009999999999998,2.0599999999999987,8.404,76.0,5.664999999999999,0.0,1.0,0.0,0.0,0.0,1.0,1.0,1.0
2020-05-30 02:25:28,7.42,8.392,-0.0079999999999991,1.7059999999999995,8.392,76.175,5.469999999999999,0.0,1.0,1.0,0.0,0.0,1.0,1.0,1.0
2020-05-30 02:25:38,8.482,8.372,-0.0079999999999991,2.024000000000001,8.376,76.2,5.702499999999999,0.0,1.0,1.0,0.0,0.0,1.0,1.0,1.0
2020-05-30 02:25:48,8.612,8.382,-0.0079999999999991,2.068,8.384,76.125,5.67,0.0,1.0,1.0,0.0,0.0,1.0,1.0,1.0
2020-05-30 02:25:58,8.616,8.396,-0.0079999999999991,2.068,8.396,76.0,5.585000000000001,0.0,1.0,1.0,0.0,0.0,1.0,1.0,1.0
2020-05-30 02:26:08,8.62,8.404,-0.0079999999999991,2.071999999999999,8.406,76.025,5.595000000000001,0.0,1.0,1.0,0.0,0.0,1.0,1.0,1.0
2020-05-30 02:26:18,8.63,8.416,-0.0079999999999991,2.08,8.418,76.1,5.7225,0.0,1.0,1.0,0.0,0.0,1.0,1.0,1.0
2020-05-30 02:26:28,7.236000000000001,8.402,-0.0079999999999991,1.6419999999999997,8.402,76.2,5.442499999999999,0.0,1.0,0.0,0.0,0.0,1.0,1.0,1.0
2020-05-30 02:26:38,8.302,8.384,-0.0079999999999991,1.968,8.384,76.25,5.657499999999999,0.0,1.0,0.0,0.0,0.0,1.0,1.0,1.0
2020-05-30 02:26:48,8.57,8.38,-0.0079999999999991,2.0500000000000007,8.382,76.325,5.68,0.0,1.0,0.0,0.0,0.0,1.0,1.0,1.0
2020-05-30 02:26:57,8.57,8.388,-0.0079999999999991,2.0540000000000003,8.392,76.1,5.602499999999999,0.0,1.0,0.0,0.0,0.0,1.0,1.0,1.0
2020-05-30 02:27:07,8.574,8.396,-0.0079999999999991,2.058,8.398,76.05,5.585000000000001,0.0,1.0,0.0,0.0,0.0,1.0,1.0,1.0
2020-05-30 02:27:17,8.578,8.402,-0.0079999999999991,2.058,8.404,75.975,5.5875,0.0,1.0,0.0,0.0,0.0,1.0,1.0,1.0
2020-05-30 02:27:27,7.468,8.39,-0.0079999999999991,1.7140000000000004,8.394,76.0,5.329999999999998,0.0,1.0,1.0,0.0,0.0,1.0,1.0,1.0
2020-05-30 02:27:37,8.546,8.372,-0.0079999999999991,2.048,8.374,76.125,5.6525,0.0,1.0,1.0,0.0,0.0,1.0,1.0,1.0
2020-05-30 02:27:47,8.612,8.384,-0.0079999999999991,2.068,8.386,76.1,5.657499999999999,0.0,1.0,1.0,0.0,0.0,1.0,1.0,1.0
2020-05-30 02:27:57,8.616,8.394,-0.0079999999999991,2.074,8.396,76.0,5.7475000000000005,0.0,1.0,1.0,0.0,0.0,1.0,1.0,1.0
2020-05-30 02:28:07,8.622,8.406,-0.0079999999999991,2.074,8.406,76.0,5.700000000000001,0.0,1.0,1.0,0.0,0.0,1.0,1.0,1.0
2020-05-30 02:28:17,8.632,8.416,-0.0079999999999991,2.0760000000000005,8.416,76.125,5.605,0.0,1.0,1.0,0.0,0.0,1.0,1.0,1.0
2020-05-30 02:28:27,7.326,8.398,-0.009999999999998,1.6760000000000002,8.4,76.05,5.329999999999998,0.0,1.0,0.0,0.0,0.0,1.0,1.0,1.0
2020-05-30 02:28:37,8.34,8.38,-0.009999999999998,1.9800000000000004,8.382,76.1,5.602499999999999,0.0,1.0,0.0,0.0,0.0,1.0,1.0,1.0
2020-05-30 02:28:46,8.568,8.382,-0.0079999999999991,2.0540000000000003,8.382,76.2,5.717499999999999,0.0,1.0,0.0,0.0,0.0,1.0,1.0,1.0
2020-05-30 02:28:56,8.57,8.39,-0.0079999999999991,2.0540000000000003,8.392,76.05,5.765000000000001,0.0,1.0,0.0,0.0,0.0,1.0,1.0,1.0
2020-05-30 02:29:06,8.572,8.394,-0.0079999999999991,2.0540000000000003,8.396,76.025,5.737500000000001,0.0,1.0,0.0,0.0,0.0,1.0,1.0,1.0
2020-05-30 02:29:16,8.578,8.402,-0.0079999999999991,2.0599999999999987,8.402,76.0,5.760000000000002,0.0,1.0,0.0,0.0,0.0,1.0,1.0,1.0
2020-05-30 02:29:26,7.664,8.388,-0.0079999999999991,1.7800000000000011,8.388,76.1,5.43,0.0,1.0,1.0,0.0,0.0,1.0,1.0,1.0
2020-05-30 02:29:36,8.558,8.37,-0.0079999999999991,2.048,8.372,76.25,5.620000000000001,0.0,1.0,1.0,0.0,0.0,1.0,1.0,1.0
2020-05-30 02:29:46,8.61,8.382,-0.0079999999999991,2.064,8.382,76.2,5.607500000000002,0.0,1.0,1.0,0.0,0.0,1.0,1.0,1.0
2020-05-30 02:29:56,8.614,8.394,-0.009999999999998,2.068,8.398,76.05,5.592500000000001,0.0,1.0,1.0,0.0,0.0,1.0,1.0,1.0
2020-05-30 02:30:06,8.62,8.408,-0.0060000000000002,2.071999999999999,8.408,76.0,5.6325,0.0,1.0,1.0,0.0,0.0,1.0,1.0,1.0
2020-05-30 02:30:16,8.63,8.416,-0.0079999999999991,2.0760000000000005,8.418,76.0,5.74,0.0,1.0,1.0,0.0,0.0,1.0,1.0,1.0
2020-05-30 02:30:26,7.366,8.398,-0.0079999999999991,1.6920000000000002,8.4,76.125,5.465,0.0,1.0,0.0,0.0,0.0,1.0,1.0,1.0
2020-05-30 02:30:35,8.424,8.378,-0.0079999999999991,2.006,8.382,76.29999999999998,5.627500000000001,0.0,1.0,0.0,0.0,0.0,1.0,1.0,1.0
2020-05-30 02:30:45,8.564,8.38,-0.009999999999998,2.052,8.382,76.4,5.6325,0.0,1.0,0.0,0.0,0.0,1.0,1.0,1.0
2020-05-30 02:30:55,8.568,8.386,-0.009999999999998,2.058,8.388,76.1,5.640000000000001,0.0,1.0,0.0,0.0,0.0,1.0,1.0,1.0
2020-05-30 02:31:05,8.576,8.394,-0.0060000000000002,2.058,8.396,76.125,5.602499999999999,0.0,1.0,0.0,0.0,0.0,1.0,1.0,1.0
2020-05-30 02:31:15,8.58,8.398,-0.009999999999998,2.0599999999999987,8.402,76.025,5.585000000000001,0.0,1.0,0.0,0.0,0.0,1.0,1.0,1.0
2020-05-30 02:31:25,7.702,8.382,-0.0079999999999991,1.7919999999999998,8.386,76.075,5.387500000000001,0.0,1.0,1.0,0.0,0.0,1.0,1.0,1.0
2020-05-30 02:31:35,8.566,8.368,-0.0079999999999991,2.052,8.37,76.2,5.620000000000001,0.0,1.0,1.0,0.0,0.0,1.0,1.0,1.0
2020-05-30 02:31:45,8.612,8.38,-0.0079999999999991,2.068,8.384,76.1,5.6975,0.0,1.0,1.0,0.0,0.0,1.0,1.0,1.0
2020-05-30 02:31:55,8.612,8.394,-0.0079999999999991,2.068,8.396,76.075,5.720000000000001,0.0,1.0,1.0,0.0,0.0,1.0,1.0,1.0
2020-05-30 02:32:05,8.618,8.404,-0.0079999999999991,2.071999999999999,8.404,75.95,5.762499999999999,0.0,1.0,1.0,0.0,0.0,1.0,1.0,1.0
2020-05-30 02:32:15,8.63,8.414,-0.0079999999999991,2.0760000000000005,8.416,76.075,5.7425,0.0,1.0,1.0,0.0,0.0,1.0,1.0,1.0
2020-05-30 02:32:24,7.529999999999999,8.394,-0.0079999999999991,1.731999999999999,8.398,76.15,5.3675,0.0,1.0,0.0,0.0,0.0,1.0,1.0,1.0
2020-05-30 02:32:34,8.432,8.376,-0.009999999999998,2.007999999999999,8.378,76.275,5.535,0.0,1.0,0.0,0.0,0.0,1.0,1.0,1.0
2020-05-30 02:32:44,8.56,8.378,-0.0079999999999991,2.048,8.382,76.15,5.607500000000002,0.0,1.0,0.0,0.0,0.0,1.0,1.0,1.0
2020-05-30 02:32:54,8.568,8.386,-0.009999999999998,2.056000000000001,8.388,76.075,5.6875,0.0,1.0,0.0,0.0,0.0,1.0,1.0,1.0
2020-05-30 02:33:04,8.574,8.392,-0.009999999999998,2.056000000000001,8.394,75.925,5.6875,0.0,1.0,0.0,0.0,0.0,1.0,1.0,1.0
2020-05-30 02:33:14,8.578,8.398,-0.009999999999998,2.058,8.4,76.025,5.6850000000000005,0.0,1.0,0.0,0.0,0.0,1.0,1.0,1.0
2020-05-30 02:33:24,7.84,8.38,-0.0079999999999991,1.83,8.382,76.1,5.612500000000001,0.0,1.0,1.0,0.0,0.0,1.0,1.0,1.0
2020-05-30 02:33:34,8.58,8.368,-0.0079999999999991,2.0540000000000003,8.37,76.29999999999998,5.715,0.0,1.0,1.0,0.0,0.0,1.0,1.0,1.0
2020-05-30 02:33:44,8.61,8.382,-0.0079999999999991,2.065999999999999,8.382,76.2,5.73,0.0,1.0,1.0,0.0,0.0,1.0,1.0,1.0
2020-05-30 02:33:54,8.614,8.394,-0.009999999999998,2.068,8.396,76.15,5.7225,0.0,1.0,1.0,0.0,0.0,1.0,1.0,1.0
2020-05-30 02:34:04,8.62,8.406,-0.0079999999999991,2.0700000000000003,8.406,76.0,5.68,0.0,1.0,1.0,0.0,0.0,1.0,1.0,1.0
2020-05-30 02:34:13,8.632,8.412,-0.0079999999999991,2.0760000000000005,8.418,76.0,5.682499999999999,0.0,1.0,0.0,0.0,0.0,1.0,1.0,1.0
2020-05-30 02:34:23,7.545999999999999,8.392,-0.0079999999999991,1.734,8.396,76.05,5.365,0.0,1.0,0.0,0.0,0.0,1.0,1.0,1.0
2020-05-30 02:34:33,8.504,8.374,-0.009999999999998,2.030000000000001,8.376,76.22500000000001,5.5825,0.0,1.0,0.0,0.0,0.0,1.0,1.0,1.0
2020-05-30 02:34:43,8.568,8.38,-0.009999999999998,2.056000000000001,8.38,76.2,5.715,0.0,1.0,0.0,0.0,0.0,1.0,1.0,1.0
2020-05-30 02:34:53,8.566,8.384,-0.009999999999998,2.052,8.388,76.05,5.727500000000001,0.0,1.0,0.0,0.0,0.0,1.0,1.0,1.0
2020-05-30 02:35:03,8.572,8.394,-0.0079999999999991,2.056000000000001,8.394,76.075,5.7425,0.0,1.0,0.0,0.0,0.0,1.0,1.0,1.0
2020-05-30 02:35:13,6.082000000000001,8.398,-0.009999999999998,1.3079999999999998,8.4,76.025,5.237499999999999,0.0,1.0,1.0,0.0,0.0,1.0,1.0,1.0
2020-05-30 02:35:23,7.858,8.378,-0.0079999999999991,1.838000000000001,8.382,76.1,5.495000000000001,0.0,1.0,1.0,0.0,0.0,1.0,1.0,1.0
2020-05-30 02:35:33,8.578,8.368,-0.009999999999998,2.0540000000000003,8.37,76.2,5.647500000000001,0.0,1.0,1.0,0.0,0.0,1.0,1.0,1.0
2020-05-30 02:35:43,8.604,8.38,-0.0079999999999991,2.062000000000001,8.384,76.0,5.615000000000002,0.0,1.0,1.0,0.0,0.0,1.0,1.0,1.0
2020-05-30 02:35:53,8.616,8.392,-0.0079999999999991,2.0700000000000003,8.394,75.925,5.585000000000001,0.0,1.0,1.0,0.0,0.0,1.0,1.0,1.0
2020-05-30 02:36:02,8.622,8.402,-0.009999999999998,2.0700000000000003,8.404,75.89999999999999,5.595000000000001,0.0,1.0,1.0,0.0,0.0,1.0,1.0,1.0
2020-05-30 02:36:12,5.720000000000001,8.408,-0.0079999999999991,1.154,8.41,76.075,5.004999999999999,0.0,1.0,0.0,0.0,0.0,1.0,1.0,1.0
2020-05-30 02:36:22,7.667999999999999,8.39,-0.0079999999999991,1.774000000000001,8.39,76.2,5.404999999999999,0.0,1.0,0.0,0.0,0.0,1.0,1.0,1.0
2020-05-30 02:36:32,8.504,8.37,-0.0079999999999991,2.0279999999999987,8.372,76.2,5.640000000000001,0.0,1.0,0.0,0.0,0.0,1.0,1.0,1.0
2020-05-30 02:36:42,8.564,8.378,-0.009999999999998,2.0500000000000007,8.38,76.2,5.7125,0.0,1.0,0.0,0.0,0.0,1.0,1.0,1.0
2020-05-30 02:36:52,8.566,8.386,-0.0079999999999991,2.0540000000000003,8.386,76.05,5.654999999999999,0.0,1.0,0.0,0.0,0.0,1.0,1.0,1.0
2020-05-30 02:37:02,8.572,8.392,-0.009999999999998,2.056000000000001,8.394,75.925,5.58,0.0,1.0,0.0,0.0,0.0,1.0,1.0,1.0
2020-05-30 02:37:12,5.997999999999999,8.396,-0.009999999999998,1.2759999999999998,8.398,75.89999999999999,5.075000000000001,0.0,1.0,1.0,0.0,0.0,1.0,1.0,1.0
2020-05-30 02:37:22,7.976000000000001,8.376,-0.009999999999998,1.872,8.378,76.1,5.477499999999999,0.0,1.0,1.0,0.0,0.0,1.0,1.0,1.0
2020-05-30 02:37:32,8.59,8.368,-0.009999999999998,2.058,8.368,76.1,5.600000000000001,0.0,1.0,1.0,0.0,0.0,1.0,1.0,1.0
2020-05-30 02:37:42,8.608,8.38,-0.009999999999998,2.064,8.382,76.125,5.645,0.0,1.0,1.0,0.0,0.0,1.0,1.0,1.0
2020-05-30 02:37:51,8.612,8.394,-0.0079999999999991,2.065999999999999,8.396,76.0,5.682499999999999,0.0,1.0,1.0,0.0,0.0,1.0,1.0,1.0
2020-05-30 02:38:01,8.622,8.404,-0.009999999999998,2.071999999999999,8.404,75.975,5.694999999999999,0.0,1.0,1.0,0.0,0.0,1.0,1.0,1.0
2020-05-30 02:38:11,5.76,8.408,-0.0079999999999991,1.1580000000000013,8.41,76.075,5.1175,0.0,1.0,0.0,0.0,0.0,1.0,1.0,1.0
2020-05-30 02:38:21,7.699999999999999,8.39,-0.0079999999999991,1.7859999999999996,8.39,76.125,5.525,0.0,1.0,0.0,0.0,0.0,1.0,1.0,1.0
2020-05-30 02:38:31,8.532,8.37,-0.009999999999998,2.039999999999999,8.372,76.25,5.715,0.0,1.0,0.0,0.0,0.0,1.0,1.0,1.0
2020-05-30 02:38:41,8.568,8.378,-0.009999999999998,2.052,8.38,76.2,5.647500000000001,0.0,1.0,0.0,0.0,0.0,1.0,1.0,1.0
2020-05-30 02:38:51,8.566,8.386,-0.0079999999999991,2.056000000000001,8.388,76.075,5.57,0.0,1.0,0.0,0.0,0.0,1.0,1.0,1.0
2020-05-30 02:39:01,8.57,8.392,-0.0079999999999991,2.056000000000001,8.396,76.025,5.66,0.0,1.0,0.0,0.0,0.0,1.0,1.0,1.0
2020-05-30 02:39:11,6.314,8.394,-0.009999999999998,1.3419999999999987,8.396,76.025,5.2575,0.0,1.0,1.0,0.0,0.0,1.0,1.0,1.0
2020-05-30 02:39:21,7.994,8.376,-0.0079999999999991,1.878,8.378,76.1,5.602499999999999,0.0,1.0,1.0,0.0,0.0,1.0,1.0,1.0
2020-05-30 02:39:31,8.59,8.366,-0.009999999999998,2.058,8.37,76.25,5.727500000000001,0.0,1.0,1.0,0.0,0.0,1.0,1.0,1.0
2020-05-30 02:39:40,8.61,8.382,-0.009999999999998,2.064,8.384,76.2,5.6675,0.0,1.0,1.0,0.0,0.0,1.0,1.0,1.0
2020-05-30 02:39:50,8.612,8.394,-0.0079999999999991,2.065999999999999,8.396,76.1,5.6675,0.0,1.0,1.0,0.0,0.0,1.0,1.0,1.0
2020-05-30 02:40:00,8.622,8.404,-0.009999999999998,2.074,8.408,76.05,5.6625,0.0,1.0,1.0,0.0,0.0,1.0,1.0,1.0
2020-05-30 02:40:10,6.164,8.406,-0.009999999999998,1.33,8.406,76.0,5.095000000000001,0.0,1.0,0.0,0.0,0.0,1.0,1.0,1.0
2020-05-30 02:40:20,7.836,8.388,-0.009999999999998,1.83,8.388,76.15,5.415000000000001,0.0,1.0,0.0,0.0,0.0,1.0,1.0,1.0
2020-05-30 02:40:30,8.538,8.372,-0.0079999999999991,2.039999999999999,8.374,76.275,5.567500000000001,0.0,1.0,0.0,0.0,0.0,1.0,1.0,1.0
2020-05-30 02:40:40,8.568,8.38,-0.0079999999999991,2.056000000000001,8.38,76.175,5.605,0.0,1.0,0.0,0.0,0.0,1.0,1.0,1.0
2020-05-30 02:40:50,8.566,8.386,-0.009999999999998,2.056000000000001,8.388,76.1,5.5825,0.0,1.0,0.0,0.0,0.0,1.0,1.0,1.0
2020-05-30 02:41:00,8.572,8.392,-0.0079999999999991,2.058,8.396,76.025,5.600000000000001,0.0,1.0,0.0,0.0,0.0,1.0,1.0,1.0
2020-05-30 02:41:10,6.362,8.394,-0.0079999999999991,1.378,8.396,76.0,5.220000000000001,0.0,1.0,1.0,0.0,0.0,1.0,1.0,1.0
2020-05-30 02:41:20,8.108,8.374,-0.0079999999999991,1.91,8.378,76.22500000000001,5.612500000000001,0.0,1.0,1.0,0.0,0.0,1.0,1.0,1.0
2020-05-30 02:41:29,8.598,8.368,-0.0079999999999991,2.062000000000001,8.372,76.29999999999998,5.645,0.0,1.0,1.0,0.0,0.0,1.0,1.0,1.0
2020-05-30 02:41:39,8.612,8.382,-0.0079999999999991,2.071999999999999,8.386,76.1,5.567500000000001,0.0,1.0,1.0,0.0,0.0,1.0,1.0,1.0
2020-05-30 02:41:49,8.614,8.394,-0.0079999999999991,2.068,8.396,76.025,5.5875,0.0,1.0,1.0,0.0,0.0,1.0,1.0,1.0
2020-05-30 02:41:59,8.622,8.404,-0.0079999999999991,2.071999999999999,8.408,76.0,5.595000000000001,0.0,1.0,1.0,0.0,0.0,1.0,1.0,1.0
2020-05-30 02:42:09,6.222,8.406,-0.0079999999999991,1.338000000000001,8.408,76.025,5.109999999999999,0.0,1.0,0.0,0.0,0.0,1.0,1.0,1.0
2020-05-30 02:42:19,7.852,8.386,-0.0079999999999991,1.834,8.388,76.22500000000001,5.4,0.0,1.0,0.0,0.0,0.0,1.0,1.0,1.0
2020-05-30 02:42:29,8.548,8.372,-0.0079999999999991,2.046,8.374,76.25,5.5975,0.0,1.0,0.0,0.0,0.0,1.0,1.0,1.0
2020-05-30 02:42:39,8.568,8.38,-0.0079999999999991,2.052,8.382,76.075,5.700000000000001,0.0,1.0,0.0,0.0,0.0,1.0,1.0,1.0
2020-05-30 02:42:49,8.566,8.388,-0.0079999999999991,2.0540000000000003,8.39,76.075,5.672499999999999,0.0,1.0,0.0,0.0,0.0,1.0,1.0,1.0
2020-05-30 02:42:59,8.572,8.392,-0.009999999999998,2.056000000000001,8.394,75.975,5.66,0.0,1.0,0.0,0.0,0.0,1.0,1.0,1.0
2020-05-30 02:43:09,6.696,8.39,-0.009999999999998,1.4860000000000009,8.392,76.125,5.344999999999999,0.0,1.0,1.0,0.0,0.0,1.0,1.0,1.0
2020-05-30 02:43:18,8.146,8.372,-0.0079999999999991,1.926,8.376,76.25,5.6325,0.0,1.0,1.0,0.0,0.0,1.0,1.0,1.0
2020-05-30 02:43:28,8.598,8.368,-0.009999999999998,2.062000000000001,8.372,76.29999999999998,5.664999999999999,0.0,1.0,1.0,0.0,0.0,1.0,1.0,1.0
2020-05-30 02:43:38,8.608,8.382,-0.009999999999998,2.064,8.386,76.2,5.605,0.0,1.0,1.0,0.0,0.0,1.0,1.0,1.0
2020-05-30 02:43:48,8.614,8.392,-0.0079999999999991,2.068,8.396,76.125,5.640000000000001,0.0,1.0,1.0,0.0,0.0,1.0,1.0,1.0
2020-05-30 02:43:58,8.62,8.404,-0.0079999999999991,2.071999999999999,8.406,76.1,5.607500000000002,0.0,1.0,1.0,0.0,0.0,1.0,1.0,1.0
2020-05-30 02:44:08,6.288,8.402,-0.009999999999998,1.356,8.404,76.1,5.149999999999999,0.0,1.0,0.0,0.0,0.0,1.0,1.0,1.0
2020-05-30 02:44:18,7.965999999999999,8.382,-0.0079999999999991,1.866,8.386,76.2,5.5875,0.0,1.0,0.0,0.0,0.0,1.0,1.0,1.0
2020-05-30 02:44:28,8.55,8.37,-0.009999999999998,2.048,8.374,76.29999999999998,5.717499999999999,0.0,1.0,0.0,0.0,0.0,1.0,1.0,1.0
2020-05-30 02:44:38,8.566,8.378,-0.0079999999999991,2.0500000000000007,8.382,76.22500000000001,5.754999999999999,0.0,1.0,0.0,0.0,0.0,1.0,1.0,1.0
2020-05-30 02:44:48,8.566,8.386,-0.009999999999998,2.0500000000000007,8.388,76.075,5.752500000000001,0.0,1.0,0.0,0.0,0.0,1.0,1.0,1.0
2020-05-30 02:44:58,8.57,8.392,-0.0079999999999991,2.056000000000001,8.396,76.075,5.734999999999999,0.0,1.0,0.0,0.0,0.0,1.0,1.0,1.0
2020-05-30 02:45:08,6.720000000000001,8.388,-0.009999999999998,1.4900000000000002,8.392,76.125,5.3775,0.0,1.0,1.0,0.0,0.0,1.0,1.0,1.0
2020-05-30 02:45:17,8.238,8.368,-0.0079999999999991,1.952,8.374,76.22500000000001,5.600000000000001,0.0,1.0,1.0,0.0,0.0,1.0,1.0,1.0
2020-05-30 02:45:27,8.6,8.368,-0.0079999999999991,2.062000000000001,8.372,76.2,5.657499999999999,0.0,1.0,1.0,0.0,0.0,1.0,1.0,1.0
2020-05-30 02:45:37,8.606,8.382,-0.0079999999999991,2.065999999999999,8.384,76.2,5.5825,0.0,1.0,1.0,0.0,0.0,1.0,1.0,1.0
2020-05-30 02:45:47,8.612,8.396,-0.0079999999999991,2.068,8.398,76.025,5.6625,0.0,1.0,1.0,0.0,0.0,1.0,1.0,1.0
2020-05-30 02:45:57,8.62,8.404,-0.0079999999999991,2.074,8.406,76.125,5.734999999999999,0.0,1.0,1.0,0.0,0.0,1.0,1.0,1.0
2020-05-30 02:46:07,6.468,8.4,-0.0079999999999991,1.42,8.404,76.2,5.27,0.0,1.0,0.0,0.0,0.0,1.0,1.0,1.0
2020-05-30 02:46:17,8.042,8.38,-0.0079999999999991,1.8859999999999992,8.384,76.325,5.545,0.0,1.0,0.0,0.0,0.0,1.0,1.0,1.0
2020-05-30 02:46:27,8.554,8.37,-0.0079999999999991,2.0440000000000005,8.372,76.325,5.627500000000001,0.0,1.0,0.0,0.0,0.0,1.0,1.0,1.0
2020-05-30 02:46:37,8.564,8.378,-0.0079999999999991,2.0540000000000003,8.38,76.35000000000001,5.634999999999998,0.0,1.0,0.0,0.0,0.0,1.0,1.0,1.0
2020-05-30 02:46:47,8.564,8.384,-0.0079999999999991,2.0500000000000007,8.388,76.125,5.66,0.0,1.0,0.0,0.0,0.0,1.0,1.0,1.0
2020-05-30 02:46:57,8.568,8.39,-0.0079999999999991,2.056000000000001,8.394,76.0,5.567500000000001,0.0,1.0,0.0,0.0,0.0,1.0,1.0,1.0
2020-05-30 02:47:06,6.928000000000001,8.386,-0.0079999999999991,1.5500000000000007,8.388,76.1,5.237499999999999,0.0,1.0,1.0,0.0,0.0,1.0,1.0,1.0
2020-05-30 02:47:16,8.248,8.368,-0.0079999999999991,1.9499999999999995,8.37,76.29999999999998,5.504999999999999,0.0,1.0,1.0,0.0,0.0,1.0,1.0,1.0
2020-05-30 02:47:26,8.6,8.368,-0.0079999999999991,2.0599999999999987,8.372,76.29999999999998,5.547500000000001,0.0,1.0,1.0,0.0,0.0,1.0,1.0,1.0
2020-05-30 02:47:36,8.61,8.382,-0.0079999999999991,2.064,8.384,76.125,5.620000000000001,0.0,1.0,1.0,0.0,0.0,1.0,1.0,1.0
2020-05-30 02:47:46,8.612,8.392,-0.0079999999999991,2.068,8.394,76.125,5.649999999999999,0.0,1.0,1.0,0.0,0.0,1.0,1.0,1.0
2020-05-30 02:47:56,8.62,8.402,-0.0079999999999991,2.0700000000000003,8.406,76.0,5.73,0.0,1.0,1.0,0.0,0.0,1.0,1.0,1.0
2020-05-30 02:48:06,6.75,8.398,-0.009999999999998,1.498000000000001,8.398,76.2,5.285,0.0,1.0,0.0,0.0,0.0,1.0,1.0,1.0
2020-05-30 02:48:16,8.072,8.378,-0.009999999999998,1.8960000000000008,8.38,76.29999999999998,5.5,0.0,1.0,0.0,0.0,0.0,1.0,1.0,1.0
2020-05-30 02:48:26,8.554,8.368,-0.009999999999998,2.042,8.372,76.29999999999998,5.6325,0.0,1.0,0.0,0.0,0.0,1.0,1.0,1.0
2020-05-30 02:48:36,8.562,8.378,-0.0079999999999991,2.048,8.382,76.2,5.592500000000001,0.0,1.0,0.0,0.0,0.0,1.0,1.0,1.0
2020-05-30 02:48:46,8.564,8.384,-0.0079999999999991,2.052,8.388,76.1,5.5825,0.0,1.0,0.0,0.0,0.0,1.0,1.0,1.0
2020-05-30 02:48:55,8.568,8.39,-0.009999999999998,2.056000000000001,8.392,76.125,5.600000000000001,0.0,1.0,0.0,0.0,0.0,1.0,1.0,1.0
2020-05-30 02:49:05,7.118,8.384,-0.009999999999998,1.606,8.386,76.175,5.280000000000001,0.0,1.0,1.0,0.0,0.0,1.0,1.0,1.0
2020-05-30 02:49:15,8.33,8.366,-0.0079999999999991,1.978,8.37,76.275,5.529999999999999,0.0,1.0,1.0,0.0,0.0,1.0,1.0,1.0
2020-05-30 02:49:25,8.602,8.37,-0.0079999999999991,2.064,8.372,76.325,5.600000000000001,0.0,1.0,1.0,0.0,0.0,1.0,1.0,1.0
2020-05-30 02:49:35,8.606,8.382,-0.0079999999999991,2.065999999999999,8.384,76.275,5.69,0.0,1.0,1.0,0.0,0.0,1.0,1.0,1.0
2020-05-30 02:49:45,8.61,8.392,-0.009999999999998,2.068,8.394,76.1,5.682499999999999,0.0,1.0,1.0,0.0,0.0,1.0,1.0,1.0
2020-05-30 02:49:55,8.618,8.404,-0.0079999999999991,2.074,8.406,76.2,5.7125,0.0,1.0,1.0,0.0,0.0,1.0,1.0,1.0
2020-05-30 02:50:05,6.890000000000001,8.396,-0.009999999999998,1.5459999999999994,8.398,76.1,5.337499999999999,0.0,1.0,0.0,0.0,0.0,1.0,1.0,1.0
2020-05-30 02:50:15,8.136,8.376,-0.0079999999999991,1.9160000000000004,8.38,76.29999999999998,5.5175,0.0,1.0,0.0,0.0,0.0,1.0,1.0,1.0
2020-05-30 02:50:25,8.554,8.368,-0.0079999999999991,2.048,8.372,76.375,5.600000000000001,0.0,1.0,0.0,0.0,0.0,1.0,1.0,1.0
2020-05-30 02:50:35,8.564,8.378,-0.009999999999998,2.048,8.38,76.22500000000001,5.6175,0.0,1.0,0.0,0.0,0.0,1.0,1.0,1.0
2020-05-30 02:50:44,8.564,8.384,-0.0079999999999991,2.052,8.386,76.05,5.615000000000002,0.0,1.0,0.0,0.0,0.0,1.0,1.0,1.0
2020-05-30 02:50:54,8.568,8.388,-0.0079999999999991,2.056000000000001,8.392,76.1,5.640000000000001,0.0,1.0,0.0,0.0,0.0,1.0,1.0,1.0
2020-05-30 02:51:04,7.132,8.382,-0.0079999999999991,1.612,8.384,76.1,5.317499999999999,0.0,1.0,1.0,0.0,0.0,1.0,1.0,1.0
2020-05-30 02:51:14,8.41,8.364,-0.0079999999999991,2.004,8.366,76.2,5.68,0.0,1.0,1.0,0.0,0.0,1.0,1.0,1.0
2020-05-30 02:51:24,8.602,8.368,-0.0079999999999991,2.064,8.37,76.2,5.774999999999999,0.0,1.0,1.0,0.0,0.0,1.0,1.0,1.0
2020-05-30 02:51:34,8.606,8.382,-0.0079999999999991,2.068,8.386,76.22500000000001,5.752500000000001,0.0,1.0,1.0,0.0,0.0,1.0,1.0,1.0
2020-05-30 02:51:44,8.612,8.394,-0.0079999999999991,2.068,8.396,76.175,5.75,0.0,1.0,1.0,0.0,0.0,1.0,1.0,1.0
2020-05-30 02:51:54,8.624,8.404,-0.0079999999999991,2.068,8.406,76.075,5.765000000000001,0.0,1.0,1.0,0.0,0.0,1.0,1.0,1.0
2020-05-30 02:52:04,6.960000000000001,8.394,-0.0079999999999991,1.5579999999999998,8.398,76.25,5.369999999999999,0.0,1.0,0.0,0.0,0.0,1.0,1.0,1.0
2020-05-30 02:52:14,8.174,8.376,-0.0079999999999991,1.9320000000000004,8.378,76.325,5.5625,0.0,1.0,0.0,0.0,0.0,1.0,1.0,1.0
2020-05-30 02:52:24,8.556,8.368,-0.0079999999999991,2.0500000000000007,8.37,76.42500000000001,5.5875,0.0,1.0,0.0,0.0,0.0,1.0,1.0,1.0
2020-05-30 02:52:33,8.56,8.378,-0.0079999999999991,2.052,8.38,76.125,5.640000000000001,0.0,1.0,0.0,0.0,0.0,1.0,1.0,1.0
2020-05-30 02:52:43,8.562,8.386,-0.0079999999999991,2.0540000000000003,8.386,76.1,5.737500000000001,0.0,1.0,0.0,0.0,0.0,1.0,1.0,1.0
2020-05-30 02:52:53,8.57,8.388,-0.009999999999998,2.058,8.392,76.025,5.74,0.0,1.0,0.0,0.0,0.0,1.0,1.0,1.0
2020-05-30 02:53:03,7.336,8.378,-0.009999999999998,1.67,8.38,76.025,5.395000000000001,0.0,1.0,1.0,0.0,0.0,1.0,1.0,1.0
2020-05-30 02:53:13,8.442,8.362,-0.0079999999999991,2.0120000000000005,8.364,76.2,5.595000000000001,0.0,1.0,1.0,0.0,0.0,1.0,1.0,1.0
2020-05-30 02:53:23,8.602,8.368,-0.009999999999998,2.064,8.37,76.2,5.620000000000001,0.0,1.0,1.0,0.0,0.0,1.0,1.0,1.0
2020-05-30 02:53:33,8.604,8.382,-0.0079999999999991,2.062000000000001,8.384,76.1,5.607500000000002,0.0,1.0,1.0,0.0,0.0,1.0,1.0,1.0
2020-05-30 02:53:43,8.612,8.394,-0.009999999999998,2.068,8.396,76.025,5.59,0.0,1.0,1.0,0.0,0.0,1.0,1.0,1.0
2020-05-30 02:53:53,8.62,8.404,-0.0079999999999991,2.071999999999999,8.406,76.1,5.577500000000001,0.0,1.0,1.0,0.0,0.0,1.0,1.0,1.0
2020-05-30 02:54:03,7.029999999999999,8.392,-0.0079999999999991,1.5839999999999996,8.394,76.2,5.244999999999999,0.0,1.0,0.0,0.0,0.0,1.0,1.0,1.0
2020-05-30 02:54:13,8.27,8.374,-0.0079999999999991,1.9600000000000009,8.374,76.375,5.5525,0.0,1.0,0.0,0.0,0.0,1.0,1.0,1.0
2020-05-30 02:54:22,8.558,8.368,-0.0079999999999991,2.046,8.372,76.4,5.6175,0.0,1.0,0.0,0.0,0.0,1.0,1.0,1.0
2020-05-30 02:54:32,8.558,8.378,-0.0079999999999991,2.046,8.38,76.275,5.717499999999999,0.0,1.0,0.0,0.0,0.0,1.0,1.0,1.0
2020-05-30 02:54:42,8.564,8.382,-0.0079999999999991,2.052,8.384,76.175,5.7125,0.0,1.0,0.0,0.0,0.0,1.0,1.0,1.0
2020-05-30 02:54:52,8.568,8.39,-0.009999999999998,2.056000000000001,8.392,76.2,5.577500000000001,0.0,1.0,0.0,0.0,0.0,1.0,1.0,1.0
2020-05-30 02:55:02,7.382,8.378,-0.0060000000000002,1.6879999999999988,8.38,76.2,5.315000000000001,0.0,1.0,1.0,0.0,0.0,1.0,1.0,1.0
2020-05-30 02:55:12,8.458,8.362,-0.0079999999999991,2.014,8.362,76.275,5.5625,0.0,1.0,1.0,0.0,0.0,1.0,1.0,1.0
2020-05-30 02:55:22,8.598,8.37,-0.0079999999999991,2.065999999999999,8.372,76.175,5.5725,0.0,1.0,1.0,0.0,0.0,1.0,1.0,1.0
2020-05-30 02:55:32,8.606,8.38,-0.0079999999999991,2.062000000000001,8.382,76.2,5.59,0.0,1.0,1.0,0.0,0.0,1.0,1.0,1.0
2020-05-30 02:55:42,8.614,8.392,-0.0079999999999991,2.068,8.394,76.1,5.59,0.0,1.0,1.0,0.0,0.0,1.0,1.0,1.0
2020-05-30 02:55:52,8.624,8.402,-0.0079999999999991,2.071999999999999,8.404,76.1,5.59,0.0,1.0,1.0,0.0,0.0,1.0,1.0,1.0
2020-05-30 02:56:02,7.214,8.388,-0.009999999999998,1.6340000000000003,8.392,76.22500000000001,5.287500000000001,0.0,1.0,0.0,0.0,0.0,1.0,1.0,1.0
2020-05-30 02:56:11,8.288,8.372,-0.0079999999999991,1.9640000000000004,8.374,76.4,5.540000000000001,0.0,1.0,0.0,0.0,0.0,1.0,1.0,1.0
2020-05-30 02:56:21,8.558,8.368,-0.009999999999998,2.046,8.372,76.375,5.612500000000001,0.0,1.0,0.0,0.0,0.0,1.0,1.0,1.0
2020-05-30 02:56:31,8.558,8.376,-0.0079999999999991,2.048,8.38,76.275,5.6525,0.0,1.0,0.0,0.0,0.0,1.0,1.0,1.0
2020-05-30 02:56:41,8.56,8.384,-0.009999999999998,2.0500000000000007,8.386,76.175,5.73,0.0,1.0,0.0,0.0,0.0,1.0,1.0,1.0
2020-05-30 02:56:51,8.568,8.39,-0.009999999999998,2.0540000000000003,8.392,76.075,5.7125,0.0,1.0,0.0,0.0,0.0,1.0,1.0,1.0
2020-05-30 02:57:01,7.536,8.376,-0.0079999999999991,1.7279999999999998,8.378,76.125,5.375,0.0,1.0,1.0,0.0,0.0,1.0,1.0,1.0
2020-05-30 02:57:11,8.524,8.358,-0.0079999999999991,2.0380000000000003,8.362,76.29999999999998,5.585000000000001,0.0,1.0,1.0,0.0,0.0,1.0,1.0,1.0
2020-05-30 02:57:21,8.602,8.37,-0.0079999999999991,2.0599999999999987,8.372,76.275,5.627500000000001,0.0,1.0,1.0,0.0,0.0,1.0,1.0,1.0
2020-05-30 02:57:31,8.602,8.38,-0.009999999999998,2.062000000000001,8.384,76.275,5.640000000000001,0.0,1.0,1.0,0.0,0.0,1.0,1.0,1.0
2020-05-30 02:57:41,8.614,8.394,-0.0079999999999991,2.0700000000000003,8.398,76.075,5.605,0.0,1.0,1.0,0.0,0.0,1.0,1.0,1.0
2020-05-30 02:57:51,8.622,8.404,-0.0120000000000004,2.071999999999999,8.406,76.075,5.567500000000001,0.0,1.0,1.0,0.0,0.0,1.0,1.0,1.0
2020-05-30 02:58:00,7.246,8.39,-0.0079999999999991,1.6479999999999997,8.392,76.175,5.309999999999999,0.0,1.0,0.0,0.0,0.0,1.0,1.0,1.0
2020-05-30 02:58:10,8.368,8.368,-0.0079999999999991,1.9860000000000009,8.372,76.4,5.52,0.0,1.0,0.0,0.0,0.0,1.0,1.0,1.0
2020-05-30 02:58:20,8.56,8.37,-0.0079999999999991,2.048,8.37,76.22500000000001,5.592500000000001,0.0,1.0,0.0,0.0,0.0,1.0,1.0,1.0
2020-05-30 02:58:30,8.562,8.378,-0.0079999999999991,2.052,8.382,76.075,5.565,0.0,1.0,0.0,0.0,0.0,1.0,1.0,1.0
2020-05-30 02:58:40,8.564,8.384,-0.0079999999999991,2.0540000000000003,8.386,76.0,5.565,0.0,1.0,0.0,0.0,0.0,1.0,1.0,1.0
2020-05-30 02:58:50,8.57,8.392,-0.0079999999999991,2.056000000000001,8.394,76.025,5.705,0.0,1.0,0.0,0.0,0.0,1.0,1.0,1.0
2020-05-30 02:59:00,7.592,8.374,-0.009999999999998,1.7539999999999996,8.378,76.1,5.504999999999999,0.0,1.0,1.0,0.0,0.0,1.0,1.0,1.0
2020-05-30 02:59:10,8.538,8.36,-0.0079999999999991,2.042,8.362,76.22500000000001,5.66,0.0,1.0,1.0,0.0,0.0,1.0,1.0,1.0
2020-05-30 02:59:20,8.602,8.372,-0.009999999999998,2.064,8.374,76.2,5.58,0.0,1.0,1.0,0.0,0.0,1.0,1.0,1.0
2020-05-30 02:59:30,8.606,8.384,-0.009999999999998,2.064,8.386,76.1,5.602499999999999,0.0,1.0,1.0,0.0,0.0,1.0,1.0,1.0
2020-05-30 02:59:40,8.614,8.394,-0.0079999999999991,2.0700000000000003,8.398,76.1,5.5825,0.0,1.0,1.0,0.0,0.0,1.0,1.0,1.0
2020-05-30 02:59:49,8.624,8.406,-0.0079999999999991,2.074,8.408,76.15,5.605,0.0,1.0,1.0,0.0,0.0,1.0,1.0,1.0
2020-05-30 02:59:59,7.417999999999999,8.388,-0.009999999999998,1.702,8.39,76.2,5.35,0.0,1.0,0.0,0.0,0.0,1.0,1.0,1.0
2020-05-30 03:00:09,8.39,8.37,-0.0079999999999991,1.9960000000000004,8.372,76.375,5.540000000000001,0.0,1.0,0.0,0.0,0.0,1.0,1.0,1.0
2020-05-30 03:00:19,8.56,8.37,-0.009999999999998,2.056000000000001,8.374,76.375,5.595000000000001,0.0,1.0,0.0,0.0,0.0,1.0,1.0,1.0
2020-05-30 03:00:29,8.564,8.38,-0.009999999999998,2.056000000000001,8.382,76.175,5.607500000000002,0.0,1.0,0.0,0.0,0.0,1.0,1.0,1.0
2020-05-30 03:00:39,8.564,8.386,-0.0079999999999991,2.0540000000000003,8.388,76.22500000000001,5.68,0.0,1.0,0.0,0.0,0.0,1.0,1.0,1.0
2020-05-30 03:00:49,8.57,8.392,-0.009999999999998,2.0599999999999987,8.394,76.1,5.674999999999999,0.0,1.0,0.0,0.0,0.0,1.0,1.0,1.0
2020-05-30 03:00:59,7.638,8.376,-0.0079999999999991,1.7639999999999991,8.378,76.2,5.495000000000001,0.0,1.0,1.0,0.0,0.0,1.0,1.0,1.0
2020-05-30 03:01:09,8.566,8.36,-0.0060000000000002,2.0500000000000007,8.362,76.42500000000001,5.707500000000001,0.0,1.0,1.0,0.0,0.0,1.0,1.0,1.0
2020-05-30 03:01:19,8.604,8.374,-0.0079999999999991,2.065999999999999,8.376,76.275,5.592500000000001,0.0,1.0,1.0,0.0,0.0,1.0,1.0,1.0
2020-05-30 03:01:29,8.604,8.386,-0.009999999999998,2.064,8.388,76.2,5.585000000000001,0.0,1.0,1.0,0.0,0.0,1.0,1.0,1.0
2020-05-30 03:01:38,8.614,8.396,-0.0079999999999991,2.068,8.398,76.125,5.6625,0.0,1.0,1.0,0.0,0.0,1.0,1.0,1.0
2020-05-30 03:01:48,8.622,8.406,-0.009999999999998,2.074,8.408,76.22500000000001,5.7575,0.0,1.0,1.0,0.0,0.0,1.0,1.0,1.0
2020-05-30 03:01:58,7.486000000000001,8.386,-0.009999999999998,1.718,8.388,76.29999999999998,5.495000000000001,0.0,1.0,0.0,0.0,0.0,1.0,1.0,1.0
2020-05-30 03:02:08,8.424,8.368,-0.0079999999999991,2.006,8.372,76.4,5.692500000000001,0.0,1.0,0.0,0.0,0.0,1.0,1.0,1.0
2020-05-30 03:02:18,8.56,8.37,-0.009999999999998,2.052,8.372,76.35000000000001,5.707500000000001,0.0,1.0,0.0,0.0,0.0,1.0,1.0,1.0
2020-05-30 03:02:28,8.562,8.378,-0.0079999999999991,2.0540000000000003,8.382,76.2,5.672499999999999,0.0,1.0,0.0,0.0,0.0,1.0,1.0,1.0
2020-05-30 03:02:38,8.562,8.384,-0.009999999999998,2.0500000000000007,8.386,76.2,5.6175,0.0,1.0,0.0,0.0,0.0,1.0,1.0,1.0
2020-05-30 03:02:48,8.57,8.39,-0.0079999999999991,2.056000000000001,8.394,76.22500000000001,5.629999999999999,0.0,1.0,0.0,0.0,0.0,1.0,1.0,1.0
2020-05-30 03:02:58,7.794,8.374,-0.0079999999999991,1.8120000000000007,8.376,76.275,5.404999999999999,0.0,1.0,1.0,0.0,0.0,1.0,1.0,1.0
2020-05-30 03:03:08,8.57,8.36,-0.0079999999999991,2.0500000000000007,8.364,76.4,5.5975,0.0,1.0,1.0,0.0,0.0,1.0,1.0,1.0
2020-05-30 03:03:18,8.604,8.372,-0.0079999999999991,2.062000000000001,8.376,76.325,5.627500000000001,0.0,1.0,1.0,0.0,0.0,1.0,1.0,1.0
2020-05-30 03:03:27,8.602,8.384,-0.009999999999998,2.065999999999999,8.386,76.2,5.705,0.0,1.0,1.0,0.0,0.0,1.0,1.0,1.0
2020-05-30 03:03:37,8.614,8.396,-0.009999999999998,2.0700000000000003,8.398,76.125,5.694999999999999,0.0,1.0,1.0,0.0,0.0,1.0,1.0,1.0
2020-05-30 03:03:47,8.624,8.404,-0.009999999999998,2.074,8.408,76.275,5.605,0.0,1.0,1.0,0.0,0.0,1.0,1.0,1.0
2020-05-30 03:03:57,7.51,8.386,-0.0079999999999991,1.7240000000000002,8.388,76.29999999999998,5.329999999999998,0.0,1.0,0.0,0.0,0.0,1.0,1.0,1.0
2020-05-30 03:04:07,8.48,8.368,-0.0060000000000002,2.02,8.368,76.4,5.592500000000001,0.0,1.0,0.0,0.0,0.0,1.0,1.0,1.0
2020-05-30 03:04:17,8.562,8.372,-0.009999999999998,2.0500000000000007,8.374,76.35000000000001,5.6325,0.0,1.0,0.0,0.0,0.0,1.0,1.0,1.0
2020-05-30 03:04:27,8.56,8.378,-0.009999999999998,2.0500000000000007,8.38,76.2,5.67,0.0,1.0,0.0,0.0,0.0,1.0,1.0,1.0
2020-05-30 03:04:37,8.564,8.384,-0.0079999999999991,2.0540000000000003,8.388,76.2,5.694999999999999,0.0,1.0,0.0,0.0,0.0,1.0,1.0,1.0
2020-05-30 03:04:47,8.424,8.392,-0.0079999999999991,2.033999999999999,8.394,76.125,5.707500000000001,0.0,1.0,1.0,0.0,0.0,0.0,1.0,1.0
2020-05-30 03:04:57,7.795999999999999,8.372,-0.009999999999998,1.814,8.374,76.22500000000001,5.567500000000001,0.0,1.0,1.0,0.0,0.0,1.0,1.0,1.0
2020-05-30 03:05:07,8.578,8.36,-0.009999999999998,2.052,8.362,76.4,5.720000000000001,0.0,1.0,1.0,0.0,0.0,1.0,1.0,1.0
2020-05-30 03:05:17,8.6,8.374,-0.0079999999999991,2.062000000000001,8.376,76.325,5.715,0.0,1.0,1.0,0.0,0.0,1.0,1.0,1.0
2020-05-30 03:05:26,8.604,8.386,-0.009999999999998,2.062000000000001,8.386,76.22500000000001,5.709999999999999,0.0,1.0,1.0,0.0,0.0,1.0,1.0,1.0
2020-05-30 03:05:36,8.614,8.394,-0.0079999999999991,2.068,8.398,76.175,5.642499999999998,0.0,1.0,1.0,0.0,0.0,1.0,1.0,1.0
2020-05-30 03:05:46,5.664,8.402,-0.009999999999998,1.1739999999999997,8.404,76.25,5.004999999999999,0.0,1.0,0.0,0.0,0.0,1.0,1.0,1.0
2020-05-30 03:05:56,7.624,8.382,-0.0079999999999991,1.7620000000000005,8.384,76.275,5.4175,0.0,1.0,0.0,0.0,0.0,1.0,1.0,1.0
2020-05-30 03:06:06,8.478,8.366,-0.009999999999998,2.024000000000001,8.366,76.47500000000001,5.6850000000000005,0.0,1.0,0.0,0.0,0.0,1.0,1.0,1.0
2020-05-30 03:06:16,8.56,8.37,-0.009999999999998,2.0500000000000007,8.372,76.375,5.737500000000001,0.0,1.0,0.0,0.0,0.0,1.0,1.0,1.0
2020-05-30 03:06:26,8.56,8.38,-0.0079999999999991,2.0500000000000007,8.38,76.2,5.725,0.0,1.0,0.0,0.0,0.0,1.0,1.0,1.0
2020-05-30 03:06:36,8.562,8.384,-0.0079999999999991,2.0540000000000003,8.386,76.2,5.709999999999999,0.0,1.0,0.0,0.0,0.0,1.0,1.0,1.0
2020-05-30 03:06:46,6.59,8.388,-0.0079999999999991,1.5079999999999991,8.39,76.29999999999998,5.440000000000001,0.0,1.0,1.0,0.0,0.0,0.0,1.0,1.0
2020-05-30 03:06:56,7.936,8.368,-0.0079999999999991,1.8520000000000003,8.37,76.44999999999999,5.455000000000002,0.0,1.0,1.0,0.0,0.0,1.0,1.0,1.0
2020-05-30 03:07:06,8.582,8.36,-0.0079999999999991,2.056000000000001,8.362,76.375,5.5725,0.0,1.0,1.0,0.0,0.0,1.0,1.0,1.0
2020-05-30 03:07:15,8.604,8.372,-0.0079999999999991,2.0700000000000003,8.374,76.275,5.612500000000001,0.0,1.0,1.0,0.0,0.0,1.0,1.0,1.0
2020-05-30 03:07:25,8.606,8.386,-0.0079999999999991,2.065999999999999,8.388,76.2,5.607500000000002,0.0,1.0,1.0,0.0,0.0,1.0,1.0,1.0
2020-05-30 03:07:35,8.612,8.396,-0.0079999999999991,2.0700000000000003,8.398,76.1,5.5600000000000005,0.0,1.0,1.0,0.0,0.0,1.0,1.0,1.0
2020-05-30 03:07:45,5.672000000000001,8.402,-0.0079999999999991,1.1780000000000008,8.404,76.2,5.009999999999998,0.0,1.0,0.0,0.0,0.0,1.0,1.0,1.0
2020-05-30 03:07:55,7.718,8.38,-0.0060000000000002,1.7919999999999998,8.384,76.275,5.4350000000000005,0.0,1.0,0.0,0.0,0.0,1.0,1.0,1.0
2020-05-30 03:08:05,8.508,8.364,-0.0060000000000002,2.030000000000001,8.366,76.49999999999999,5.692500000000001,0.0,1.0,0.0,0.0,0.0,1.0,1.0,1.0
2020-05-30 03:08:15,8.558,8.37,-0.0060000000000002,2.0540000000000003,8.372,76.29999999999998,5.6975,0.0,1.0,0.0,0.0,0.0,1.0,1.0,1.0
2020-05-30 03:08:25,8.558,8.378,-0.0079999999999991,2.0500000000000007,8.38,76.275,5.607500000000002,0.0,1.0,0.0,0.0,0.0,1.0,1.0,1.0
2020-05-30 03:08:35,8.566,8.386,-0.0060000000000002,2.0540000000000003,8.388,76.22500000000001,5.605,0.0,1.0,0.0,0.0,0.0,1.0,1.0,1.0
2020-05-30 03:08:45,6.109999999999999,8.388,-0.0079999999999991,1.282,8.388,76.2,5.0725,0.0,1.0,1.0,0.0,0.0,1.0,1.0,1.0
2020-05-30 03:08:55,8.02,8.366,-0.0079999999999991,1.8840000000000003,8.368,76.2,5.4575,0.0,1.0,1.0,0.0,0.0,1.0,1.0,1.0
2020-05-30 03:09:04,8.586,8.358,-0.0079999999999991,2.058,8.36,76.325,5.5725,0.0,1.0,1.0,0.0,0.0,1.0,1.0,1.0
2020-05-30 03:09:14,8.604,8.374,-0.0060000000000002,2.065999999999999,8.376,76.22500000000001,5.59,0.0,1.0,1.0,0.0,0.0,1.0,1.0,1.0
2020-05-30 03:09:24,8.604,8.384,-0.0060000000000002,2.065999999999999,8.386,76.275,5.607500000000002,0.0,1.0,1.0,0.0,0.0,1.0,1.0,1.0
2020-05-30 03:09:34,8.616,8.396,-0.0079999999999991,2.071999999999999,8.398,76.275,5.6675,0.0,1.0,1.0,0.0,0.0,1.0,1.0,1.0
2020-05-30 03:09:44,6.0,8.4,-0.0060000000000002,1.2560000000000002,8.4,76.2,5.1225000000000005,0.0,1.0,0.0,0.0,0.0,1.0,1.0,1.0
2020-05-30 03:09:54,7.773999999999999,8.382,-0.0079999999999991,1.8040000000000005,8.382,76.275,5.4925,0.0,1.0,0.0,0.0,0.0,1.0,1.0,1.0
2020-05-30 03:10:04,8.522,8.364,-0.0079999999999991,2.0380000000000003,8.366,76.35000000000001,5.717499999999999,0.0,1.0,0.0,0.0,0.0,1.0,1.0,1.0
2020-05-30 03:10:14,8.558,8.372,-0.0079999999999991,2.052,8.374,76.275,5.585000000000001,0.0,1.0,0.0,0.0,0.0,1.0,1.0,1.0
2020-05-30 03:10:24,8.556,8.378,-0.0079999999999991,2.0500000000000007,8.38,76.175,5.58,0.0,1.0,0.0,0.0,0.0,1.0,1.0,1.0
2020-05-30 03:10:34,8.564,8.384,-0.0079999999999991,2.0540000000000003,8.388,76.1,5.607500000000002,0.0,1.0,0.0,0.0,0.0,1.0,1.0,1.0
2020-05-30 03:10:44,6.506,8.384,-0.0079999999999991,1.4379999999999988,8.386,76.05,5.262500000000001,0.0,1.0,1.0,0.0,0.0,1.0,1.0,1.0
2020-05-30 03:10:53,8.066,8.366,-0.009999999999998,1.898,8.366,76.125,5.640000000000001,0.0,1.0,1.0,0.0,0.0,1.0,1.0,1.0
2020-05-30 03:11:03,8.588,8.36,-0.009999999999998,2.058,8.362,76.29999999999998,5.727500000000001,0.0,1.0,1.0,0.0,0.0,1.0,1.0,1.0
2020-05-30 03:11:13,8.6,8.372,-0.009999999999998,2.064,8.374,76.2,5.7325,0.0,1.0,1.0,0.0,0.0,1.0,1.0,1.0
2020-05-30 03:11:23,8.608,8.388,-0.0079999999999991,2.065999999999999,8.388,76.175,5.760000000000002,0.0,1.0,1.0,0.0,0.0,1.0,1.0,1.0
2020-05-30 03:11:33,8.614,8.396,-0.0079999999999991,2.0700000000000003,8.398,76.175,5.73,0.0,1.0,1.0,0.0,0.0,1.0,1.0,1.0
2020-05-30 03:11:43,6.052,8.398,-0.0079999999999991,1.251999999999999,8.4,76.2,5.164999999999999,0.0,1.0,0.0,0.0,0.0,1.0,1.0,1.0
2020-05-30 03:11:53,7.874,8.378,-0.0079999999999991,1.8360000000000003,8.378,76.25,5.495000000000001,0.0,1.0,0.0,0.0,0.0,1.0,1.0,1.0
2020-05-30 03:12:03,8.534,8.364,-0.0079999999999991,2.042,8.366,76.42500000000001,5.637499999999999,0.0,1.0,0.0,0.0,0.0,1.0,1.0,1.0
2020-05-30 03:12:13,8.558,8.374,-0.0079999999999991,2.048,8.372,76.25,5.605,0.0,1.0,0.0,0.0,0.0,1.0,1.0,1.0
2020-05-30 03:12:23,8.558,8.378,-0.0079999999999991,2.052,8.38,76.1,5.602499999999999,0.0,1.0,0.0,0.0,0.0,1.0,1.0,1.0
2020-05-30 03:12:33,8.564,8.384,-0.009999999999998,2.0540000000000003,8.386,76.075,5.69,0.0,1.0,0.0,0.0,0.0,1.0,1.0,1.0
2020-05-30 03:12:42,6.51,8.384,-0.0079999999999991,1.4239999999999997,8.386,76.1,5.272500000000001,0.0,1.0,1.0,0.0,0.0,1.0,1.0,1.0
2020-05-30 03:12:52,8.074,8.366,-0.0079999999999991,1.9000000000000004,8.368,76.22500000000001,5.545,0.0,1.0,1.0,0.0,0.0,1.0,1.0,1.0
2020-05-30 03:13:02,8.59,8.36,-0.009999999999998,2.058,8.362,76.325,5.605,0.0,1.0,1.0,0.0,0.0,1.0,1.0,1.0
2020-05-30 03:13:12,8.602,8.374,-0.009999999999998,2.065999999999999,8.376,76.2,5.59,0.0,1.0,1.0,0.0,0.0,1.0,1.0,1.0
2020-05-30 03:13:22,8.606,8.386,-0.009999999999998,2.068,8.388,76.125,5.622499999999999,0.0,1.0,1.0,0.0,0.0,1.0,1.0,1.0
2020-05-30 03:13:32,8.614,8.398,-0.009999999999998,2.071999999999999,8.398,76.1,5.612500000000001,0.0,1.0,1.0,0.0,0.0,1.0,1.0,1.0
2020-05-30 03:13:42,6.327999999999999,8.396,-0.009999999999998,1.3760000000000012,8.398,76.2,5.120000000000001,0.0,1.0,0.0,0.0,0.0,1.0,1.0,1.0
2020-05-30 03:13:52,7.896000000000001,8.378,-0.0079999999999991,1.8419999999999987,8.378,76.29999999999998,5.449999999999999,0.0,1.0,0.0,0.0,0.0,1.0,1.0,1.0
2020-05-30 03:14:02,8.546,8.364,-0.0079999999999991,2.046,8.366,76.29999999999998,5.69,0.0,1.0,0.0,0.0,0.0,1.0,1.0,1.0
2020-05-30 03:14:12,8.558,8.372,-0.0079999999999991,2.048,8.374,76.29999999999998,5.6625,0.0,1.0,0.0,0.0,0.0,1.0,1.0,1.0
2020-05-30 03:14:22,8.558,8.378,-0.009999999999998,2.052,8.38,76.1,5.717499999999999,0.0,1.0,0.0,0.0,0.0,1.0,1.0,1.0
2020-05-30 03:14:31,8.562,8.386,-0.0079999999999991,2.0540000000000003,8.386,76.075,5.745000000000001,0.0,1.0,0.0,0.0,0.0,1.0,1.0,1.0
2020-05-30 03:14:41,6.7780000000000005,8.38,-0.0079999999999991,1.5120000000000005,8.384,76.1,5.220000000000001,0.0,1.0,1.0,0.0,0.0,1.0,1.0,1.0
2020-05-30 03:14:51,8.182,8.364,-0.0079999999999991,1.93,8.366,76.1,5.5,0.0,1.0,1.0,0.0,0.0,1.0,1.0,1.0
2020-05-30 03:15:01,8.592,8.36,-0.0079999999999991,2.0599999999999987,8.362,76.22500000000001,5.59,0.0,1.0,1.0,0.0,0.0,1.0,1.0,1.0
2020-05-30 03:15:11,8.6,8.376,-0.0079999999999991,2.064,8.376,76.29999999999998,5.765000000000001,0.0,1.0,1.0,0.0,0.0,1.0,1.0,1.0
2020-05-30 03:15:21,8.606,8.386,-0.0079999999999991,2.065999999999999,8.388,76.1,5.720000000000001,0.0,1.0,1.0,0.0,0.0,1.0,1.0,1.0
2020-05-30 03:15:31,8.614,8.396,-0.0079999999999991,2.0700000000000003,8.398,76.075,5.720000000000001,0.0,1.0,1.0,0.0,0.0,1.0,1.0,1.0
2020-05-30 03:15:41,6.390000000000001,8.394,-0.009999999999998,1.394,8.396,76.0,5.265000000000001,0.0,1.0,0.0,0.0,0.0,1.0,1.0,1.0
2020-05-30 03:15:51,8.004,8.376,-0.009999999999998,1.8760000000000008,8.376,76.25,5.5550000000000015,0.0,1.0,0.0,0.0,0.0,1.0,1.0,1.0
2020-05-30 03:16:01,8.546,8.364,-0.0079999999999991,2.046,8.366,76.4,5.674999999999999,0.0,1.0,0.0,0.0,0.0,1.0,1.0,1.0
2020-05-30 03:16:11,8.558,8.37,-0.0079999999999991,2.0500000000000007,8.374,76.375,5.672499999999999,0.0,1.0,0.0,0.0,0.0,1.0,1.0,1.0
2020-05-30 03:16:20,8.558,8.38,-0.0079999999999991,2.0500000000000007,8.38,76.2,5.6775,0.0,1.0,0.0,0.0,0.0,1.0,1.0,1.0
2020-05-30 03:16:30,8.564,8.384,-0.0079999999999991,2.0540000000000003,8.388,76.2,5.645,0.0,1.0,0.0,0.0,0.0,1.0,1.0,1.0
2020-05-30 03:16:40,6.8420000000000005,8.38,-0.0079999999999991,1.5279999999999987,8.382,76.2,5.235000000000001,0.0,1.0,1.0,0.0,0.0,1.0,1.0,1.0
2020-05-30 03:16:50,8.202,8.362,-0.0079999999999991,1.936,8.366,76.29999999999998,5.48,0.0,1.0,1.0,0.0,0.0,1.0,1.0,1.0
2020-05-30 03:17:00,8.594,8.362,-0.0079999999999991,2.058,8.364,76.325,5.6675,0.0,1.0,1.0,0.0,0.0,1.0,1.0,1.0
2020-05-30 03:17:10,8.602,8.376,-0.009999999999998,2.062000000000001,8.376,76.15,5.754999999999999,0.0,1.0,1.0,0.0,0.0,1.0,1.0,1.0
2020-05-30 03:17:20,8.608,8.386,-0.009999999999998,2.065999999999999,8.388,76.075,5.68,0.0,1.0,1.0,0.0,0.0,1.0,1.0,1.0
2020-05-30 03:17:30,8.614,8.398,-0.0079999999999991,2.0700000000000003,8.398,76.1,5.6175,0.0,1.0,1.0,0.0,0.0,1.0,1.0,1.0
2020-05-30 03:17:40,6.696,8.392,-0.0079999999999991,1.4800000000000004,8.394,76.1,5.182500000000001,0.0,1.0,0.0,0.0,0.0,1.0,1.0,1.0
2020-05-30 03:17:50,8.05,8.372,-0.009999999999998,1.8900000000000008,8.376,76.25,5.51,0.0,1.0,0.0,0.0,0.0,1.0,1.0,1.0
2020-05-30 03:18:00,8.548,8.362,-0.0079999999999991,2.042,8.366,76.4,5.6175,0.0,1.0,0.0,0.0,0.0,1.0,1.0,1.0
2020-05-30 03:18:09,8.558,8.372,-0.009999999999998,2.048,8.374,76.275,5.664999999999999,0.0,1.0,0.0,0.0,0.0,1.0,1.0,1.0
2020-05-30 03:18:19,8.558,8.378,-0.0079999999999991,2.0500000000000007,8.38,76.2,5.7225,0.0,1.0,0.0,0.0,0.0,1.0,1.0,1.0
2020-05-30 03:18:29,8.562,8.386,-0.009999999999998,2.0500000000000007,8.386,76.025,5.73,0.0,1.0,0.0,0.0,0.0,1.0,1.0,1.0
2020-05-30 03:18:39,6.946,8.378,-0.0079999999999991,1.5599999999999987,8.38,76.1,5.352499999999999,0.0,1.0,1.0,0.0,0.0,1.0,1.0,1.0
2020-05-30 03:18:49,8.26,8.36,-0.0079999999999991,1.9559999999999995,8.364,76.2,5.66,0.0,1.0,1.0,0.0,0.0,1.0,1.0,1.0
2020-05-30 03:18:59,8.596,8.362,-0.0079999999999991,2.0599999999999987,8.366,76.2,5.737500000000001,0.0,1.0,1.0,0.0,0.0,1.0,1.0,1.0
2020-05-30 03:19:09,8.6,8.376,-0.0079999999999991,2.062000000000001,8.378,76.22500000000001,5.727500000000001,0.0,1.0,1.0,0.0,0.0,1.0,1.0,1.0
2020-05-30 03:19:19,8.604,8.386,-0.0060000000000002,2.065999999999999,8.388,76.0,5.642499999999998,0.0,1.0,1.0,0.0,0.0,1.0,1.0,1.0
2020-05-30 03:19:29,8.614,8.398,-0.0079999999999991,2.0700000000000003,8.4,76.1,5.5975,0.0,1.0,1.0,0.0,0.0,1.0,1.0,1.0
2020-05-30 03:19:39,6.7620000000000005,8.392,-0.009999999999998,1.4960000000000004,8.394,76.2,5.237499999999999,0.0,1.0,0.0,0.0,0.0,1.0,1.0,1.0
2020-05-30 03:19:49,8.08,8.372,-0.009999999999998,1.904,8.374,76.275,5.5550000000000015,0.0,1.0,0.0,0.0,0.0,1.0,1.0,1.0
2020-05-30 03:19:58,8.552,8.364,-0.0079999999999991,2.048,8.366,76.29999999999998,5.692500000000001,0.0,1.0,0.0,0.0,0.0,1.0,1.0,1.0
2020-05-30 03:20:08,8.554,8.372,-0.009999999999998,2.048,8.374,76.1,5.7325,0.0,1.0,0.0,0.0,0.0,1.0,1.0,1.0
2020-05-30 03:20:18,8.558,8.378,-0.009999999999998,2.0500000000000007,8.378,76.025,5.7475000000000005,0.0,1.0,0.0,0.0,0.0,1.0,1.0,1.0
2020-05-30 03:20:28,8.562,8.384,-0.0079999999999991,2.056000000000001,8.386,76.15,5.720000000000001,0.0,1.0,0.0,0.0,0.0,1.0,1.0,1.0
2020-05-30 03:20:38,7.162000000000001,8.376,-0.0079999999999991,1.6260000000000012,8.378,76.025,5.440000000000001,0.0,1.0,1.0,0.0,0.0,1.0,1.0,1.0
2020-05-30 03:20:48,8.356,8.358,-0.0079999999999991,1.984,8.36,76.25,5.6850000000000005,0.0,1.0,1.0,0.0,0.0,1.0,1.0,1.0
2020-05-30 03:20:58,8.592,8.36,-0.0079999999999991,2.0599999999999987,8.364,76.2,5.765000000000001,0.0,1.0,1.0,0.0,0.0,1.0,1.0,1.0
2020-05-30 03:21:08,8.6,8.374,-0.0079999999999991,2.064,8.376,76.2,5.754999999999999,0.0,1.0,1.0,0.0,0.0,1.0,1.0,1.0
2020-05-30 03:21:18,8.608,8.386,-0.0079999999999991,2.068,8.388,76.22500000000001,5.7475000000000005,0.0,1.0,1.0,0.0,0.0,1.0,1.0,1.0
2020-05-30 03:21:28,8.616,8.396,-0.0079999999999991,2.0700000000000003,8.4,76.175,5.625,0.0,1.0,1.0,0.0,0.0,1.0,1.0,1.0
2020-05-30 03:21:38,6.798,8.39,-0.0079999999999991,1.5139999999999991,8.39,76.22500000000001,5.192499999999999,0.0,1.0,0.0,0.0,0.0,1.0,1.0,1.0
2020-05-30 03:21:47,8.174,8.368,-0.009999999999998,1.9280000000000008,8.37,76.275,5.512499999999999,0.0,1.0,0.0,0.0,0.0,1.0,1.0,1.0
2020-05-30 03:21:57,8.55,8.364,-0.0079999999999991,2.046,8.364,76.35000000000001,5.705,0.0,1.0,0.0,0.0,0.0,1.0,1.0,1.0
2020-05-30 03:22:07,8.556,8.372,-0.0079999999999991,2.052,8.372,76.275,5.6875,0.0,1.0,0.0,0.0,0.0,1.0,1.0,1.0
2020-05-30 03:22:17,8.558,8.376,-0.0079999999999991,2.052,8.378,76.1,5.702499999999999,0.0,1.0,0.0,0.0,0.0,1.0,1.0,1.0
2020-05-30 03:22:27,8.564,8.384,-0.0079999999999991,2.056000000000001,8.384,76.025,5.727500000000001,0.0,1.0,0.0,0.0,0.0,1.0,1.0,1.0
2020-05-30 03:22:37,7.254,8.374,-0.0079999999999991,1.6460000000000008,8.376,76.075,5.452500000000001,0.0,1.0,1.0,0.0,0.0,1.0,1.0,1.0
2020-05-30 03:22:47,8.388,8.356,-0.0079999999999991,1.9960000000000004,8.358,76.2,5.6675,0.0,1.0,1.0,0.0,0.0,1.0,1.0,1.0
2020-05-30 03:22:57,8.596,8.362,-0.0079999999999991,2.062000000000001,8.364,76.275,5.74,0.0,1.0,1.0,0.0,0.0,1.0,1.0,1.0
2020-05-30 03:23:07,8.6,8.376,-0.0060000000000002,2.0599999999999987,8.378,76.275,5.737500000000001,0.0,1.0,1.0,0.0,0.0,1.0,1.0,1.0
2020-05-30 03:23:17,8.606,8.388,-0.0060000000000002,2.064,8.388,76.1,5.7475000000000005,0.0,1.0,1.0,0.0,0.0,1.0,1.0,1.0
2020-05-30 03:23:27,8.618,8.396,-0.0079999999999991,2.0700000000000003,8.398,76.125,5.717499999999999,0.0,1.0,1.0,0.0,0.0,1.0,1.0,1.0
2020-05-30 03:23:36,7.036,8.388,-0.0060000000000002,1.58,8.39,76.25,5.287500000000001,0.0,1.0,0.0,0.0,0.0,1.0,1.0,1.0
2020-05-30 03:23:46,8.212,8.368,-0.0060000000000002,1.9400000000000013,8.372,76.4,5.497499999999999,0.0,1.0,0.0,0.0,0.0,1.0,1.0,1.0
2020-05-30 03:23:56,8.55,8.362,-0.0060000000000002,2.046,8.366,76.525,5.609999999999999,0.0,1.0,0.0,0.0,0.0,1.0,1.0,1.0
2020-05-30 03:24:06,8.554,8.372,-0.0079999999999991,2.048,8.374,76.35000000000001,5.6850000000000005,0.0,1.0,0.0,0.0,0.0,1.0,1.0,1.0
2020-05-30 03:24:16,8.556,8.376,-0.0079999999999991,2.0540000000000003,8.378,76.22500000000001,5.727500000000001,0.0,1.0,0.0,0.0,0.0,1.0,1.0,1.0
2020-05-30 03:24:26,8.562,8.384,-0.0079999999999991,2.0540000000000003,8.386,76.22500000000001,5.7475000000000005,0.0,1.0,0.0,0.0,0.0,1.0,1.0,1.0
2020-05-30 03:24:36,7.26,8.372,-0.0079999999999991,1.652000000000001,8.376,76.22500000000001,5.445,0.0,1.0,1.0,0.0,0.0,1.0,1.0,1.0
2020-05-30 03:24:46,8.474,8.354,-0.0079999999999991,2.024000000000001,8.356,76.4,5.637499999999999,0.0,1.0,1.0,0.0,0.0,1.0,1.0,1.0
2020-05-30 03:24:56,8.594,8.36,-0.0079999999999991,2.058,8.364,76.42500000000001,5.692500000000001,0.0,1.0,1.0,0.0,0.0,1.0,1.0,1.0
2020-05-30 03:25:06,8.598,8.376,-0.0079999999999991,2.062000000000001,8.376,76.25,5.725,0.0,1.0,1.0,0.0,0.0,1.0,1.0,1.0
2020-05-30 03:25:16,8.606,8.386,-0.0079999999999991,2.068,8.388,76.2,5.7325,0.0,1.0,1.0,0.0,0.0,1.0,1.0,1.0
2020-05-30 03:25:25,8.614,8.398,-0.0079999999999991,2.0700000000000003,8.398,76.275,5.645,0.0,1.0,1.0,0.0,0.0,1.0,1.0,1.0
2020-05-30 03:25:35,7.093999999999999,8.386,-0.0060000000000002,1.6039999999999992,8.388,76.29999999999998,5.275,0.0,1.0,0.0,0.0,0.0,1.0,1.0,1.0
2020-05-30 03:25:45,8.232,8.366,-0.0079999999999991,1.946,8.368,76.4,5.512499999999999,0.0,1.0,0.0,0.0,0.0,1.0,1.0,1.0
2020-05-30 03:25:55,8.554,8.364,-0.0060000000000002,2.048,8.366,76.4,5.6175,0.0,1.0,0.0,0.0,0.0,1.0,1.0,1.0
2020-05-30 03:26:05,8.554,8.372,-0.0079999999999991,2.048,8.372,76.25,5.715,0.0,1.0,0.0,0.0,0.0,1.0,1.0,1.0
2020-05-30 03:26:15,8.556,8.378,-0.0079999999999991,2.052,8.38,76.1,5.720000000000001,0.0,1.0,0.0,0.0,0.0,1.0,1.0,1.0
2020-05-30 03:26:25,8.562,8.382,-0.0079999999999991,2.0540000000000003,8.384,76.1,5.702499999999999,0.0,1.0,0.0,0.0,0.0,1.0,1.0,1.0
2020-05-30 03:26:35,7.449999999999999,8.372,-0.0060000000000002,1.7100000000000009,8.372,76.2,5.382499999999999,0.0,1.0,1.0,0.0,0.0,1.0,1.0,1.0
2020-05-30 03:26:45,8.488,8.352,-0.0060000000000002,2.024000000000001,8.356,76.25,5.5975,0.0,1.0,1.0,0.0,0.0,1.0,1.0,1.0
2020-05-30 03:26:55,8.594,8.362,-0.0060000000000002,2.062000000000001,8.364,76.375,5.602499999999999,0.0,1.0,1.0,0.0,0.0,1.0,1.0,1.0
2020-05-30 03:27:05,8.598,8.376,-0.0079999999999991,2.064,8.378,76.175,5.58,0.0,1.0,1.0,0.0,0.0,1.0,1.0,1.0
2020-05-30 03:27:15,8.608,8.388,-0.0079999999999991,2.065999999999999,8.388,76.1,5.627500000000001,0.0,1.0,1.0,0.0,0.0,1.0,1.0,1.0
2020-05-30 03:27:24,8.616,8.396,-0.0079999999999991,2.0700000000000003,8.398,76.075,5.567500000000001,0.0,1.0,1.0,0.0,0.0,1.0,1.0,1.0
2020-05-30 03:27:34,7.262,8.382,-0.0060000000000002,1.6559999999999988,8.386,76.375,5.282500000000001,0.0,1.0,0.0,0.0,0.0,1.0,1.0,1.0
2020-05-30 03:27:44,8.312,8.364,-0.0079999999999991,1.9699999999999989,8.366,76.29999999999998,5.5550000000000015,0.0,1.0,0.0,0.0,0.0,1.0,1.0,1.0
2020-05-30 03:27:54,8.552,8.362,-0.0079999999999991,2.0440000000000005,8.366,76.375,5.622499999999999,0.0,1.0,0.0,0.0,0.0,1.0,1.0,1.0
2020-05-30 03:28:04,8.55,8.372,-0.0079999999999991,2.046,8.372,76.29999999999998,5.7575,0.0,1.0,0.0,0.0,0.0,1.0,1.0,1.0
2020-05-30 03:28:14,8.556,8.378,-0.0079999999999991,2.0500000000000007,8.38,76.1,5.682499999999999,0.0,1.0,0.0,0.0,0.0,1.0,1.0,1.0
2020-05-30 03:28:24,8.56,8.382,-0.0060000000000002,2.0540000000000003,8.384,76.1,5.595000000000001,0.0,1.0,0.0,0.0,0.0,1.0,1.0,1.0
2020-05-30 03:28:34,7.492000000000001,8.37,-0.0060000000000002,1.7240000000000002,8.372,76.175,5.342499999999999,0.0,1.0,1.0,0.0,0.0,1.0,1.0,1.0
2020-05-30 03:28:44,8.536,8.352,-0.0060000000000002,2.042,8.354,76.275,5.59,0.0,1.0,1.0,0.0,0.0,1.0,1.0,1.0
2020-05-30 03:28:54,8.59,8.362,-0.0079999999999991,2.058,8.364,76.275,5.640000000000001,0.0,1.0,1.0,0.0,0.0,1.0,1.0,1.0
2020-05-30 03:29:04,8.6,8.374,-0.0060000000000002,2.062000000000001,8.376,76.2,5.645,0.0,1.0,1.0,0.0,0.0,1.0,1.0,1.0
2020-05-30 03:29:13,8.608,8.386,-0.0060000000000002,2.068,8.388,76.22500000000001,5.682499999999999,0.0,1.0,1.0,0.0,0.0,1.0,1.0,1.0
2020-05-30 03:29:23,8.616,8.398,-0.0079999999999991,2.071999999999999,8.398,76.2,5.7475000000000005,0.0,1.0,1.0,0.0,0.0,1.0,1.0,1.0
2020-05-30 03:29:33,7.314,8.382,-0.0060000000000002,1.6679999999999993,8.384,76.29999999999998,5.462499999999999,0.0,1.0,0.0,0.0,0.0,1.0,1.0,1.0
2020-05-30 03:29:43,8.33,8.362,-0.0060000000000002,1.974,8.366,76.49999999999999,5.657499999999999,0.0,1.0,0.0,0.0,0.0,1.0,1.0,1.0
2020-05-30 03:29:53,8.552,8.362,-0.0060000000000002,2.0500000000000007,8.366,76.47500000000001,5.717499999999999,0.0,1.0,0.0,0.0,0.0,1.0,1.0,1.0
2020-05-30 03:30:03,8.552,8.37,-0.0060000000000002,2.048,8.372,76.2,5.649999999999999,0.0,1.0,0.0,0.0,0.0,1.0,1.0,1.0
2020-05-30 03:30:13,8.554,8.376,-0.0060000000000002,2.052,8.378,76.1,5.5875,0.0,1.0,0.0,0.0,0.0,1.0,1.0,1.0
2020-05-30 03:30:23,8.562,8.382,-0.0079999999999991,2.056000000000001,8.384,76.1,5.607500000000002,0.0,1.0,0.0,0.0,0.0,1.0,1.0,1.0
2020-05-30 03:30:33,7.641999999999999,8.366,-0.0079999999999991,1.7639999999999991,8.366,76.025,5.5,0.0,1.0,1.0,0.0,0.0,1.0,1.0,1.0
2020-05-30 03:30:43,8.54,8.348,-0.009999999999998,2.039999999999999,8.35,76.25,5.709999999999999,0.0,1.0,1.0,0.0,0.0,1.0,1.0,1.0
2020-05-30 03:30:53,8.594,8.362,-0.0060000000000002,2.056000000000001,8.362,76.2,5.7125,0.0,1.0,1.0,0.0,0.0,1.0,1.0,1.0
2020-05-30 03:31:02,8.598,8.376,-0.0079999999999991,2.0599999999999987,8.376,76.1,5.734999999999999,0.0,1.0,1.0,0.0,0.0,1.0,1.0,1.0
2020-05-30 03:31:12,8.606,8.386,-0.0079999999999991,2.064,8.388,76.0,5.745000000000001,0.0,1.0,1.0,0.0,0.0,1.0,1.0,1.0
2020-05-30 03:31:22,8.614,8.396,-0.0079999999999991,2.068,8.398,76.1,5.74,0.0,1.0,1.0,0.0,0.0,1.0,1.0,1.0
2020-05-30 03:31:32,7.460000000000001,8.378,-0.0060000000000002,1.7100000000000009,8.38,76.22500000000001,5.4125,0.0,1.0,0.0,0.0,0.0,1.0,1.0,1.0
2020-05-30 03:31:42,8.406,8.36,-0.0040000000000013,1.998000000000001,8.362,76.47500000000001,5.620000000000001,0.0,1.0,0.0,0.0,0.0,1.0,1.0,1.0
2020-05-30 03:31:52,8.55,8.362,-0.0060000000000002,2.0440000000000005,8.364,76.4,5.649999999999999,0.0,1.0,0.0,0.0,0.0,1.0,1.0,1.0
2020-05-30 03:32:02,8.55,8.372,-0.0040000000000013,2.046,8.372,76.2,5.622499999999999,0.0,1.0,0.0,0.0,0.0,1.0,1.0,1.0
2020-05-30 03:32:12,8.556,8.376,-0.0060000000000002,2.052,8.378,76.125,5.5625,0.0,1.0,0.0,0.0,0.0,1.0,1.0,1.0
2020-05-30 03:32:22,8.562,8.382,-0.0060000000000002,2.052,8.382,76.025,5.600000000000001,0.0,1.0,0.0,0.0,0.0,1.0,1.0,1.0
2020-05-30 03:32:32,7.683999999999999,8.366,-0.0079999999999991,1.7759999999999998,8.368,76.075,5.48,0.0,1.0,1.0,0.0,0.0,1.0,1.0,1.0
2020-05-30 03:32:42,8.548,8.35,-0.0060000000000002,2.046,8.354,76.29999999999998,5.7125,0.0,1.0,1.0,0.0,0.0,1.0,1.0,1.0
2020-05-30 03:32:51,8.594,8.364,-0.0060000000000002,2.0599999999999987,8.366,76.22500000000001,5.7125,0.0,1.0,1.0,0.0,0.0,1.0,1.0,1.0
2020-05-30 03:33:01,8.6,8.376,-0.0079999999999991,2.0599999999999987,8.378,76.2,5.7125,0.0,1.0,1.0,0.0,0.0,1.0,1.0,1.0
2020-05-30 03:33:11,8.608,8.386,-0.0079999999999991,2.064,8.39,76.175,5.694999999999999,0.0,1.0,1.0,0.0,0.0,1.0,1.0,1.0
2020-05-30 03:33:21,8.616,8.396,-0.0079999999999991,2.071999999999999,8.4,76.15,5.6175,0.0,1.0,1.0,0.0,0.0,1.0,1.0,1.0
2020-05-30 03:33:31,7.512,8.378,-0.0079999999999991,1.725999999999999,8.378,76.175,5.3925,0.0,1.0,0.0,0.0,0.0,1.0,1.0,1.0
2020-05-30 03:33:41,8.432,8.36,-0.0079999999999991,2.007999999999999,8.362,76.275,5.557499999999999,0.0,1.0,0.0,0.0,0.0,1.0,1.0,1.0
2020-05-30 03:33:51,8.554,8.362,-0.0079999999999991,2.048,8.364,76.29999999999998,5.565,0.0,1.0,0.0,0.0,0.0,1.0,1.0,1.0
2020-05-30 03:34:01,8.552,8.372,-0.0079999999999991,2.046,8.374,76.1,5.5975,0.0,1.0,0.0,0.0,0.0,1.0,1.0,1.0
2020-05-30 03:34:11,8.558,8.378,-0.0079999999999991,2.0500000000000007,8.378,76.22500000000001,5.5875,0.0,1.0,0.0,0.0,0.0,1.0,1.0,1.0
2020-05-30 03:34:21,8.562,8.382,-0.009999999999998,2.0540000000000003,8.386,76.075,5.5625,0.0,1.0,0.0,0.0,0.0,1.0,1.0,1.0
2020-05-30 03:34:31,7.832000000000001,8.364,-0.0079999999999991,1.8260000000000003,8.366,76.1,5.4725,0.0,1.0,1.0,0.0,0.0,1.0,1.0,1.0
2020-05-30 03:34:40,8.568,8.35,-0.0079999999999991,2.052,8.354,76.2,5.717499999999999,0.0,1.0,1.0,0.0,0.0,1.0,1.0,1.0
2020-05-30 03:34:50,8.6,8.366,-0.0060000000000002,2.062000000000001,8.368,76.2,5.720000000000001,0.0,1.0,1.0,0.0,0.0,1.0,1.0,1.0
2020-05-30 03:35:00,8.6,8.376,-0.009999999999998,2.0599999999999987,8.38,76.0,5.6525,0.0,1.0,1.0,0.0,0.0,1.0,1.0,1.0
2020-05-30 03:35:10,8.606,8.388,-0.0079999999999991,2.064,8.39,76.1,5.664999999999999,0.0,1.0,1.0,0.0,0.0,1.0,1.0,1.0
2020-05-30 03:35:20,8.618,8.4,-0.0060000000000002,2.0700000000000003,8.402,76.1,5.700000000000001,0.0,1.0,1.0,0.0,0.0,1.0,1.0,1.0
2020-05-30 03:35:30,7.635999999999999,8.374,-0.0079999999999991,1.7620000000000005,8.378,76.2,5.4175,0.0,1.0,0.0,0.0,0.0,1.0,1.0,1.0
2020-05-30 03:35:40,8.486,8.358,-0.0079999999999991,2.024000000000001,8.36,76.275,5.547500000000001,0.0,1.0,0.0,0.0,0.0,1.0,1.0,1.0
2020-05-30 03:35:50,8.554,8.362,-0.0079999999999991,2.046,8.364,76.1,5.545,0.0,1.0,0.0,0.0,0.0,1.0,1.0,1.0
2020-05-30 03:36:00,8.552,8.37,-0.0079999999999991,2.046,8.374,76.075,5.595000000000001,0.0,1.0,0.0,0.0,0.0,1.0,1.0,1.0
2020-05-30 03:36:10,8.56,8.378,-0.0079999999999991,2.052,8.38,76.0,5.59,0.0,1.0,0.0,0.0,0.0,1.0,1.0,1.0
2020-05-30 03:36:20,6.295999999999999,8.382,-0.0079999999999991,1.394,8.386,76.075,5.25,0.0,1.0,1.0,0.0,0.0,1.0,1.0,1.0
2020-05-30 03:36:29,7.85,8.364,-0.009999999999998,1.828,8.366,76.175,5.482499999999998,0.0,1.0,1.0,0.0,0.0,1.0,1.0,1.0
2020-05-30 03:36:39,8.578,8.354,-0.0079999999999991,2.0540000000000003,8.356,76.2,5.74,0.0,1.0,1.0,0.0,0.0,1.0,1.0,1.0
2020-05-30 03:36:49,8.596,8.366,-0.0079999999999991,2.0599999999999987,8.368,76.1,5.6325,0.0,1.0,1.0,0.0,0.0,1.0,1.0,1.0
2020-05-30 03:36:59,8.6,8.378,-0.0079999999999991,2.062000000000001,8.38,75.875,5.567500000000001,0.0,1.0,1.0,0.0,0.0,1.0,1.0,1.0
2020-05-30 03:37:09,8.612,8.388,-0.0079999999999991,2.0700000000000003,8.39,76.0,5.5975,0.0,1.0,1.0,0.0,0.0,1.0,1.0,1.0
2020-05-30 03:37:19,5.756,8.396,-0.0079999999999991,1.1780000000000008,8.398,76.025,5.012499999999999,0.0,1.0,0.0,0.0,0.0,0.0,1.0,1.0
2020-05-30 03:37:29,7.682,8.374,-0.009999999999998,1.774000000000001,8.376,76.1,5.440000000000001,0.0,1.0,0.0,0.0,0.0,1.0,1.0,1.0
2020-05-30 03:37:39,8.5,8.356,-0.0079999999999991,2.0279999999999987,8.36,76.2,5.637499999999999,0.0,1.0,0.0,0.0,0.0,1.0,1.0,1.0
2020-05-30 03:37:49,8.554,8.364,-0.0079999999999991,2.048,8.368,76.15,5.640000000000001,0.0,1.0,0.0,0.0,0.0,1.0,1.0,1.0
2020-05-30 03:37:59,8.556,8.374,-0.0079999999999991,2.0500000000000007,8.376,76.05,5.74,0.0,1.0,0.0,0.0,0.0,1.0,1.0,1.0
2020-05-30 03:38:09,8.56,8.378,-0.0079999999999991,2.052,8.382,75.975,5.7125,0.0,1.0,0.0,0.0,0.0,1.0,1.0,1.0
2020-05-30 03:38:18,6.210000000000001,8.382,-0.0079999999999991,1.298,8.382,75.89999999999999,5.215,0.0,1.0,1.0,0.0,0.0,1.0,1.0,1.0
2020-05-30 03:38:28,7.964,8.362,-0.0079999999999991,1.866,8.366,76.075,5.59,0.0,1.0,1.0,0.0,0.0,1.0,1.0,1.0
2020-05-30 03:38:38,8.572,8.352,-0.009999999999998,2.0540000000000003,8.356,76.1,5.672499999999999,0.0,1.0,1.0,0.0,0.0,1.0,1.0,1.0
2020-05-30 03:38:48,8.592,8.366,-0.009999999999998,2.056000000000001,8.368,76.175,5.595000000000001,0.0,1.0,1.0,0.0,0.0,1.0,1.0,1.0
2020-05-30 03:38:58,8.604,8.378,-0.009999999999998,2.064,8.38,76.025,5.620000000000001,0.0,1.0,1.0,0.0,0.0,1.0,1.0,1.0
2020-05-30 03:39:08,8.612,8.39,-0.009999999999998,2.0700000000000003,8.392,76.075,5.7225,0.0,1.0,1.0,0.0,0.0,1.0,1.0,1.0
2020-05-30 03:39:18,5.7620000000000005,8.394,-0.0079999999999991,1.17,8.396,76.1,5.16,0.0,1.0,0.0,0.0,0.0,1.0,1.0,1.0
2020-05-30 03:39:28,7.779999999999999,8.374,-0.0079999999999991,1.808,8.376,76.2,5.522499999999999,0.0,1.0,0.0,0.0,0.0,1.0,1.0,1.0
2020-05-30 03:39:38,8.516,8.356,-0.0079999999999991,2.033999999999999,8.358,76.275,5.595000000000001,0.0,1.0,0.0,0.0,0.0,1.0,1.0,1.0
2020-05-30 03:39:48,8.548,8.364,-0.0079999999999991,2.048,8.366,76.2,5.5975,0.0,1.0,0.0,0.0,0.0,1.0,1.0,1.0
2020-05-30 03:39:58,8.556,8.37,-0.0079999999999991,2.0500000000000007,8.372,76.1,5.609999999999999,0.0,1.0,0.0,0.0,0.0,1.0,1.0,1.0
2020-05-30 03:40:07,8.558,8.376,-0.0079999999999991,2.0540000000000003,8.378,76.075,5.5975,0.0,1.0,0.0,0.0,0.0,1.0,1.0,1.0
2020-05-30 03:40:17,6.298,8.376,-0.009999999999998,1.3339999999999996,8.38,76.1,5.109999999999999,0.0,1.0,1.0,0.0,0.0,1.0,1.0,1.0
2020-05-30 03:40:27,7.997999999999999,8.36,-0.0079999999999991,1.872,8.362,76.29999999999998,5.4350000000000005,0.0,1.0,1.0,0.0,0.0,1.0,1.0,1.0
2020-05-30 03:40:37,8.582,8.352,-0.0079999999999991,2.0599999999999987,8.354,76.325,5.557499999999999,0.0,1.0,1.0,0.0,0.0,1.0,1.0,1.0
2020-05-30 03:40:47,8.596,8.368,-0.0079999999999991,2.062000000000001,8.37,76.275,5.615000000000002,0.0,1.0,1.0,0.0,0.0,1.0,1.0,1.0
2020-05-30 03:40:57,8.596,8.378,-0.009999999999998,2.062000000000001,8.38,76.175,5.7225,0.0,1.0,1.0,0.0,0.0,1.0,1.0,1.0
2020-05-30 03:41:07,8.606,8.388,-0.0079999999999991,2.068,8.39,76.275,5.73,0.0,1.0,1.0,0.0,0.0,1.0,1.0,1.0
2020-05-30 03:41:17,5.962,8.392,-0.009999999999998,1.2279999999999998,8.394,76.175,5.0600000000000005,0.0,1.0,0.0,0.0,0.0,1.0,1.0,1.0
2020-05-30 03:41:27,7.843999999999999,8.37,-0.009999999999998,1.8260000000000003,8.372,76.275,5.407500000000001,0.0,1.0,0.0,0.0,0.0,1.0,1.0,1.0
2020-05-30 03:41:37,8.526,8.358,-0.0079999999999991,2.0380000000000003,8.358,76.29999999999998,5.5600000000000005,0.0,1.0,0.0,0.0,0.0,1.0,1.0,1.0
2020-05-30 03:41:47,8.554,8.364,-0.0079999999999991,2.048,8.366,76.375,5.5625,0.0,1.0,0.0,0.0,0.0,1.0,1.0,1.0
2020-05-30 03:41:56,8.554,8.372,-0.0079999999999991,2.048,8.374,76.1,5.6525,0.0,1.0,0.0,0.0,0.0,1.0,1.0,1.0
2020-05-30 03:42:06,8.556,8.376,-0.0079999999999991,2.052,8.38,76.075,5.66,0.0,1.0,0.0,0.0,0.0,1.0,1.0,1.0
2020-05-30 03:42:16,6.456,8.38,-0.0060000000000002,1.411999999999999,8.382,76.175,5.205,0.0,1.0,1.0,0.0,0.0,1.0,1.0,1.0
2020-05-30 03:42:26,8.046,8.36,-0.0060000000000002,1.8900000000000008,8.362,76.125,5.59,0.0,1.0,1.0,0.0,0.0,1.0,1.0,1.0
2020-05-30 03:42:36,8.588,8.356,-0.0079999999999991,2.0599999999999987,8.358,76.2,5.7325,0.0,1.0,1.0,0.0,0.0,1.0,1.0,1.0
2020-05-30 03:42:46,8.598,8.37,-0.0079999999999991,2.0599999999999987,8.37,76.1,5.709999999999999,0.0,1.0,1.0,0.0,0.0,1.0,1.0,1.0
2020-05-30 03:42:56,8.602,8.382,-0.0060000000000002,2.065999999999999,8.38,75.975,5.7775,0.0,1.0,1.0,0.0,0.0,1.0,1.0,1.0
2020-05-30 03:43:06,8.61,8.39,-0.0079999999999991,2.068,8.392,76.025,5.705,0.0,1.0,1.0,0.0,0.0,1.0,1.0,1.0
2020-05-30 03:43:16,6.300000000000001,8.39,-0.0079999999999991,1.370000000000001,8.392,76.0,5.095000000000001,0.0,1.0,0.0,0.0,0.0,1.0,1.0,1.0
2020-05-30 03:43:26,7.880000000000001,8.37,-0.0079999999999991,1.838000000000001,8.374,76.25,5.445,0.0,1.0,0.0,0.0,0.0,1.0,1.0,1.0
2020-05-30 03:43:36,8.528,8.358,-0.0079999999999991,2.0380000000000003,8.36,76.275,5.6525,0.0,1.0,0.0,0.0,0.0,1.0,1.0,1.0
2020-05-30 03:43:45,8.556,8.366,-0.0079999999999991,2.048,8.368,76.2,5.7125,0.0,1.0,0.0,0.0,0.0,1.0,1.0,1.0
2020-05-30 03:43:55,8.552,8.372,-0.0060000000000002,2.0500000000000007,8.374,75.925,5.694999999999999,0.0,1.0,0.0,0.0,0.0,1.0,1.0,1.0
2020-05-30 03:44:05,8.56,8.38,-0.0079999999999991,2.0540000000000003,8.382,75.89999999999999,5.752500000000001,0.0,1.0,0.0,0.0,0.0,1.0,1.0,1.0
2020-05-30 03:44:15,6.67,8.376,-0.0060000000000002,1.4800000000000004,8.38,75.89999999999999,5.337499999999999,0.0,1.0,1.0,0.0,0.0,1.0,1.0,1.0
2020-05-30 03:44:25,8.14,8.36,-0.0079999999999991,1.918,8.36,76.1,5.592500000000001,0.0,1.0,1.0,0.0,0.0,1.0,1.0,1.0
2020-05-30 03:44:35,8.586,8.356,-0.0060000000000002,2.056000000000001,8.358,76.075,5.694999999999999,0.0,1.0,1.0,0.0,0.0,1.0,1.0,1.0
2020-05-30 03:44:45,8.6,8.37,-0.0079999999999991,2.062000000000001,8.372,76.125,5.642499999999998,0.0,1.0,1.0,0.0,0.0,1.0,1.0,1.0
2020-05-30 03:44:55,8.602,8.382,-0.0060000000000002,2.065999999999999,8.384,76.075,5.642499999999998,0.0,1.0,1.0,0.0,0.0,1.0,1.0,1.0
2020-05-30 03:45:05,8.612,8.392,-0.0079999999999991,2.068,8.394,75.975,5.620000000000001,0.0,1.0,1.0,0.0,0.0,1.0,1.0,1.0
2020-05-30 03:45:15,6.284000000000001,8.392,-0.0060000000000002,1.3539999999999992,8.394,75.89999999999999,5.09,0.0,1.0,0.0,0.0,0.0,1.0,1.0,1.0
2020-05-30 03:45:25,7.970000000000001,8.372,-0.0079999999999991,1.8640000000000008,8.372,76.1,5.432500000000001,0.0,1.0,0.0,0.0,0.0,1.0,1.0,1.0
2020-05-30 03:45:34,8.538,8.36,-0.0079999999999991,2.042,8.362,76.29999999999998,5.664999999999999,0.0,1.0,0.0,0.0,0.0,1.0,1.0,1.0
2020-05-30 03:45:44,8.556,8.368,-0.0060000000000002,2.046,8.37,76.22500000000001,5.7325,0.0,1.0,0.0,0.0,0.0,1.0,1.0,1.0
2020-05-30 03:45:54,8.552,8.376,-0.0079999999999991,2.0500000000000007,8.376,76.1,5.672499999999999,0.0,1.0,0.0,0.0,0.0,1.0,1.0,1.0
2020-05-30 03:46:04,8.56,8.38,-0.0079999999999991,2.056000000000001,8.38,76.1,5.6850000000000005,0.0,1.0,0.0,0.0,0.0,1.0,1.0,1.0
2020-05-30 03:46:14,6.754,8.378,-0.0079999999999991,1.5099999999999998,8.378,76.15,5.2925,0.0,1.0,1.0,0.0,0.0,1.0,1.0,1.0
2020-05-30 03:46:24,8.256,8.358,-0.0079999999999991,1.9540000000000008,8.36,76.29999999999998,5.522499999999999,0.0,1.0,1.0,0.0,0.0,1.0,1.0,1.0
2020-05-30 03:46:34,8.592,8.36,-0.0079999999999991,2.062000000000001,8.362,76.29999999999998,5.5825,0.0,1.0,1.0,0.0,0.0,1.0,1.0,1.0
2020-05-30 03:46:44,8.598,8.372,-0.0079999999999991,2.062000000000001,8.374,76.1,5.607500000000002,0.0,1.0,1.0,0.0,0.0,1.0,1.0,1.0
2020-05-30 03:46:54,8.602,8.382,-0.0079999999999991,2.065999999999999,8.386,76.125,5.600000000000001,0.0,1.0,1.0,0.0,0.0,1.0,1.0,1.0
2020-05-30 03:47:04,8.614,8.394,-0.0079999999999991,2.071999999999999,8.396,76.1,5.647500000000001,0.0,1.0,1.0,0.0,0.0,1.0,1.0,1.0
2020-05-30 03:47:14,6.518000000000001,8.39,-0.0079999999999991,1.4260000000000002,8.392,76.1,5.195,0.0,1.0,0.0,0.0,0.0,1.0,1.0,1.0
2020-05-30 03:47:23,7.964,8.37,-0.009999999999998,1.862,8.374,76.29999999999998,5.57,0.0,1.0,0.0,0.0,0.0,1.0,1.0,1.0
2020-05-30 03:47:33,8.546,8.36,-0.0079999999999991,2.048,8.362,76.35000000000001,5.672499999999999,0.0,1.0,0.0,0.0,0.0,1.0,1.0,1.0
2020-05-30 03:47:43,8.556,8.368,-0.009999999999998,2.048,8.372,76.2,5.5825,0.0,1.0,0.0,0.0,0.0,1.0,1.0,1.0
2020-05-30 03:47:53,8.556,8.374,-0.009999999999998,2.0500000000000007,8.376,76.025,5.5975,0.0,1.0,0.0,0.0,0.0,1.0,1.0,1.0
2020-05-30 03:48:03,8.56,8.382,-0.0079999999999991,2.058,8.384,76.1,5.657499999999999,0.0,1.0,0.0,0.0,0.0,1.0,1.0,1.0
2020-05-30 03:48:13,6.956,8.376,-0.0079999999999991,1.5700000000000005,8.38,76.1,5.317499999999999,0.0,1.0,1.0,0.0,0.0,1.0,1.0,1.0
2020-05-30 03:48:23,8.256,8.358,-0.0079999999999991,1.9540000000000008,8.36,76.22500000000001,5.629999999999999,0.0,1.0,1.0,0.0,0.0,1.0,1.0,1.0
2020-05-30 03:48:33,8.594,8.36,-0.0060000000000002,2.058,8.36,76.175,5.752500000000001,0.0,1.0,1.0,0.0,0.0,1.0,1.0,1.0
2020-05-30 03:48:43,8.598,8.372,-0.0079999999999991,2.064,8.372,76.15,5.762499999999999,0.0,1.0,1.0,0.0,0.0,1.0,1.0,1.0
2020-05-30 03:48:53,8.606,8.384,-0.0060000000000002,2.065999999999999,8.386,76.025,5.705,0.0,1.0,1.0,0.0,0.0,1.0,1.0,1.0
2020-05-30 03:49:03,8.614,8.396,-0.0079999999999991,2.071999999999999,8.396,75.975,5.694999999999999,0.0,1.0,1.0,0.0,0.0,1.0,1.0,1.0
2020-05-30 03:49:13,6.726000000000001,8.39,-0.0079999999999991,1.501999999999999,8.392,76.025,5.26,0.0,1.0,0.0,0.0,0.0,1.0,1.0,1.0
2020-05-30 03:49:23,8.07,8.368,-0.0079999999999991,1.894,8.372,76.2,5.462499999999999,0.0,1.0,0.0,0.0,0.0,1.0,1.0,1.0
2020-05-30 03:49:32,8.546,8.362,-0.0060000000000002,2.0440000000000005,8.364,76.25,5.5525,0.0,1.0,0.0,0.0,0.0,1.0,1.0,1.0
2020-05-30 03:49:42,8.556,8.368,-0.0079999999999991,2.048,8.37,76.125,5.6975,0.0,1.0,0.0,0.0,0.0,1.0,1.0,1.0
2020-05-30 03:49:52,8.554,8.376,-0.009999999999998,2.048,8.378,76.1,5.73,0.0,1.0,0.0,0.0,0.0,1.0,1.0,1.0
2020-05-30 03:50:02,8.562,8.382,-0.0079999999999991,2.0540000000000003,8.384,76.075,5.647500000000001,0.0,1.0,0.0,0.0,0.0,1.0,1.0,1.0
2020-05-30 03:50:12,7.17,8.374,-0.0079999999999991,1.620000000000001,8.376,75.975,5.2775,0.0,1.0,1.0,0.0,0.0,1.0,1.0,1.0
2020-05-30 03:50:22,8.356,8.358,-0.0079999999999991,1.984,8.36,76.2,5.504999999999999,0.0,1.0,1.0,0.0,0.0,1.0,1.0,1.0
2020-05-30 03:50:32,8.592,8.36,-0.0079999999999991,2.056000000000001,8.36,76.2,5.5600000000000005,0.0,1.0,1.0,0.0,0.0,1.0,1.0,1.0
2020-05-30 03:50:42,8.6,8.374,-0.0079999999999991,2.064,8.376,76.075,5.595000000000001,0.0,1.0,1.0,0.0,0.0,1.0,1.0,1.0
2020-05-30 03:50:52,8.606,8.386,-0.0079999999999991,2.065999999999999,8.388,75.975,5.637499999999999,0.0,1.0,1.0,0.0,0.0,1.0,1.0,1.0
2020-05-30 03:51:02,8.616,8.396,-0.0079999999999991,2.071999999999999,8.396,75.925,5.622499999999999,0.0,1.0,1.0,0.0,0.0,1.0,1.0,1.0
2020-05-30 03:51:12,6.7940000000000005,8.386,-0.0079999999999991,1.5039999999999996,8.388,76.1,5.255000000000001,0.0,1.0,0.0,0.0,0.0,1.0,1.0,1.0
2020-05-30 03:51:22,8.168,8.368,-0.0079999999999991,1.926,8.37,76.2,5.642499999999998,0.0,1.0,0.0,0.0,0.0,1.0,1.0,1.0
2020-05-30 03:51:31,8.55,8.362,-0.0079999999999991,2.042,8.364,76.25,5.727500000000001,0.0,1.0,0.0,0.0,0.0,1.0,1.0,1.0
2020-05-30 03:51:41,8.556,8.37,-0.0079999999999991,2.048,8.372,76.2,5.715,0.0,1.0,0.0,0.0,0.0,1.0,1.0,1.0
2020-05-30 03:51:51,8.556,8.376,-0.0060000000000002,2.052,8.378,76.025,5.612500000000001,0.0,1.0,0.0,0.0,0.0,1.0,1.0,1.0
2020-05-30 03:52:01,8.56,8.382,-0.0079999999999991,2.056000000000001,8.384,76.05,5.565,0.0,1.0,0.0,0.0,0.0,1.0,1.0,1.0
2020-05-30 03:52:11,7.19,8.374,-0.0079999999999991,1.6319999999999997,8.374,76.075,5.324999999999999,0.0,1.0,1.0,0.0,0.0,1.0,1.0,1.0
2020-05-30 03:52:21,8.372,8.356,-0.0079999999999991,1.99,8.358,76.22500000000001,5.637499999999999,0.0,1.0,1.0,0.0,0.0,1.0,1.0,1.0
2020-05-30 03:52:31,8.596,8.36,-0.0060000000000002,2.062000000000001,8.364,76.075,5.727500000000001,0.0,1.0,1.0,0.0,0.0,1.0,1.0,1.0
2020-05-30 03:52:41,8.598,8.374,-0.0079999999999991,2.062000000000001,8.376,76.1,5.754999999999999,0.0,1.0,1.0,0.0,0.0,1.0,1.0,1.0
2020-05-30 03:52:51,8.606,8.384,-0.009999999999998,2.065999999999999,8.386,76.1,5.7425,0.0,1.0,1.0,0.0,0.0,1.0,1.0,1.0
2020-05-30 03:53:01,8.616,8.396,-0.0079999999999991,2.0700000000000003,8.398,76.025,5.720000000000001,0.0,1.0,1.0,0.0,0.0,1.0,1.0,1.0
2020-05-30 03:53:11,7.01,8.386,-0.0079999999999991,1.565999999999999,8.388,76.125,5.335000000000001,0.0,1.0,0.0,0.0,0.0,1.0,1.0,1.0
2020-05-30 03:53:21,8.196,8.368,-0.0079999999999991,1.934000000000001,8.368,76.2,5.565,0.0,1.0,0.0,0.0,0.0,1.0,1.0,1.0
2020-05-30 03:53:30,8.55,8.362,-0.0079999999999991,2.048,8.364,76.275,5.565,0.0,1.0,0.0,0.0,0.0,1.0,1.0,1.0
2020-05-30 03:53:40,8.556,8.37,-0.0079999999999991,2.0500000000000007,8.372,76.075,5.577500000000001,0.0,1.0,0.0,0.0,0.0,1.0,1.0,1.0
2020-05-30 03:53:50,8.556,8.376,-0.0079999999999991,2.052,8.378,75.975,5.5875,0.0,1.0,0.0,0.0,0.0,1.0,1.0,1.0
2020-05-30 03:54:00,8.56,8.38,-0.0079999999999991,2.056000000000001,8.384,76.075,5.59,0.0,1.0,0.0,0.0,0.0,1.0,1.0,1.0
2020-05-30 03:54:10,7.384,8.372,-0.0079999999999991,1.6920000000000002,8.374,76.0,5.455000000000002,0.0,1.0,1.0,0.0,0.0,1.0,1.0,1.0
2020-05-30 03:54:20,8.452,8.352,-0.0079999999999991,2.014,8.354,76.2,5.68,0.0,1.0,1.0,0.0,0.0,1.0,1.0,1.0
2020-05-30 03:54:30,8.596,8.362,-0.0079999999999991,2.0599999999999987,8.364,76.2,5.672499999999999,0.0,1.0,1.0,0.0,0.0,1.0,1.0,1.0
2020-05-30 03:54:40,8.6,8.376,-0.0060000000000002,2.065999999999999,8.38,76.22500000000001,5.629999999999999,0.0,1.0,1.0,0.0,0.0,1.0,1.0,1.0
2020-05-30 03:54:50,8.606,8.388,-0.0060000000000002,2.065999999999999,8.388,76.1,5.577500000000001,0.0,1.0,1.0,0.0,0.0,1.0,1.0,1.0
2020-05-30 03:55:00,8.614,8.396,-0.0079999999999991,2.0700000000000003,8.4,76.1,5.5825,0.0,1.0,1.0,0.0,0.0,1.0,1.0,1.0
2020-05-30 03:55:10,7.054,8.386,-0.0079999999999991,1.588000000000001,8.386,76.1,5.24,0.0,1.0,0.0,0.0,0.0,1.0,1.0,1.0
2020-05-30 03:55:20,8.28,8.364,-0.0079999999999991,1.958,8.368,76.275,5.57,0.0,1.0,0.0,0.0,0.0,1.0,1.0,1.0
2020-05-30 03:55:29,8.552,8.362,-0.0079999999999991,2.046,8.366,76.22500000000001,5.6525,0.0,1.0,0.0,0.0,0.0,1.0,1.0,1.0
2020-05-30 03:55:39,8.554,8.37,-0.009999999999998,2.0500000000000007,8.372,76.2,5.672499999999999,0.0,1.0,0.0,0.0,0.0,1.0,1.0,1.0
2020-05-30 03:55:49,8.558,8.376,-0.0079999999999991,2.052,8.38,75.975,5.760000000000002,0.0,1.0,0.0,0.0,0.0,1.0,1.0,1.0
2020-05-30 03:55:59,8.562,8.382,-0.0079999999999991,2.0540000000000003,8.384,76.0,5.7425,0.0,1.0,0.0,0.0,0.0,1.0,1.0,1.0
2020-05-30 03:56:09,7.401999999999999,8.37,-0.0079999999999991,1.693999999999999,8.372,76.1,5.404999999999999,0.0,1.0,1.0,0.0,0.0,1.0,1.0,1.0
2020-05-30 03:56:19,8.516,8.352,-0.0079999999999991,2.036,8.356,76.15,5.577500000000001,0.0,1.0,1.0,0.0,0.0,1.0,1.0,1.0
2020-05-30 03:56:29,8.594,8.362,-0.0079999999999991,2.058,8.364,76.175,5.59,0.0,1.0,1.0,0.0,0.0,1.0,1.0,1.0
2020-05-30 03:56:39,8.602,8.376,-0.0079999999999991,2.064,8.378,76.1,5.622499999999999,0.0,1.0,1.0,0.0,0.0,1.0,1.0,1.0
2020-05-30 03:56:49,8.608,8.386,-0.0079999999999991,2.068,8.388,76.0,5.634999999999998,0.0,1.0,1.0,0.0,0.0,1.0,1.0,1.0
2020-05-30 03:56:59,8.618,8.398,-0.0060000000000002,2.071999999999999,8.4,76.1,5.700000000000001,0.0,1.0,1.0,0.0,0.0,1.0,1.0,1.0
2020-05-30 03:57:09,7.234,8.382,-0.0079999999999991,1.6400000000000006,8.384,76.25,5.432500000000001,0.0,1.0,0.0,0.0,0.0,1.0,1.0,1.0
2020-05-30 03:57:19,8.296,8.364,-0.0079999999999991,1.962,8.366,76.4,5.672499999999999,0.0,1.0,0.0,0.0,0.0,1.0,1.0,1.0
2020-05-30 03:57:29,8.554,8.362,-0.0079999999999991,2.046,8.366,76.4,5.709999999999999,0.0,1.0,0.0,0.0,0.0,1.0,1.0,1.0
2020-05-30 03:57:38,8.554,8.37,-0.009999999999998,2.048,8.374,76.275,5.700000000000001,0.0,1.0,0.0,0.0,0.0,1.0,1.0,1.0
2020-05-30 03:57:48,8.556,8.376,-0.009999999999998,2.052,8.378,76.075,5.654999999999999,0.0,1.0,0.0,0.0,0.0,1.0,1.0,1.0
2020-05-30 03:57:58,8.564,8.382,-0.009999999999998,2.0540000000000003,8.386,76.1,5.577500000000001,0.0,1.0,0.0,0.0,0.0,1.0,1.0,1.0
2020-05-30 03:58:08,7.582000000000001,8.37,-0.0079999999999991,1.751999999999999,8.37,76.1,5.362499999999999,0.0,1.0,1.0,0.0,0.0,1.0,1.0,1.0
2020-05-30 03:58:18,8.53,8.352,-0.009999999999998,2.039999999999999,8.354,76.275,5.57,0.0,1.0,1.0,0.0,0.0,1.0,1.0,1.0
2020-05-30 03:58:28,8.592,8.362,-0.0079999999999991,2.058,8.364,76.275,5.700000000000001,0.0,1.0,1.0,0.0,0.0,1.0,1.0,1.0
2020-05-30 03:58:38,8.6,8.376,-0.0079999999999991,2.062000000000001,8.378,76.175,5.6975,0.0,1.0,1.0,0.0,0.0,1.0,1.0,1.0
2020-05-30 03:58:48,8.608,8.386,-0.0079999999999991,2.0700000000000003,8.39,76.1,5.595000000000001,0.0,1.0,1.0,0.0,0.0,1.0,1.0,1.0
2020-05-30 03:58:58,8.616,8.396,-0.009999999999998,2.071999999999999,8.4,76.2,5.609999999999999,0.0,1.0,1.0,0.0,0.0,1.0,1.0,1.0
2020-05-30 03:59:08,7.300000000000001,8.38,-0.0079999999999991,1.6660000000000004,8.384,76.2,5.287500000000001,0.0,1.0,0.0,0.0,0.0,1.0,1.0,1.0
2020-05-30 03:59:18,8.386,8.362,-0.0079999999999991,1.994,8.364,76.35000000000001,5.625,0.0,1.0,0.0,0.0,0.0,1.0,1.0,1.0
2020-05-30 03:59:28,8.554,8.362,-0.0079999999999991,2.046,8.366,76.29999999999998,5.672499999999999,0.0,1.0,0.0,0.0,0.0,1.0,1.0,1.0
2020-05-30 03:59:37,8.554,8.37,-0.0079999999999991,2.052,8.372,76.2,5.709999999999999,0.0,1.0,0.0,0.0,0.0,1.0,1.0,1.0
2020-05-30 03:59:47,8.558,8.378,-0.0079999999999991,2.0540000000000003,8.378,75.975,5.7325,0.0,1.0,0.0,0.0,0.0,1.0,1.0,1.0
2020-05-30 03:59:57,8.562,8.382,-0.0079999999999991,2.056000000000001,8.386,76.125,5.745000000000001,0.0,1.0,0.0,0.0,0.0,1.0,1.0,1.0
2020-05-30 04:00:07,7.65,8.366,-0.009999999999998,1.7699999999999996,8.37,76.075,5.4925,0.0,1.0,1.0,0.0,0.0,1.0,1.0,1.0
2020-05-30 04:00:17,8.56,8.35,-0.0079999999999991,2.048,8.352,76.275,5.620000000000001,0.0,1.0,1.0,0.0,0.0,1.0,1.0,1.0
2020-05-30 04:00:27,8.596,8.364,-0.009999999999998,2.064,8.366,76.075,5.575000000000001,0.0,1.0,1.0,0.0,0.0,1.0,1.0,1.0
2020-05-30 04:00:37,8.598,8.376,-0.009999999999998,2.0599999999999987,8.378,76.075,5.6175,0.0,1.0,1.0,0.0,0.0,1.0,1.0,1.0
2020-05-30 04:00:47,8.608,8.388,-0.0079999999999991,2.065999999999999,8.39,76.1,5.717499999999999,0.0,1.0,1.0,0.0,0.0,1.0,1.0,1.0
2020-05-30 04:00:57,8.614,8.398,-0.009999999999998,2.0700000000000003,8.398,76.125,5.692500000000001,0.0,1.0,1.0,0.0,0.0,1.0,1.0,1.0
2020-05-30 04:01:07,7.455999999999999,8.378,-0.0079999999999991,1.7119999999999995,8.382,76.275,5.389999999999999,0.0,1.0,0.0,0.0,0.0,1.0,1.0,1.0
2020-05-30 04:01:17,8.406,8.36,-0.0079999999999991,1.998000000000001,8.362,76.29999999999998,5.5275,0.0,1.0,0.0,0.0,0.0,1.0,1.0,1.0
2020-05-30 04:01:27,8.554,8.362,-0.0079999999999991,2.0440000000000005,8.364,76.25,5.567500000000001,0.0,1.0,0.0,0.0,0.0,1.0,1.0,1.0
2020-05-30 04:01:36,8.552,8.37,-0.009999999999998,2.048,8.372,76.1,5.5825,0.0,1.0,0.0,0.0,0.0,1.0,1.0,1.0
2020-05-30 04:01:46,8.556,8.376,-0.009999999999998,2.048,8.378,76.075,5.58,0.0,1.0,0.0,0.0,0.0,1.0,1.0,1.0
2020-05-30 04:01:56,8.56,8.38,-0.009999999999998,2.052,8.384,76.1,5.6525,0.0,1.0,0.0,0.0,0.0,1.0,1.0,1.0
2020-05-30 04:02:06,7.779999999999999,8.364,-0.0079999999999991,1.8040000000000005,8.366,76.175,5.5550000000000015,0.0,1.0,1.0,0.0,0.0,1.0,1.0,1.0
2020-05-30 04:02:16,8.56,8.35,-0.009999999999998,2.046,8.352,76.29999999999998,5.720000000000001,0.0,1.0,1.0,0.0,0.0,1.0,1.0,1.0
2020-05-30 04:02:26,8.594,8.362,-0.0079999999999991,2.0599999999999987,8.364,76.275,5.74,0.0,1.0,1.0,0.0,0.0,1.0,1.0,1.0
2020-05-30 04:02:36,8.6,8.376,-0.0079999999999991,2.062000000000001,8.376,76.15,5.715,0.0,1.0,1.0,0.0,0.0,1.0,1.0,1.0
2020-05-30 04:02:46,8.608,8.386,-0.0079999999999991,2.068,8.39,76.175,5.68,0.0,1.0,1.0,0.0,0.0,1.0,1.0,1.0
2020-05-30 04:02:56,8.614,8.396,-0.0079999999999991,2.0700000000000003,8.398,76.2,5.600000000000001,0.0,1.0,1.0,0.0,0.0,1.0,1.0,1.0
2020-05-30 04:03:06,7.598000000000001,8.374,-0.0079999999999991,1.751999999999999,8.378,76.2,5.380000000000001,0.0,1.0,0.0,0.0,0.0,1.0,1.0,1.0
2020-05-30 04:03:16,8.466,8.356,-0.0079999999999991,2.014,8.36,76.4,5.66,0.0,1.0,0.0,0.0,0.0,1.0,1.0,1.0
2020-05-30 04:03:26,8.552,8.362,-0.0079999999999991,2.0440000000000005,8.364,76.4,5.709999999999999,0.0,1.0,0.0,0.0,0.0,1.0,1.0,1.0
2020-05-30 04:03:35,8.552,8.368,-0.0079999999999991,2.046,8.37,76.29999999999998,5.725,0.0,1.0,0.0,0.0,0.0,1.0,1.0,1.0
2020-05-30 04:03:45,8.554,8.374,-0.0079999999999991,2.048,8.378,76.275,5.7325,0.0,1.0,0.0,0.0,0.0,1.0,1.0,1.0
2020-05-30 04:03:55,7.116,8.38,-0.0079999999999991,1.6820000000000004,8.382,76.2,5.557499999999999,0.0,1.0,1.0,0.0,0.0,0.0,1.0,1.0
2020-05-30 04:04:05,7.82,8.36,-0.0079999999999991,1.8219999999999992,8.364,76.22500000000001,5.51,0.0,1.0,1.0,0.0,0.0,1.0,1.0,1.0
2020-05-30 04:04:15,8.576,8.35,-0.0060000000000002,2.056000000000001,8.354,76.4,5.57,0.0,1.0,1.0,0.0,0.0,1.0,1.0,1.0
2020-05-30 04:04:25,8.592,8.362,-0.0079999999999991,2.058,8.366,76.25,5.5725,0.0,1.0,1.0,0.0,0.0,1.0,1.0,1.0
2020-05-30 04:04:35,8.598,8.374,-0.0079999999999991,2.062000000000001,8.378,76.275,5.5825,0.0,1.0,1.0,0.0,0.0,1.0,1.0,1.0
2020-05-30 04:04:45,8.606,8.386,-0.009999999999998,2.065999999999999,8.388,76.1,5.605,0.0,1.0,1.0,0.0,0.0,1.0,1.0,1.0
2020-05-30 04:04:55,5.654,8.392,-0.0079999999999991,1.1720000000000006,8.396,76.275,5.0600000000000005,0.0,1.0,0.0,0.0,0.0,1.0,1.0,1.0
2020-05-30 04:05:05,7.628,8.372,-0.0079999999999991,1.7599999999999998,8.376,76.35000000000001,5.497499999999999,0.0,1.0,0.0,0.0,0.0,1.0,1.0,1.0
2020-05-30 04:05:15,8.504,8.354,-0.0079999999999991,2.033999999999999,8.358,76.49999999999999,5.640000000000001,0.0,1.0,0.0,0.0,0.0,1.0,1.0,1.0
2020-05-30 04:05:25,8.552,8.362,-0.0079999999999991,2.046,8.364,76.4,5.57,0.0,1.0,0.0,0.0,0.0,1.0,1.0,1.0
2020-05-30 04:05:34,8.55,8.368,-0.0079999999999991,2.046,8.37,76.275,5.567500000000001,0.0,1.0,0.0,0.0,0.0,1.0,1.0,1.0
2020-05-30 04:05:44,8.554,8.376,-0.0079999999999991,2.0500000000000007,8.376,76.25,5.627500000000001,0.0,1.0,0.0,0.0,0.0,1.0,1.0,1.0
2020-05-30 04:05:54,6.07,8.378,-0.0079999999999991,1.2620000000000005,8.38,76.125,5.115,0.0,1.0,1.0,0.0,0.0,1.0,1.0,1.0
2020-05-30 04:06:04,7.916,8.358,-0.0079999999999991,1.847999999999999,8.36,76.22500000000001,5.549999999999999,0.0,1.0,1.0,0.0,0.0,1.0,1.0,1.0
2020-05-30 04:06:14,8.572,8.35,-0.0079999999999991,2.052,8.352,76.375,5.709999999999999,0.0,1.0,1.0,0.0,0.0,1.0,1.0,1.0
2020-05-30 04:06:24,8.594,8.362,-0.009999999999998,2.058,8.368,76.29999999999998,5.7425,0.0,1.0,1.0,0.0,0.0,1.0,1.0,1.0
2020-05-30 04:06:34,8.598,8.374,-0.0079999999999991,2.062000000000001,8.378,76.1,5.6875,0.0,1.0,1.0,0.0,0.0,1.0,1.0,1.0
2020-05-30 04:06:44,8.606,8.386,-0.0079999999999991,2.064,8.388,76.2,5.7325,0.0,1.0,1.0,0.0,0.0,1.0,1.0,1.0
2020-05-30 04:06:54,5.949999999999999,8.39,-0.0079999999999991,1.2300000000000004,8.394,76.2,5.1325,0.0,1.0,0.0,0.0,0.0,1.0,1.0,1.0
2020-05-30 04:07:04,7.74,8.37,-0.0079999999999991,1.7940000000000005,8.372,76.375,5.397499999999999,0.0,1.0,0.0,0.0,0.0,1.0,1.0,1.0
2020-05-30 04:07:14,8.508,8.352,-0.009999999999998,2.032,8.356,76.375,5.5625,0.0,1.0,0.0,0.0,0.0,1.0,1.0,1.0
2020-05-30 04:07:24,8.552,8.36,-0.009999999999998,2.046,8.362,76.29999999999998,5.637499999999999,0.0,1.0,0.0,0.0,0.0,1.0,1.0,1.0
2020-05-30 04:07:33,8.548,8.368,-0.0079999999999991,2.046,8.368,76.2,5.720000000000001,0.0,1.0,0.0,0.0,0.0,1.0,1.0,1.0
2020-05-30 04:07:43,8.552,8.374,-0.009999999999998,2.048,8.376,76.125,5.622499999999999,0.0,1.0,0.0,0.0,0.0,1.0,1.0,1.0
2020-05-30 04:07:53,6.17,8.376,-0.0079999999999991,1.283999999999999,8.378,76.175,5.1075,0.0,1.0,1.0,0.0,0.0,1.0,1.0,1.0
2020-05-30 04:08:03,8.038,8.356,-0.0079999999999991,1.888,8.358,76.25,5.4350000000000005,0.0,1.0,1.0,0.0,0.0,1.0,1.0,1.0
2020-05-30 04:08:13,8.58,8.35,-0.0079999999999991,2.056000000000001,8.352,76.35000000000001,5.585000000000001,0.0,1.0,1.0,0.0,0.0,1.0,1.0,1.0
2020-05-30 04:08:23,8.596,8.362,-0.0079999999999991,2.062000000000001,8.366,76.22500000000001,5.627500000000001,0.0,1.0,1.0,0.0,0.0,1.0,1.0,1.0
2020-05-30 04:08:33,8.596,8.376,-0.0079999999999991,2.0599999999999987,8.38,76.075,5.6175,0.0,1.0,1.0,0.0,0.0,1.0,1.0,1.0
2020-05-30 04:08:43,8.606,8.386,-0.009999999999998,2.065999999999999,8.39,76.075,5.629999999999999,0.0,1.0,1.0,0.0,0.0,1.0,1.0,1.0
2020-05-30 04:08:53,6.006,8.39,-0.0079999999999991,1.268000000000001,8.392,76.1,5.067500000000001,0.0,1.0,0.0,0.0,0.0,1.0,1.0,1.0
2020-05-30 04:09:03,7.773999999999999,8.37,-0.0079999999999991,1.8040000000000005,8.372,76.29999999999998,5.397499999999999,0.0,1.0,0.0,0.0,0.0,1.0,1.0,1.0
2020-05-30 04:09:13,8.528,8.354,-0.0079999999999991,2.036,8.356,76.35000000000001,5.557499999999999,0.0,1.0,0.0,0.0,0.0,1.0,1.0,1.0
2020-05-30 04:09:23,8.548,8.362,-0.009999999999998,2.046,8.364,76.35000000000001,5.600000000000001,0.0,1.0,0.0,0.0,0.0,1.0,1.0,1.0
2020-05-30 04:09:32,8.548,8.368,-0.0079999999999991,2.048,8.372,76.29999999999998,5.7225,0.0,1.0,0.0,0.0,0.0,1.0,1.0,1.0
2020-05-30 04:09:42,8.554,8.374,-0.0079999999999991,2.0500000000000007,8.376,76.22500000000001,5.654999999999999,0.0,1.0,0.0,0.0,0.0,1.0,1.0,1.0
2020-05-30 04:09:52,6.542,8.374,-0.0079999999999991,1.4320000000000004,8.376,76.2,5.155000000000001,0.0,1.0,1.0,0.0,0.0,1.0,1.0,1.0
2020-05-30 04:10:02,8.074,8.354,-0.009999999999998,1.9000000000000004,8.358,76.275,5.462499999999999,0.0,1.0,1.0,0.0,0.0,1.0,1.0,1.0
2020-05-30 04:10:12,8.58,8.35,-0.009999999999998,2.056000000000001,8.352,76.2,5.547500000000001,0.0,1.0,1.0,0.0,0.0,1.0,1.0,1.0
2020-05-30 04:10:22,8.596,8.364,-0.009999999999998,2.0599999999999987,8.366,76.275,5.609999999999999,0.0,1.0,1.0,0.0,0.0,1.0,1.0,1.0
2020-05-30 04:10:32,8.598,8.376,-0.0079999999999991,2.064,8.378,76.275,5.6525,0.0,1.0,1.0,0.0,0.0,1.0,1.0,1.0
2020-05-30 04:10:42,8.608,8.386,-0.0060000000000002,2.0700000000000003,8.39,76.1,5.649999999999999,0.0,1.0,1.0,0.0,0.0,1.0,1.0,1.0
2020-05-30 04:10:52,6.162000000000001,8.388,-0.009999999999998,1.3279999999999994,8.39,76.2,5.1525,0.0,1.0,0.0,0.0,0.0,1.0,1.0,1.0
2020-05-30 04:11:02,7.914,8.366,-0.009999999999998,1.846,8.37,76.375,5.575000000000001,0.0,1.0,0.0,0.0,0.0,1.0,1.0,1.0
2020-05-30 04:11:12,8.53,8.352,-0.009999999999998,2.039999999999999,8.356,76.42500000000001,5.7225,0.0,1.0,0.0,0.0,0.0,1.0,1.0,1.0
2020-05-30 04:11:22,8.55,8.362,-0.0079999999999991,2.046,8.364,76.29999999999998,5.762499999999999,0.0,1.0,0.0,0.0,0.0,1.0,1.0,1.0
2020-05-30 04:11:31,8.548,8.368,-0.009999999999998,2.0500000000000007,8.37,76.25,5.6875,0.0,1.0,0.0,0.0,0.0,1.0,1.0,1.0
2020-05-30 04:11:41,8.554,8.374,-0.0079999999999991,2.0500000000000007,8.376,76.125,5.640000000000001,0.0,1.0,0.0,0.0,0.0,1.0,1.0,1.0
2020-05-30 04:11:51,6.640000000000001,8.37,-0.009999999999998,1.475999999999999,8.374,76.175,5.155000000000001,0.0,1.0,1.0,0.0,0.0,1.0,1.0,1.0
2020-05-30 04:12:01,8.122,8.354,-0.009999999999998,1.914,8.356,76.275,5.4725,0.0,1.0,1.0,0.0,0.0,1.0,1.0,1.0
2020-05-30 04:12:11,8.584,8.35,-0.009999999999998,2.056000000000001,8.352,76.4,5.717499999999999,0.0,1.0,1.0,0.0,0.0,1.0,1.0,1.0
2020-05-30 04:12:21,8.594,8.364,-0.009999999999998,2.064,8.366,76.275,5.754999999999999,0.0,1.0,1.0,0.0,0.0,1.0,1.0,1.0
2020-05-30 04:12:31,8.598,8.376,-0.009999999999998,2.062000000000001,8.378,76.22500000000001,5.772500000000001,0.0,1.0,1.0,0.0,0.0,1.0,1.0,1.0
2020-05-30 04:12:41,8.608,8.388,-0.0079999999999991,2.068,8.39,76.075,5.745000000000001,0.0,1.0,1.0,0.0,0.0,1.0,1.0,1.0
2020-05-30 04:12:51,6.470000000000001,8.384,-0.0079999999999991,1.4239999999999997,8.388,76.29999999999998,5.244999999999999,0.0,1.0,0.0,0.0,0.0,1.0,1.0,1.0
2020-05-30 04:13:01,7.954000000000001,8.364,-0.009999999999998,1.862,8.366,76.42500000000001,5.467500000000001,0.0,1.0,0.0,0.0,0.0,1.0,1.0,1.0
2020-05-30 04:13:11,8.538,8.354,-0.009999999999998,2.042,8.356,76.42500000000001,5.567500000000001,0.0,1.0,0.0,0.0,0.0,1.0,1.0,1.0
2020-05-30 04:13:21,8.548,8.362,-0.0079999999999991,2.046,8.364,76.35000000000001,5.577500000000001,0.0,1.0,0.0,0.0,0.0,1.0,1.0,1.0
2020-05-30 04:13:30,8.55,8.368,-0.0079999999999991,2.0500000000000007,8.37,76.125,5.57,0.0,1.0,0.0,0.0,0.0,1.0,1.0,1.0
2020-05-30 04:13:40,8.554,8.374,-0.009999999999998,2.052,8.376,76.175,5.5550000000000015,0.0,1.0,0.0,0.0,0.0,1.0,1.0,1.0
2020-05-30 04:13:50,6.876,8.37,-0.0079999999999991,1.533999999999999,8.372,76.1,5.255000000000001,0.0,1.0,1.0,0.0,0.0,1.0,1.0,1.0
2020-05-30 04:14:00,8.222,8.352,-0.009999999999998,1.942,8.354,76.29999999999998,5.620000000000001,0.0,1.0,1.0,0.0,0.0,1.0,1.0,1.0
2020-05-30 04:14:10,8.584,8.35,-0.0079999999999991,2.056000000000001,8.354,76.35000000000001,5.692500000000001,0.0,1.0,1.0,0.0,0.0,1.0,1.0,1.0
2020-05-30 04:14:20,8.59,8.366,-0.0079999999999991,2.062000000000001,8.368,76.275,5.575000000000001,0.0,1.0,1.0,0.0,0.0,1.0,1.0,1.0
2020-05-30 04:14:30,8.596,8.376,-0.0079999999999991,2.062000000000001,8.38,76.2,5.602499999999999,0.0,1.0,1.0,0.0,0.0,1.0,1.0,1.0
2020-05-30 04:14:40,8.606,8.386,-0.0079999999999991,2.065999999999999,8.39,76.22500000000001,5.600000000000001,0.0,1.0,1.0,0.0,0.0,1.0,1.0,1.0
2020-05-30 04:14:50,6.526,8.384,-0.009999999999998,1.436,8.386,76.29999999999998,5.1975,0.0,1.0,0.0,0.0,0.0,1.0,1.0,1.0
2020-05-30 04:15:00,8.054,8.362,-0.0079999999999991,1.892,8.366,76.4,5.622499999999999,0.0,1.0,0.0,0.0,0.0,1.0,1.0,1.0
2020-05-30 04:15:10,8.536,8.352,-0.0060000000000002,2.039999999999999,8.356,76.57499999999999,5.709999999999999,0.0,1.0,0.0,0.0,0.0,1.0,1.0,1.0
2020-05-30 04:15:20,8.544,8.36,-0.0079999999999991,2.0440000000000005,8.36,76.29999999999998,5.745000000000001,0.0,1.0,0.0,0.0,0.0,1.0,1.0,1.0
2020-05-30 04:15:30,8.552,8.366,-0.0079999999999991,2.048,8.368,76.275,5.68,0.0,1.0,0.0,0.0,0.0,1.0,1.0,1.0
2020-05-30 04:15:39,8.556,8.374,-0.0079999999999991,2.058,8.376,76.29999999999998,5.6875,0.0,1.0,0.0,0.0,0.0,1.0,1.0,1.0
2020-05-30 04:15:49,6.948,8.368,-0.0079999999999991,1.5620000000000012,8.37,76.25,5.295000000000002,0.0,1.0,1.0,0.0,0.0,1.0,1.0,1.0
2020-05-30 04:15:59,8.32,8.346,-0.0079999999999991,1.9699999999999989,8.348,76.375,5.512499999999999,0.0,1.0,1.0,0.0,0.0,1.0,1.0,1.0
2020-05-30 04:16:09,8.586,8.35,-0.0079999999999991,2.062000000000001,8.354,76.49999999999999,5.5550000000000015,0.0,1.0,1.0,0.0,0.0,1.0,1.0,1.0
2020-05-30 04:16:19,8.592,8.364,-0.0079999999999991,2.0599999999999987,8.366,76.29999999999998,5.6175,0.0,1.0,1.0,0.0,0.0,1.0,1.0,1.0
2020-05-30 04:16:29,8.598,8.378,-0.009999999999998,2.064,8.38,76.325,5.7475000000000005,0.0,1.0,1.0,0.0,0.0,1.0,1.0,1.0
2020-05-30 04:16:39,8.606,8.386,-0.009999999999998,2.068,8.388,76.29999999999998,5.67,0.0,1.0,1.0,0.0,0.0,1.0,1.0,1.0
2020-05-30 04:16:49,6.747999999999999,8.38,-0.0079999999999991,1.4939999999999998,8.382,76.275,5.192499999999999,0.0,1.0,0.0,0.0,0.0,1.0,1.0,1.0
2020-05-30 04:16:59,8.078,8.36,-0.0079999999999991,1.898,8.362,76.49999999999999,5.440000000000001,0.0,1.0,0.0,0.0,0.0,1.0,1.0,1.0
2020-05-30 04:17:09,8.542,8.352,-0.0079999999999991,2.039999999999999,8.354,76.47500000000001,5.59,0.0,1.0,0.0,0.0,0.0,1.0,1.0,1.0
2020-05-30 04:17:19,8.548,8.36,-0.009999999999998,2.046,8.362,76.29999999999998,5.629999999999999,0.0,1.0,0.0,0.0,0.0,1.0,1.0,1.0
2020-05-30 04:17:29,8.548,8.368,-0.0060000000000002,2.0440000000000005,8.368,76.2,5.642499999999998,0.0,1.0,0.0,0.0,0.0,1.0,1.0,1.0
2020-05-30 04:17:38,8.554,8.372,-0.009999999999998,2.048,8.374,76.275,5.6775,0.0,1.0,0.0,0.0,0.0,1.0,1.0,1.0
2020-05-30 04:17:48,7.174,8.364,-0.009999999999998,1.622,8.368,76.2,5.432500000000001,0.0,1.0,1.0,0.0,0.0,1.0,1.0,1.0
2020-05-30 04:17:58,8.36,8.348,-0.009999999999998,1.9819999999999995,8.348,76.375,5.702499999999999,0.0,1.0,1.0,0.0,0.0,1.0,1.0,1.0
2020-05-30 04:18:08,8.586,8.352,-0.0079999999999991,2.058,8.354,76.4,5.692500000000001,0.0,1.0,1.0,0.0,0.0,1.0,1.0,1.0
2020-05-30 04:18:18,8.59,8.366,-0.009999999999998,2.058,8.368,76.25,5.6325,0.0,1.0,1.0,0.0,0.0,1.0,1.0,1.0
2020-05-30 04:18:28,8.596,8.378,-0.0079999999999991,2.065999999999999,8.378,76.1,5.5725,0.0,1.0,1.0,0.0,0.0,1.0,1.0,1.0
2020-05-30 04:18:38,8.606,8.386,-0.009999999999998,2.065999999999999,8.388,76.2,5.629999999999999,0.0,1.0,1.0,0.0,0.0,1.0,1.0,1.0
2020-05-30 04:18:48,6.992000000000001,8.378,-0.0079999999999991,1.5739999999999998,8.378,76.29999999999998,5.369999999999999,0.0,1.0,0.0,0.0,0.0,1.0,1.0,1.0
2020-05-30 04:18:58,8.188,8.358,-0.009999999999998,1.9320000000000004,8.36,76.35000000000001,5.5825,0.0,1.0,0.0,0.0,0.0,1.0,1.0,1.0
2020-05-30 04:19:08,8.538,8.35,-0.0079999999999991,2.0440000000000005,8.354,76.4,5.57,0.0,1.0,0.0,0.0,0.0,1.0,1.0,1.0
2020-05-30 04:19:18,8.544,8.358,-0.0079999999999991,2.048,8.362,76.275,5.58,0.0,1.0,0.0,0.0,0.0,1.0,1.0,1.0
2020-05-30 04:19:28,8.55,8.366,-0.009999999999998,2.046,8.368,76.2,5.585000000000001,0.0,1.0,0.0,0.0,0.0,1.0,1.0,1.0
2020-05-30 04:19:37,8.556,8.372,-0.009999999999998,2.0500000000000007,8.374,76.2,5.6850000000000005,0.0,1.0,0.0,0.0,0.0,1.0,1.0,1.0
2020-05-30 04:19:47,7.186,8.362,-0.0079999999999991,1.622,8.366,76.2,5.4,0.0,1.0,1.0,0.0,0.0,1.0,1.0,1.0
2020-05-30 04:19:57,8.438,8.346,-0.009999999999998,2.01,8.348,76.275,5.549999999999999,0.0,1.0,1.0,0.0,0.0,1.0,1.0,1.0
2020-05-30 04:20:07,8.586,8.352,-0.0079999999999991,2.056000000000001,8.354,76.325,5.5825,0.0,1.0,1.0,0.0,0.0,1.0,1.0,1.0
2020-05-30 04:20:17,8.592,8.364,-0.0079999999999991,2.058,8.368,76.22500000000001,5.5725,0.0,1.0,1.0,0.0,0.0,1.0,1.0,1.0
2020-05-30 04:20:27,8.598,8.376,-0.0079999999999991,2.058,8.378,76.1,5.622499999999999,0.0,1.0,1.0,0.0,0.0,1.0,1.0,1.0
2020-05-30 04:20:37,8.606,8.386,-0.009999999999998,2.062000000000001,8.388,76.2,5.6525,0.0,1.0,1.0,0.0,0.0,1.0,1.0,1.0
2020-05-30 04:20:47,7.0120000000000005,8.376,-0.009999999999998,1.5739999999999998,8.38,76.29999999999998,5.34,0.0,1.0,0.0,0.0,0.0,1.0,1.0,1.0
2020-05-30 04:20:57,8.258,8.356,-0.0079999999999991,1.952,8.358,76.49999999999999,5.620000000000001,0.0,1.0,0.0,0.0,0.0,1.0,1.0,1.0
2020-05-30 04:21:07,8.544,8.354,-0.0060000000000002,2.042,8.356,76.64999999999999,5.5975,0.0,1.0,0.0,0.0,0.0,1.0,1.0,1.0
2020-05-30 04:21:17,8.544,8.36,-0.009999999999998,2.0440000000000005,8.362,76.375,5.567500000000001,0.0,1.0,0.0,0.0,0.0,1.0,1.0,1.0
2020-05-30 04:21:27,8.548,8.366,-0.009999999999998,2.046,8.368,76.275,5.6325,0.0,1.0,0.0,0.0,0.0,1.0,1.0,1.0
2020-05-30 04:21:36,8.556,8.374,-0.0079999999999991,2.052,8.376,76.29999999999998,5.700000000000001,0.0,1.0,0.0,0.0,0.0,1.0,1.0,1.0
2020-05-30 04:21:46,7.385999999999999,8.36,-0.0079999999999991,1.6879999999999988,8.364,76.275,5.465,0.0,1.0,1.0,0.0,0.0,1.0,1.0,1.0
2020-05-30 04:21:56,8.46,8.344,-0.0079999999999991,2.0180000000000007,8.346,76.275,5.6850000000000005,0.0,1.0,1.0,0.0,0.0,1.0,1.0,1.0
2020-05-30 04:22:06,8.59,8.352,-0.0079999999999991,2.0540000000000003,8.356,76.4,5.642499999999998,0.0,1.0,1.0,0.0,0.0,1.0,1.0,1.0
2020-05-30 04:22:16,8.59,8.364,-0.0079999999999991,2.0540000000000003,8.368,76.29999999999998,5.600000000000001,0.0,1.0,1.0,0.0,0.0,1.0,1.0,1.0
2020-05-30 04:22:26,8.6,8.376,-0.009999999999998,2.062000000000001,8.38,76.2,5.585000000000001,0.0,1.0,1.0,0.0,0.0,1.0,1.0,1.0
2020-05-30 04:22:36,8.606,8.388,-0.009999999999998,2.062000000000001,8.39,76.29999999999998,5.58,0.0,1.0,1.0,0.0,0.0,1.0,1.0,1.0
2020-05-30 04:22:46,7.220000000000001,8.374,-0.009999999999998,1.629999999999999,8.376,76.375,5.302500000000002,0.0,1.0,0.0,0.0,0.0,1.0,1.0,1.0
2020-05-30 04:22:56,8.288,8.356,-0.009999999999998,1.962,8.358,76.4,5.58,0.0,1.0,0.0,0.0,0.0,1.0,1.0,1.0
2020-05-30 04:23:06,8.544,8.352,-0.009999999999998,2.0440000000000005,8.356,76.47500000000001,5.700000000000001,0.0,1.0,0.0,0.0,0.0,1.0,1.0,1.0
2020-05-30 04:23:16,8.544,8.362,-0.009999999999998,2.039999999999999,8.362,76.375,5.657499999999999,0.0,1.0,0.0,0.0,0.0,1.0,1.0,1.0
2020-05-30 04:23:26,8.546,8.368,-0.009999999999998,2.046,8.368,76.29999999999998,5.57,0.0,1.0,0.0,0.0,0.0,1.0,1.0,1.0
2020-05-30 04:23:36,8.554,8.374,-0.0079999999999991,2.0500000000000007,8.376,76.375,5.58,0.0,1.0,0.0,0.0,0.0,1.0,1.0,1.0
2020-05-30 04:23:45,7.448,8.36,-0.0079999999999991,1.7080000000000002,8.362,76.275,5.415000000000001,0.0,1.0,1.0,0.0,0.0,1.0,1.0,1.0
2020-05-30 04:23:55,8.526,8.342,-0.0079999999999991,2.0380000000000003,8.346,76.47500000000001,5.7125,0.0,1.0,1.0,0.0,0.0,1.0,1.0,1.0
2020-05-30 04:24:05,8.59,8.354,-0.0079999999999991,2.056000000000001,8.356,76.375,5.734999999999999,0.0,1.0,1.0,0.0,0.0,1.0,1.0,1.0
2020-05-30 04:24:15,8.592,8.368,-0.0079999999999991,2.064,8.368,76.29999999999998,5.73,0.0,1.0,1.0,0.0,0.0,1.0,1.0,1.0
2020-05-30 04:24:25,8.602,8.376,-0.009999999999998,2.064,8.38,76.22500000000001,5.720000000000001,0.0,1.0,1.0,0.0,0.0,1.0,1.0,1.0
2020-05-30 04:24:35,8.61,8.39,-0.009999999999998,2.071999999999999,8.39,76.275,5.622499999999999,0.0,1.0,1.0,0.0,0.0,1.0,1.0,1.0
2020-05-30 04:24:45,7.286,8.372,-0.0079999999999991,1.6559999999999988,8.376,76.29999999999998,5.287500000000001,0.0,1.0,0.0,0.0,0.0,1.0,1.0,1.0
2020-05-30 04:24:55,8.324,8.356,-0.0079999999999991,1.974,8.358,76.4,5.5075,0.0,1.0,0.0,0.0,0.0,1.0,1.0,1.0
2020-05-30 04:25:05,8.546,8.352,-0.0079999999999991,2.046,8.356,76.4,5.58,0.0,1.0,0.0,0.0,0.0,1.0,1.0,1.0
2020-05-30 04:25:15,8.548,8.362,-0.009999999999998,2.0440000000000005,8.364,76.29999999999998,5.627500000000001,0.0,1.0,0.0,0.0,0.0,1.0,1.0,1.0
2020-05-30 04:25:25,8.548,8.368,-0.009999999999998,2.048,8.372,76.375,5.7125,0.0,1.0,0.0,0.0,0.0,1.0,1.0,1.0
2020-05-30 04:25:35,8.552,8.374,-0.009999999999998,2.0500000000000007,8.374,76.2,5.694999999999999,0.0,1.0,0.0,0.0,0.0,1.0,1.0,1.0
2020-05-30 04:25:44,7.666,8.358,-0.0079999999999991,1.7699999999999996,8.36,76.29999999999998,5.362499999999999,0.0,1.0,1.0,0.0,0.0,1.0,1.0,1.0
2020-05-30 04:25:54,8.54,8.342,-0.0060000000000002,2.039999999999999,8.346,76.44999999999999,5.585000000000001,0.0,1.0,1.0,0.0,0.0,1.0,1.0,1.0
2020-05-30 04:26:04,8.59,8.356,-0.0079999999999991,2.056000000000001,8.358,76.4,5.602499999999999,0.0,1.0,1.0,0.0,0.0,1.0,1.0,1.0
2020-05-30 04:26:14,8.594,8.37,-0.0060000000000002,2.0599999999999987,8.37,76.2,5.672499999999999,0.0,1.0,1.0,0.0,0.0,1.0,1.0,1.0
2020-05-30 04:26:24,8.602,8.378,-0.0079999999999991,2.062000000000001,8.382,76.2,5.727500000000001,0.0,1.0,1.0,0.0,0.0,1.0,1.0,1.0
2020-05-30 04:26:34,8.612,8.39,-0.0060000000000002,2.0700000000000003,8.392,76.2,5.767500000000002,0.0,1.0,1.0,0.0,0.0,1.0,1.0,1.0
2020-05-30 04:26:44,7.366,8.372,-0.009999999999998,1.6820000000000004,8.374,76.35000000000001,5.452500000000001,0.0,1.0,0.0,0.0,0.0,1.0,1.0,1.0
2020-05-30 04:26:54,8.416,8.352,-0.0079999999999991,2.004,8.356,76.44999999999999,5.6525,0.0,1.0,0.0,0.0,0.0,1.0,1.0,1.0
2020-05-30 04:27:04,8.55,8.354,-0.0079999999999991,2.0440000000000005,8.358,76.6,5.6850000000000005,0.0,1.0,0.0,0.0,0.0,1.0,1.0,1.0
2020-05-30 04:27:14,8.546,8.36,-0.0079999999999991,2.0440000000000005,8.364,76.4,5.6775,0.0,1.0,0.0,0.0,0.0,1.0,1.0,1.0
2020-05-30 04:27:24,8.548,8.368,-0.0079999999999991,2.046,8.368,76.29999999999998,5.627500000000001,0.0,1.0,0.0,0.0,0.0,1.0,1.0,1.0
2020-05-30 04:27:34,8.554,8.374,-0.0079999999999991,2.048,8.376,76.35000000000001,5.5725,0.0,1.0,0.0,0.0,0.0,1.0,1.0,1.0
2020-05-30 04:27:43,7.704000000000001,8.356,-0.009999999999998,1.7859999999999996,8.358,76.25,5.3925,0.0,1.0,1.0,0.0,0.0,1.0,1.0,1.0
2020-05-30 04:27:53,8.544,8.342,-0.0079999999999991,2.0440000000000005,8.346,76.4,5.642499999999998,0.0,1.0,1.0,0.0,0.0,1.0,1.0,1.0
2020-05-30 04:28:03,8.592,8.358,-0.0060000000000002,2.056000000000001,8.36,76.275,5.692500000000001,0.0,1.0,1.0,0.0,0.0,1.0,1.0,1.0
2020-05-30 04:28:13,8.594,8.368,-0.009999999999998,2.0599999999999987,8.37,76.35000000000001,5.645,0.0,1.0,1.0,0.0,0.0,1.0,1.0,1.0
2020-05-30 04:28:23,8.602,8.38,-0.0079999999999991,2.062000000000001,8.382,76.2,5.73,0.0,1.0,1.0,0.0,0.0,1.0,1.0,1.0
2020-05-30 04:28:33,8.61,8.388,-0.009999999999998,2.065999999999999,8.39,76.275,5.600000000000001,0.0,1.0,1.0,0.0,0.0,1.0,1.0,1.0
2020-05-30 04:28:43,7.516,8.37,-0.009999999999998,1.7220000000000013,8.37,76.2,5.324999999999999,0.0,1.0,0.0,0.0,0.0,1.0,1.0,1.0
2020-05-30 04:28:53,8.428,8.352,-0.0079999999999991,2.004,8.354,76.47500000000001,5.535,0.0,1.0,0.0,0.0,0.0,1.0,1.0,1.0
2020-05-30 04:29:03,8.548,8.356,-0.009999999999998,2.0440000000000005,8.358,76.35000000000001,5.622499999999999,0.0,1.0,0.0,0.0,0.0,1.0,1.0,1.0
2020-05-30 04:29:13,8.546,8.362,-0.0079999999999991,2.0440000000000005,8.366,76.175,5.629999999999999,0.0,1.0,0.0,0.0,0.0,1.0,1.0,1.0
2020-05-30 04:29:23,8.55,8.368,-0.0079999999999991,2.046,8.37,76.22500000000001,5.694999999999999,0.0,1.0,0.0,0.0,0.0,1.0,1.0,1.0
2020-05-30 04:29:33,8.554,8.376,-0.009999999999998,2.0500000000000007,8.378,76.25,5.68,0.0,1.0,0.0,0.0,0.0,1.0,1.0,1.0
2020-05-30 04:29:42,7.837999999999999,8.354,-0.0079999999999991,1.8200000000000005,8.358,76.375,5.565,0.0,1.0,1.0,0.0,0.0,1.0,1.0,1.0
2020-05-30 04:29:52,8.562,8.344,-0.0060000000000002,2.0500000000000007,8.346,76.375,5.6850000000000005,0.0,1.0,1.0,0.0,0.0,1.0,1.0,1.0
2020-05-30 04:30:02,8.59,8.356,-0.009999999999998,2.0599999999999987,8.36,76.4,5.58,0.0,1.0,1.0,0.0,0.0,1.0,1.0,1.0
2020-05-30 04:30:12,8.596,8.37,-0.0060000000000002,2.0599999999999987,8.372,76.275,5.6175,0.0,1.0,1.0,0.0,0.0,1.0,1.0,1.0
2020-05-30 04:30:22,8.602,8.38,-0.0079999999999991,2.064,8.384,76.29999999999998,5.707500000000001,0.0,1.0,1.0,0.0,0.0,1.0,1.0,1.0
2020-05-30 04:30:32,8.408,8.388,-0.0079999999999991,2.036,8.392,76.275,5.717499999999999,0.0,1.0,0.0,0.0,0.0,0.0,1.0,1.0
2020-05-30 04:30:42,7.666,8.368,-0.0079999999999991,1.768000000000001,8.37,76.275,5.4025,0.0,1.0,0.0,0.0,0.0,1.0,1.0,1.0
2020-05-30 04:30:52,8.488,8.35,-0.0079999999999991,2.022,8.354,76.4,5.5825,0.0,1.0,0.0,0.0,0.0,1.0,1.0,1.0
2020-05-30 04:31:02,8.55,8.356,-0.0079999999999991,2.046,8.36,76.29999999999998,5.6175,0.0,1.0,0.0,0.0,0.0,1.0,1.0,1.0
2020-05-30 04:31:12,8.546,8.364,-0.0079999999999991,2.046,8.366,76.2,5.6775,0.0,1.0,0.0,0.0,0.0,1.0,1.0,1.0
2020-05-30 04:31:22,8.55,8.37,-0.0079999999999991,2.046,8.374,76.15,5.602499999999999,0.0,1.0,0.0,0.0,0.0,1.0,1.0,1.0
2020-05-30 04:31:32,6.148,8.374,-0.009999999999998,1.33,8.376,76.175,5.125,0.0,1.0,1.0,0.0,0.0,1.0,1.0,1.0
2020-05-30 04:31:42,7.859999999999999,8.356,-0.0079999999999991,1.83,8.358,76.2,5.404999999999999,0.0,1.0,1.0,0.0,0.0,1.0,1.0,1.0
2020-05-30 04:31:51,8.57,8.344,-0.009999999999998,2.048,8.348,76.275,5.58,0.0,1.0,1.0,0.0,0.0,1.0,1.0,1.0
2020-05-30 04:32:01,8.592,8.358,-0.009999999999998,2.056000000000001,8.362,76.22500000000001,5.6325,0.0,1.0,1.0,0.0,0.0,1.0,1.0,1.0
2020-05-30 04:32:11,8.594,8.372,-0.0079999999999991,2.0599999999999987,8.374,76.275,5.682499999999999,0.0,1.0,1.0,0.0,0.0,1.0,1.0,1.0
2020-05-30 04:32:21,8.602,8.38,-0.0079999999999991,2.065999999999999,8.382,76.2,5.75,0.0,1.0,1.0,0.0,0.0,1.0,1.0,1.0
2020-05-30 04:32:31,5.779999999999999,8.388,-0.0060000000000002,1.1660000000000004,8.39,76.275,5.0375,0.0,1.0,0.0,0.0,0.0,1.0,1.0,1.0
2020-05-30 04:32:41,7.688000000000001,8.366,-0.009999999999998,1.7779999999999987,8.37,76.35000000000001,5.3725000000000005,0.0,1.0,0.0,0.0,0.0,1.0,1.0,1.0
2020-05-30 04:32:51,8.496,8.35,-0.0079999999999991,2.026,8.352,76.49999999999999,5.557499999999999,0.0,1.0,0.0,0.0,0.0,1.0,1.0,1.0
2020-05-30 04:33:01,8.546,8.356,-0.0079999999999991,2.0440000000000005,8.358,76.29999999999998,5.612500000000001,0.0,1.0,0.0,0.0,0.0,1.0,1.0,1.0
2020-05-30 04:33:11,8.548,8.366,-0.0079999999999991,2.046,8.368,76.275,5.642499999999998,0.0,1.0,0.0,0.0,0.0,1.0,1.0,1.0
2020-05-30 04:33:21,8.55,8.37,-0.0079999999999991,2.0500000000000007,8.374,76.1,5.602499999999999,0.0,1.0,0.0,0.0,0.0,1.0,1.0,1.0
2020-05-30 04:33:31,6.308,8.37,-0.0079999999999991,1.34,8.374,76.25,5.244999999999999,0.0,1.0,1.0,0.0,0.0,1.0,1.0,1.0
2020-05-30 04:33:41,7.99,8.354,-0.0079999999999991,1.8739999999999988,8.356,76.22500000000001,5.585000000000001,0.0,1.0,1.0,0.0,0.0,1.0,1.0,1.0
2020-05-30 04:33:50,8.574,8.346,-0.0079999999999991,2.0500000000000007,8.348,76.29999999999998,5.74,0.0,1.0,1.0,0.0,0.0,1.0,1.0,1.0
2020-05-30 04:34:00,8.592,8.36,-0.0079999999999991,2.0599999999999987,8.362,76.2,5.7425,0.0,1.0,1.0,0.0,0.0,1.0,1.0,1.0
2020-05-30 04:34:10,8.598,8.372,-0.009999999999998,2.0599999999999987,8.374,76.15,5.75,0.0,1.0,1.0,0.0,0.0,1.0,1.0,1.0
2020-05-30 04:34:20,8.604,8.384,-0.009999999999998,2.065999999999999,8.386,76.2,5.720000000000001,0.0,1.0,1.0,0.0,0.0,1.0,1.0,1.0
2020-05-30 04:34:30,5.869999999999999,8.388,-0.009999999999998,1.193999999999999,8.39,76.29999999999998,5.084999999999999,0.0,1.0,0.0,0.0,0.0,1.0,1.0,1.0
2020-05-30 04:34:40,7.811999999999999,8.366,-0.009999999999998,1.815999999999999,8.368,76.4,5.389999999999999,0.0,1.0,0.0,0.0,0.0,1.0,1.0,1.0
2020-05-30 04:34:50,8.518,8.35,-0.0079999999999991,2.036,8.352,76.47500000000001,5.577500000000001,0.0,1.0,0.0,0.0,0.0,1.0,1.0,1.0
2020-05-30 04:35:00,8.548,8.358,-0.0079999999999991,2.0440000000000005,8.362,76.57499999999999,5.705,0.0,1.0,0.0,0.0,0.0,1.0,1.0,1.0
2020-05-30 04:35:10,8.548,8.364,-0.009999999999998,2.046,8.366,76.275,5.694999999999999,0.0,1.0,0.0,0.0,0.0,1.0,1.0,1.0
2020-05-30 04:35:20,8.554,8.37,-0.0079999999999991,2.0540000000000003,8.372,76.275,5.700000000000001,0.0,1.0,0.0,0.0,0.0,1.0,1.0,1.0
2020-05-30 04:35:30,6.414,8.37,-0.009999999999998,1.402000000000001,8.374,76.375,5.227500000000001,0.0,1.0,1.0,0.0,0.0,1.0,1.0,1.0
2020-05-30 04:35:40,8.032,8.352,-0.0079999999999991,1.8840000000000003,8.354,76.42500000000001,5.5,0.0,1.0,1.0,0.0,0.0,1.0,1.0,1.0
2020-05-30 04:35:49,8.58,8.346,-0.0079999999999991,2.0540000000000003,8.35,76.47500000000001,5.575000000000001,0.0,1.0,1.0,0.0,0.0,1.0,1.0,1.0
2020-05-30 04:35:59,8.594,8.362,-0.0079999999999991,2.058,8.364,76.49999999999999,5.575000000000001,0.0,1.0,1.0,0.0,0.0,1.0,1.0,1.0
2020-05-30 04:36:09,8.596,8.372,-0.009999999999998,2.062000000000001,8.376,76.275,5.612500000000001,0.0,1.0,1.0,0.0,0.0,1.0,1.0,1.0
2020-05-30 04:36:19,8.606,8.384,-0.0079999999999991,2.065999999999999,8.386,76.275,5.595000000000001,0.0,1.0,1.0,0.0,0.0,1.0,1.0,1.0
2020-05-30 04:36:29,6.26,8.384,-0.009999999999998,1.346,8.388,76.29999999999998,5.172499999999999,0.0,1.0,0.0,0.0,0.0,1.0,1.0,1.0
2020-05-30 04:36:39,7.868,8.364,-0.0079999999999991,1.8320000000000007,8.368,76.4,5.542499999999999,0.0,1.0,0.0,0.0,0.0,1.0,1.0,1.0
2020-05-30 04:36:49,8.524,8.35,-0.009999999999998,2.033999999999999,8.354,76.47500000000001,5.7325,0.0,1.0,0.0,0.0,0.0,1.0,1.0,1.0
2020-05-30 04:36:59,8.546,8.358,-0.0060000000000002,2.048,8.362,76.4,5.600000000000001,0.0,1.0,0.0,0.0,0.0,1.0,1.0,1.0
2020-05-30 04:37:09,8.546,8.366,-0.009999999999998,2.046,8.37,76.2,5.5525,0.0,1.0,0.0,0.0,0.0,1.0,1.0,1.0
2020-05-30 04:37:19,8.552,8.37,-0.009999999999998,2.048,8.374,76.175,5.5975,0.0,1.0,0.0,0.0,0.0,1.0,1.0,1.0
2020-05-30 04:37:29,6.69,8.368,-0.009999999999998,1.4920000000000009,8.37,76.22500000000001,5.302500000000002,0.0,1.0,1.0,0.0,0.0,1.0,1.0,1.0
2020-05-30 04:37:39,8.138,8.352,-0.0079999999999991,1.9160000000000004,8.354,76.4,5.640000000000001,0.0,1.0,1.0,0.0,0.0,1.0,1.0,1.0
2020-05-30 04:37:48,8.58,8.348,-0.0079999999999991,2.058,8.35,76.47500000000001,5.700000000000001,0.0,1.0,1.0,0.0,0.0,1.0,1.0,1.0
2020-05-30 04:37:58,8.588,8.362,-0.009999999999998,2.058,8.366,76.4,5.585000000000001,0.0,1.0,1.0,0.0,0.0,1.0,1.0,1.0
2020-05-30 04:38:08,8.598,8.374,-0.0079999999999991,2.062000000000001,8.378,76.375,5.592500000000001,0.0,1.0,1.0,0.0,0.0,1.0,1.0,1.0
2020-05-30 04:38:18,8.604,8.384,-0.0079999999999991,2.065999999999999,8.386,76.2,5.575000000000001,0.0,1.0,1.0,0.0,0.0,1.0,1.0,1.0
2020-05-30 04:38:28,6.295999999999999,8.382,-0.009999999999998,1.3599999999999994,8.386,76.29999999999998,5.09,0.0,1.0,0.0,0.0,0.0,1.0,1.0,1.0
2020-05-30 04:38:38,7.968,8.364,-0.0079999999999991,1.8640000000000008,8.366,76.47500000000001,5.504999999999999,0.0,1.0,0.0,0.0,0.0,1.0,1.0,1.0
2020-05-30 04:38:48,8.534,8.35,-0.0079999999999991,2.036,8.354,76.49999999999999,5.68,0.0,1.0,0.0,0.0,0.0,1.0,1.0,1.0
2020-05-30 04:38:58,8.546,8.358,-0.009999999999998,2.046,8.36,76.42500000000001,5.7125,0.0,1.0,0.0,0.0,0.0,1.0,1.0,1.0
2020-05-30 04:39:08,8.544,8.366,-0.0079999999999991,2.046,8.368,76.25,5.705,0.0,1.0,0.0,0.0,0.0,1.0,1.0,1.0
2020-05-30 04:39:18,8.55,8.37,-0.009999999999998,2.048,8.374,76.325,5.595000000000001,0.0,1.0,0.0,0.0,0.0,1.0,1.0,1.0
2020-05-30 04:39:28,6.746,8.368,-0.0079999999999991,1.5060000000000002,8.372,76.29999999999998,5.192499999999999,0.0,1.0,1.0,0.0,0.0,1.0,1.0,1.0
2020-05-30 04:39:38,8.168,8.348,-0.0079999999999991,1.926,8.352,76.375,5.512499999999999,0.0,1.0,1.0,0.0,0.0,1.0,1.0,1.0
2020-05-30 04:39:47,8.582,8.35,-0.0079999999999991,2.0540000000000003,8.352,76.4,5.715,0.0,1.0,1.0,0.0,0.0,1.0,1.0,1.0
2020-05-30 04:39:57,8.59,8.362,-0.0079999999999991,2.0599999999999987,8.366,76.25,5.7325,0.0,1.0,1.0,0.0,0.0,1.0,1.0,1.0
2020-05-30 04:40:07,8.596,8.374,-0.0079999999999991,2.064,8.376,76.325,5.720000000000001,0.0,1.0,1.0,0.0,0.0,1.0,1.0,1.0
2020-05-30 04:40:17,8.606,8.384,-0.009999999999998,2.068,8.388,76.325,5.640000000000001,0.0,1.0,1.0,0.0,0.0,1.0,1.0,1.0
2020-05-30 04:40:27,6.596,8.38,-0.0079999999999991,1.4540000000000006,8.384,76.375,5.142500000000002,0.0,1.0,0.0,0.0,0.0,1.0,1.0,1.0
2020-05-30 04:40:37,8.006,8.362,-0.0079999999999991,1.878,8.366,76.4,5.4275,0.0,1.0,0.0,0.0,0.0,1.0,1.0,1.0
2020-05-30 04:40:47,8.538,8.35,-0.0079999999999991,2.042,8.354,76.525,5.557499999999999,0.0,1.0,0.0,0.0,0.0,1.0,1.0,1.0
2020-05-30 04:40:57,8.544,8.358,-0.0079999999999991,2.0440000000000005,8.362,76.49999999999999,5.640000000000001,0.0,1.0,0.0,0.0,0.0,1.0,1.0,1.0
2020-05-30 04:41:07,8.546,8.366,-0.0079999999999991,2.048,8.368,76.29999999999998,5.682499999999999,0.0,1.0,0.0,0.0,0.0,1.0,1.0,1.0
2020-05-30 04:41:17,8.552,8.372,-0.0079999999999991,2.0500000000000007,8.374,76.375,5.73,0.0,1.0,0.0,0.0,0.0,1.0,1.0,1.0
2020-05-30 04:41:27,7.002000000000001,8.366,-0.0079999999999991,1.5779999999999994,8.37,76.4,5.32,0.0,1.0,1.0,0.0,0.0,1.0,1.0,1.0
2020-05-30 04:41:37,8.286,8.346,-0.0079999999999991,1.9600000000000009,8.35,76.4,5.5,0.0,1.0,1.0,0.0,0.0,1.0,1.0,1.0
2020-05-30 04:41:47,8.584,8.348,-0.0079999999999991,2.056000000000001,8.352,76.29999999999998,5.575000000000001,0.0,1.0,1.0,0.0,0.0,1.0,1.0,1.0
2020-05-30 04:41:56,8.592,8.362,-0.0079999999999991,2.058,8.366,76.325,5.68,0.0,1.0,1.0,0.0,0.0,1.0,1.0,1.0
2020-05-30 04:42:06,8.598,8.374,-0.009999999999998,2.062000000000001,8.378,76.125,5.7125,0.0,1.0,1.0,0.0,0.0,1.0,1.0,1.0
2020-05-30 04:42:16,8.606,8.384,-0.009999999999998,2.064,8.388,76.2,5.694999999999999,0.0,1.0,1.0,0.0,0.0,1.0,1.0,1.0
2020-05-30 04:42:26,6.662000000000001,8.378,-0.0079999999999991,1.468,8.384,76.275,5.229999999999999,0.0,1.0,0.0,0.0,0.0,1.0,1.0,1.0
2020-05-30 04:42:36,8.11,8.36,-0.0079999999999991,1.9080000000000013,8.362,76.47500000000001,5.460000000000001,0.0,1.0,0.0,0.0,0.0,1.0,1.0,1.0
2020-05-30 04:42:46,8.54,8.352,-0.0079999999999991,2.039999999999999,8.356,76.49999999999999,5.575000000000001,0.0,1.0,0.0,0.0,0.0,1.0,1.0,1.0
2020-05-30 04:42:56,8.55,8.358,-0.0079999999999991,2.046,8.362,76.29999999999998,5.6175,0.0,1.0,0.0,0.0,0.0,1.0,1.0,1.0
2020-05-30 04:43:06,8.548,8.366,-0.009999999999998,2.048,8.37,76.375,5.66,0.0,1.0,0.0,0.0,0.0,1.0,1.0,1.0
2020-05-30 04:43:16,8.552,8.372,-0.0079999999999991,2.048,8.374,76.075,5.725,0.0,1.0,0.0,0.0,0.0,1.0,1.0,1.0
2020-05-30 04:43:26,7.096,8.366,-0.0079999999999991,1.6080000000000003,8.368,76.2,5.3725000000000005,0.0,1.0,1.0,0.0,0.0,1.0,1.0,1.0
2020-05-30 04:43:36,8.33,8.346,-0.009999999999998,1.975999999999999,8.35,76.375,5.592500000000001,0.0,1.0,1.0,0.0,0.0,1.0,1.0,1.0
2020-05-30 04:43:46,8.58,8.35,-0.0079999999999991,2.052,8.354,76.29999999999998,5.5725,0.0,1.0,1.0,0.0,0.0,1.0,1.0,1.0
2020-05-30 04:43:55,8.594,8.362,-0.0079999999999991,2.058,8.366,76.35000000000001,5.607500000000002,0.0,1.0,1.0,0.0,0.0,1.0,1.0,1.0
2020-05-30 04:44:05,8.6,8.374,-0.0079999999999991,2.064,8.378,76.22500000000001,5.705,0.0,1.0,1.0,0.0,0.0,1.0,1.0,1.0
2020-05-30 04:44:15,8.606,8.386,-0.0079999999999991,2.065999999999999,8.388,76.2,5.734999999999999,0.0,1.0,1.0,0.0,0.0,1.0,1.0,1.0
2020-05-30 04:44:25,6.916,8.376,-0.009999999999998,1.5500000000000007,8.378,76.275,5.2675,0.0,1.0,0.0,0.0,0.0,1.0,1.0,1.0
2020-05-30 04:44:35,8.146,8.358,-0.0079999999999991,1.92,8.36,76.49999999999999,5.475000000000001,0.0,1.0,0.0,0.0,0.0,1.0,1.0,1.0
2020-05-30 04:44:45,8.542,8.352,-0.0060000000000002,2.039999999999999,8.354,76.57499999999999,5.575000000000001,0.0,1.0,0.0,0.0,0.0,1.0,1.0,1.0
2020-05-30 04:44:55,8.546,8.358,-0.009999999999998,2.046,8.362,76.29999999999998,5.629999999999999,0.0,1.0,0.0,0.0,0.0,1.0,1.0,1.0
2020-05-30 04:45:05,8.548,8.368,-0.0079999999999991,2.0500000000000007,8.368,76.175,5.6975,0.0,1.0,0.0,0.0,0.0,1.0,1.0,1.0
2020-05-30 04:45:15,8.552,8.372,-0.0079999999999991,2.0540000000000003,8.376,76.2,5.734999999999999,0.0,1.0,0.0,0.0,0.0,1.0,1.0,1.0
2020-05-30 04:45:25,7.292,8.362,-0.0079999999999991,1.661999999999999,8.366,76.275,5.43,0.0,1.0,1.0,0.0,0.0,1.0,1.0,1.0
2020-05-30 04:45:35,8.418,8.344,-0.009999999999998,2.001999999999999,8.348,76.4,5.66,0.0,1.0,1.0,0.0,0.0,1.0,1.0,1.0
2020-05-30 04:45:45,8.58,8.35,-0.0079999999999991,2.0540000000000003,8.352,76.4,5.700000000000001,0.0,1.0,1.0,0.0,0.0,1.0,1.0,1.0
2020-05-30 04:45:54,8.592,8.364,-0.009999999999998,2.0599999999999987,8.366,76.35000000000001,5.68,0.0,1.0,1.0,0.0,0.0,1.0,1.0,1.0
2020-05-30 04:46:04,8.598,8.374,-0.0079999999999991,2.064,8.378,76.275,5.565,0.0,1.0,1.0,0.0,0.0,1.0,1.0,1.0
2020-05-30 04:46:14,8.606,8.384,-0.0079999999999991,2.068,8.386,76.29999999999998,5.602499999999999,0.0,1.0,1.0,0.0,0.0,1.0,1.0,1.0
2020-05-30 04:46:24,6.974,8.376,-0.009999999999998,1.564,8.378,76.25,5.324999999999999,0.0,1.0,0.0,0.0,0.0,1.0,1.0,1.0
2020-05-30 04:46:34,8.17,8.356,-0.0079999999999991,1.9320000000000004,8.358,76.375,5.634999999999998,0.0,1.0,0.0,0.0,0.0,1.0,1.0,1.0
2020-05-30 04:46:44,8.544,8.352,-0.0079999999999991,2.042,8.354,76.49999999999999,5.649999999999999,0.0,1.0,0.0,0.0,0.0,1.0,1.0,1.0
2020-05-30 04:46:54,8.546,8.36,-0.0079999999999991,2.0440000000000005,8.362,76.375,5.6975,0.0,1.0,0.0,0.0,0.0,1.0,1.0,1.0
2020-05-30 04:47:04,8.546,8.366,-0.0079999999999991,2.046,8.368,76.275,5.682499999999999,0.0,1.0,0.0,0.0,0.0,1.0,1.0,1.0
2020-05-30 04:47:14,8.552,8.372,-0.0060000000000002,2.052,8.374,76.29999999999998,5.5975,0.0,1.0,0.0,0.0,0.0,1.0,1.0,1.0
2020-05-30 04:47:24,7.35,8.36,-0.009999999999998,1.6780000000000008,8.364,76.275,5.289999999999999,0.0,1.0,1.0,0.0,0.0,1.0,1.0,1.0
2020-05-30 04:47:34,8.44,8.342,-0.0079999999999991,2.01,8.346,76.49999999999999,5.545,0.0,1.0,1.0,0.0,0.0,1.0,1.0,1.0
2020-05-30 04:47:43,8.588,8.352,-0.0079999999999991,2.058,8.354,76.4,5.577500000000001,0.0,1.0,1.0,0.0,0.0,1.0,1.0,1.0
2020-05-30 04:47:53,8.59,8.366,-0.0079999999999991,2.058,8.37,76.375,5.6775,0.0,1.0,1.0,0.0,0.0,1.0,1.0,1.0
2020-05-30 04:48:03,8.598,8.376,-0.0060000000000002,2.062000000000001,8.38,76.22500000000001,5.707500000000001,0.0,1.0,1.0,0.0,0.0,1.0,1.0,1.0
2020-05-30 04:48:13,8.608,8.388,-0.0079999999999991,2.0700000000000003,8.388,76.275,5.752500000000001,0.0,1.0,1.0,0.0,0.0,1.0,1.0,1.0
2020-05-30 04:48:23,7.164,8.374,-0.0079999999999991,1.6180000000000003,8.378,76.35000000000001,5.3775,0.0,1.0,0.0,0.0,0.0,1.0,1.0,1.0
2020-05-30 04:48:33,8.266,8.356,-0.0079999999999991,1.958,8.358,76.47500000000001,5.5275,0.0,1.0,0.0,0.0,0.0,1.0,1.0,1.0
2020-05-30 04:48:43,8.544,8.354,-0.0079999999999991,2.0440000000000005,8.356,76.47500000000001,5.5375,0.0,1.0,0.0,0.0,0.0,1.0,1.0,1.0
2020-05-30 04:48:53,8.542,8.36,-0.009999999999998,2.039999999999999,8.364,76.4,5.615000000000002,0.0,1.0,0.0,0.0,0.0,1.0,1.0,1.0
2020-05-30 04:49:03,8.548,8.368,-0.0079999999999991,2.048,8.37,76.275,5.7425,0.0,1.0,0.0,0.0,0.0,1.0,1.0,1.0
2020-05-30 04:49:13,8.556,8.372,-0.009999999999998,2.0500000000000007,8.376,76.2,5.7325,0.0,1.0,0.0,0.0,0.0,1.0,1.0,1.0
2020-05-30 04:49:23,7.398,8.36,-0.009999999999998,1.6900000000000013,8.364,76.29999999999998,5.432500000000001,0.0,1.0,1.0,0.0,0.0,1.0,1.0,1.0
2020-05-30 04:49:32,8.512,8.342,-0.0079999999999991,2.032,8.346,76.4,5.642499999999998,0.0,1.0,1.0,0.0,0.0,1.0,1.0,1.0
2020-05-30 04:49:42,8.588,8.354,-0.0079999999999991,2.058,8.358,76.29999999999998,5.600000000000001,0.0,1.0,1.0,0.0,0.0,1.0,1.0,1.0
2020-05-30 04:49:52,8.59,8.366,-0.0079999999999991,2.058,8.368,76.275,5.592500000000001,0.0,1.0,1.0,0.0,0.0,1.0,1.0,1.0
2020-05-30 04:50:02,8.598,8.376,-0.0079999999999991,2.064,8.38,76.05,5.5725,0.0,1.0,1.0,0.0,0.0,1.0,1.0,1.0
2020-05-30 04:50:12,8.61,8.388,-0.009999999999998,2.068,8.392,76.29999999999998,5.602499999999999,0.0,1.0,1.0,0.0,0.0,1.0,1.0,1.0
2020-05-30 04:50:22,7.202,8.374,-0.0079999999999991,1.6319999999999997,8.378,76.35000000000001,5.327500000000001,0.0,1.0,0.0,0.0,0.0,1.0,1.0,1.0
2020-05-30 04:50:32,8.278,8.356,-0.0079999999999991,1.962,8.358,76.49999999999999,5.577500000000001,0.0,1.0,0.0,0.0,0.0,1.0,1.0,1.0
2020-05-30 04:50:42,8.548,8.354,-0.0079999999999991,2.0440000000000005,8.358,76.49999999999999,5.705,0.0,1.0,0.0,0.0,0.0,1.0,1.0,1.0
2020-05-30 04:50:52,8.548,8.362,-0.0060000000000002,2.0440000000000005,8.366,76.375,5.649999999999999,0.0,1.0,0.0,0.0,0.0,1.0,1.0,1.0
2020-05-30 04:51:02,8.548,8.37,-0.0079999999999991,2.046,8.37,76.175,5.57,0.0,1.0,0.0,0.0,0.0,1.0,1.0,1.0
2020-05-30 04:51:12,8.556,8.374,-0.0079999999999991,2.052,8.378,76.275,5.5825,0.0,1.0,0.0,0.0,0.0,1.0,1.0,1.0
2020-05-30 04:51:21,7.552,8.36,-0.0079999999999991,1.7360000000000009,8.364,76.275,5.484999999999999,0.0,1.0,1.0,0.0,0.0,1.0,1.0,1.0
2020-05-30 04:51:31,8.52,8.346,-0.0079999999999991,2.036,8.346,76.4,5.727500000000001,0.0,1.0,1.0,0.0,0.0,1.0,1.0,1.0
2020-05-30 04:51:41,8.588,8.354,-0.0079999999999991,2.058,8.358,76.4,5.727500000000001,0.0,1.0,1.0,0.0,0.0,1.0,1.0,1.0
2020-05-30 04:51:51,8.596,8.368,-0.0079999999999991,2.058,8.372,76.15,5.642499999999998,0.0,1.0,1.0,0.0,0.0,1.0,1.0,1.0
2020-05-30 04:52:01,8.6,8.378,-0.009999999999998,2.064,8.382,76.2,5.5825,0.0,1.0,1.0,0.0,0.0,1.0,1.0,1.0
2020-05-30 04:52:11,8.61,8.39,-0.009999999999998,2.065999999999999,8.392,76.25,5.602499999999999,0.0,1.0,1.0,0.0,0.0,1.0,1.0,1.0
2020-05-30 04:52:21,7.273999999999999,8.374,-0.0079999999999991,1.652000000000001,8.378,76.29999999999998,5.289999999999999,0.0,1.0,0.0,0.0,0.0,1.0,1.0,1.0
2020-05-30 04:52:31,8.314,8.354,-0.0079999999999991,1.968,8.358,76.42500000000001,5.5625,0.0,1.0,0.0,0.0,0.0,1.0,1.0,1.0
2020-05-30 04:52:41,8.548,8.354,-0.009999999999998,2.0440000000000005,8.358,76.4,5.68,0.0,1.0,0.0,0.0,0.0,1.0,1.0,1.0
2020-05-30 04:52:51,8.548,8.362,-0.0079999999999991,2.0440000000000005,8.366,76.25,5.6975,0.0,1.0,0.0,0.0,0.0,1.0,1.0,1.0
2020-05-30 04:53:01,8.55,8.37,-0.009999999999998,2.046,8.372,76.175,5.7325,0.0,1.0,0.0,0.0,0.0,1.0,1.0,1.0
2020-05-30 04:53:10,8.556,8.376,-0.0079999999999991,2.0540000000000003,8.378,76.15,5.577500000000001,0.0,1.0,0.0,0.0,0.0,1.0,1.0,1.0
2020-05-30 04:53:20,7.622,8.36,-0.0079999999999991,1.7599999999999998,8.364,76.29999999999998,5.355,0.0,1.0,1.0,0.0,0.0,1.0,1.0,1.0
2020-05-30 04:53:30,8.53,8.342,-0.009999999999998,2.036,8.346,76.4,5.577500000000001,0.0,1.0,1.0,0.0,0.0,1.0,1.0,1.0
2020-05-30 04:53:40,8.592,8.356,-0.0079999999999991,2.056000000000001,8.36,76.375,5.74,0.0,1.0,1.0,0.0,0.0,1.0,1.0,1.0
2020-05-30 04:53:50,8.592,8.37,-0.0079999999999991,2.058,8.372,76.275,5.7475000000000005,0.0,1.0,1.0,0.0,0.0,1.0,1.0,1.0
2020-05-30 04:54:00,8.602,8.38,-0.0079999999999991,2.062000000000001,8.384,76.42500000000001,5.7475000000000005,0.0,1.0,1.0,0.0,0.0,1.0,1.0,1.0
2020-05-30 04:54:10,8.61,8.392,-0.0079999999999991,2.068,8.394,76.375,5.67,0.0,1.0,1.0,0.0,0.0,1.0,1.0,1.0
2020-05-30 04:54:20,7.428000000000001,8.372,-0.0079999999999991,1.702,8.374,76.35000000000001,5.3575,0.0,1.0,0.0,0.0,0.0,1.0,1.0,1.0
2020-05-30 04:54:30,8.376,8.354,-0.0079999999999991,1.9879999999999995,8.358,76.47500000000001,5.545,0.0,1.0,0.0,0.0,0.0,1.0,1.0,1.0
2020-05-30 04:54:40,8.548,8.356,-0.009999999999998,2.0440000000000005,8.358,76.29999999999998,5.5975,0.0,1.0,0.0,0.0,0.0,1.0,1.0,1.0
2020-05-30 04:54:50,8.546,8.364,-0.0079999999999991,2.046,8.366,76.22500000000001,5.602499999999999,0.0,1.0,0.0,0.0,0.0,1.0,1.0,1.0
2020-05-30 04:54:59,8.552,8.37,-0.0060000000000002,2.048,8.374,76.2,5.6625,0.0,1.0,0.0,0.0,0.0,1.0,1.0,1.0
2020-05-30 04:55:09,8.556,8.376,-0.0079999999999991,2.0500000000000007,8.378,76.275,5.6875,0.0,1.0,0.0,0.0,0.0,1.0,1.0,1.0
2020-05-30 04:55:19,7.728,8.358,-0.009999999999998,1.7959999999999994,8.362,76.325,5.542499999999999,0.0,1.0,1.0,0.0,0.0,1.0,1.0,1.0
2020-05-30 04:55:29,8.55,8.346,-0.0079999999999991,2.0440000000000005,8.348,76.29999999999998,5.6675,0.0,1.0,1.0,0.0,0.0,1.0,1.0,1.0
2020-05-30 04:55:39,8.592,8.358,-0.0079999999999991,2.058,8.36,76.42500000000001,5.600000000000001,0.0,1.0,1.0,0.0,0.0,1.0,1.0,1.0
2020-05-30 04:55:49,8.594,8.372,-0.0079999999999991,2.058,8.374,76.275,5.6175,0.0,1.0,1.0,0.0,0.0,1.0,1.0,1.0
2020-05-30 04:55:59,8.602,8.38,-0.009999999999998,2.062000000000001,8.384,76.175,5.672499999999999,0.0,1.0,1.0,0.0,0.0,1.0,1.0,1.0
2020-05-30 04:56:09,8.612,8.392,-0.0079999999999991,2.065999999999999,8.394,76.25,5.7475000000000005,0.0,1.0,1.0,0.0,0.0,1.0,1.0,1.0
2020-05-30 04:56:19,7.436,8.372,-0.009999999999998,1.702,8.376,76.275,5.48,0.0,1.0,0.0,0.0,0.0,1.0,1.0,1.0
2020-05-30 04:56:29,8.45,8.352,-0.0079999999999991,2.007999999999999,8.356,76.55000000000001,5.647500000000001,0.0,1.0,0.0,0.0,0.0,1.0,1.0,1.0
2020-05-30 04:56:39,8.548,8.358,-0.0079999999999991,2.042,8.36,76.4,5.609999999999999,0.0,1.0,0.0,0.0,0.0,1.0,1.0,1.0
2020-05-30 04:56:48,8.548,8.364,-0.0079999999999991,2.046,8.368,76.275,5.545,0.0,1.0,0.0,0.0,0.0,1.0,1.0,1.0
2020-05-30 04:56:58,8.552,8.37,-0.0079999999999991,2.048,8.374,76.22500000000001,5.5825,0.0,1.0,0.0,0.0,0.0,1.0,1.0,1.0
2020-05-30 04:57:08,8.558,8.376,-0.0079999999999991,2.052,8.38,76.15,5.622499999999999,0.0,1.0,0.0,0.0,0.0,1.0,1.0,1.0
2020-05-30 04:57:18,7.762,8.358,-0.009999999999998,1.8000000000000007,8.36,76.275,5.4375,0.0,1.0,1.0,0.0,0.0,1.0,1.0,1.0
2020-05-30 04:57:28,8.568,8.344,-0.0079999999999991,2.048,8.348,76.4,5.6875,0.0,1.0,1.0,0.0,0.0,1.0,1.0,1.0
2020-05-30 04:57:38,8.59,8.358,-0.0079999999999991,2.058,8.362,76.375,5.717499999999999,0.0,1.0,1.0,0.0,0.0,1.0,1.0,1.0
2020-05-30 04:57:48,8.596,8.37,-0.009999999999998,2.0599999999999987,8.374,76.2,5.674999999999999,0.0,1.0,1.0,0.0,0.0,1.0,1.0,1.0
2020-05-30 04:57:58,8.602,8.382,-0.009999999999998,2.065999999999999,8.384,76.1,5.565,0.0,1.0,1.0,0.0,0.0,1.0,1.0,1.0
2020-05-30 04:58:08,6.102,8.39,-0.009999999999998,1.347999999999999,8.392,76.2,5.255000000000001,0.0,1.0,0.0,0.0,0.0,1.0,1.0,1.0
2020-05-30 04:58:18,7.587999999999999,8.37,-0.0079999999999991,1.7460000000000004,8.372,76.29999999999998,5.445,0.0,1.0,0.0,0.0,0.0,1.0,1.0,1.0
2020-05-30 04:58:28,8.448,8.352,-0.009999999999998,2.01,8.354,76.6,5.6850000000000005,0.0,1.0,0.0,0.0,0.0,1.0,1.0,1.0
2020-05-30 04:58:37,8.542,8.356,-0.0079999999999991,2.046,8.358,76.57499999999999,5.73,0.0,1.0,0.0,0.0,0.0,1.0,1.0,1.0
2020-05-30 04:58:47,8.55,8.362,-0.0079999999999991,2.0440000000000005,8.366,76.29999999999998,5.674999999999999,0.0,1.0,0.0,0.0,0.0,1.0,1.0,1.0
2020-05-30 04:58:57,8.55,8.368,-0.009999999999998,2.0500000000000007,8.372,76.29999999999998,5.627500000000001,0.0,1.0,0.0,0.0,0.0,1.0,1.0,1.0
2020-05-30 04:59:07,8.502,8.374,-0.0079999999999991,2.048,8.376,76.35000000000001,5.627500000000001,0.0,1.0,1.0,0.0,0.0,1.0,1.0,1.0
2020-05-30 04:59:17,7.898,8.354,-0.0079999999999991,1.8440000000000007,8.356,76.35000000000001,5.422499999999999,0.0,1.0,1.0,0.0,0.0,1.0,1.0,1.0
2020-05-30 04:59:27,8.566,8.342,-0.009999999999998,2.048,8.346,76.35000000000001,5.575000000000001,0.0,1.0,1.0,0.0,0.0,1.0,1.0,1.0
2020-05-30 04:59:37,8.586,8.358,-0.0079999999999991,2.0540000000000003,8.36,76.35000000000001,5.592500000000001,0.0,1.0,1.0,0.0,0.0,1.0,1.0,1.0
2020-05-30 04:59:47,8.596,8.368,-0.009999999999998,2.0599999999999987,8.372,76.29999999999998,5.745000000000001,0.0,1.0,1.0,0.0,0.0,1.0,1.0,1.0
2020-05-30 04:59:57,8.606,8.382,-0.0060000000000002,2.062000000000001,8.384,76.275,5.7225,0.0,1.0,1.0,0.0,0.0,1.0,1.0,1.0
2020-05-30 05:00:07,5.83,8.386,-0.0079999999999991,1.2360000000000009,8.39,76.2,5.1075,0.0,1.0,0.0,0.0,0.0,1.0,1.0,1.0
2020-05-30 05:00:17,7.710000000000001,8.366,-0.009999999999998,1.783999999999999,8.37,76.42500000000001,5.382499999999999,0.0,1.0,0.0,0.0,0.0,1.0,1.0,1.0
2020-05-30 05:00:27,8.5,8.352,-0.0060000000000002,2.033999999999999,8.352,76.49999999999999,5.5375,0.0,1.0,0.0,0.0,0.0,1.0,1.0,1.0
2020-05-30 05:00:36,8.546,8.356,-0.0079999999999991,2.0440000000000005,8.358,76.47500000000001,5.615000000000002,0.0,1.0,0.0,0.0,0.0,1.0,1.0,1.0
2020-05-30 05:00:46,8.542,8.362,-0.0079999999999991,2.0440000000000005,8.366,76.29999999999998,5.6850000000000005,0.0,1.0,0.0,0.0,0.0,1.0,1.0,1.0
2020-05-30 05:00:56,8.548,8.368,-0.0079999999999991,2.046,8.37,76.2,5.7225,0.0,1.0,0.0,0.0,0.0,1.0,1.0,1.0
2020-05-30 05:01:06,6.082000000000001,8.37,-0.0079999999999991,1.2720000000000002,8.372,76.29999999999998,5.175000000000001,0.0,1.0,1.0,0.0,0.0,1.0,1.0,1.0
2020-05-30 05:01:16,7.923999999999999,8.354,-0.0079999999999991,1.847999999999999,8.356,76.29999999999998,5.504999999999999,0.0,1.0,1.0,0.0,0.0,1.0,1.0,1.0
2020-05-30 05:01:26,8.57,8.344,-0.0079999999999991,2.0500000000000007,8.348,76.375,5.58,0.0,1.0,1.0,0.0,0.0,1.0,1.0,1.0
2020-05-30 05:01:36,8.586,8.358,-0.009999999999998,2.052,8.36,76.275,5.567500000000001,0.0,1.0,1.0,0.0,0.0,1.0,1.0,1.0
2020-05-30 05:01:46,8.598,8.37,-0.0079999999999991,2.065999999999999,8.372,76.275,5.612500000000001,0.0,1.0,1.0,0.0,0.0,1.0,1.0,1.0
2020-05-30 05:01:56,8.606,8.38,-0.009999999999998,2.065999999999999,8.382,76.2,5.717499999999999,0.0,1.0,1.0,0.0,0.0,1.0,1.0,1.0
2020-05-30 05:02:06,5.94,8.384,-0.0079999999999991,1.2240000000000002,8.388,76.29999999999998,5.16,0.0,1.0,0.0,0.0,0.0,1.0,1.0,1.0
2020-05-30 05:02:16,7.736000000000001,8.366,-0.0079999999999991,1.7919999999999998,8.368,76.375,5.497499999999999,0.0,1.0,0.0,0.0,0.0,1.0,1.0,1.0
2020-05-30 05:02:26,8.504,8.348,-0.0079999999999991,2.032,8.35,76.4,5.5975,0.0,1.0,0.0,0.0,0.0,1.0,1.0,1.0
2020-05-30 05:02:35,8.548,8.356,-0.0079999999999991,2.046,8.36,76.4,5.59,0.0,1.0,0.0,0.0,0.0,1.0,1.0,1.0
2020-05-30 05:02:45,8.544,8.362,-0.0079999999999991,2.0440000000000005,8.366,76.29999999999998,5.649999999999999,0.0,1.0,0.0,0.0,0.0,1.0,1.0,1.0
2020-05-30 05:02:55,8.552,8.368,-0.0079999999999991,2.048,8.372,76.22500000000001,5.7475000000000005,0.0,1.0,0.0,0.0,0.0,1.0,1.0,1.0
2020-05-30 05:03:05,6.396000000000001,8.368,-0.009999999999998,1.378,8.372,76.325,5.2425000000000015,0.0,1.0,1.0,0.0,0.0,1.0,1.0,1.0
2020-05-30 05:03:15,8.018,8.35,-0.009999999999998,1.882,8.354,76.4,5.525,0.0,1.0,1.0,0.0,0.0,1.0,1.0,1.0
2020-05-30 05:03:25,8.574,8.344,-0.009999999999998,2.048,8.348,76.4,5.615000000000002,0.0,1.0,1.0,0.0,0.0,1.0,1.0,1.0
2020-05-30 05:03:35,8.592,8.358,-0.0079999999999991,2.062000000000001,8.362,76.375,5.575000000000001,0.0,1.0,1.0,0.0,0.0,1.0,1.0,1.0
2020-05-30 05:03:45,8.594,8.372,-0.0079999999999991,2.058,8.374,76.29999999999998,5.5825,0.0,1.0,1.0,0.0,0.0,1.0,1.0,1.0
2020-05-30 05:03:55,8.604,8.38,-0.009999999999998,2.064,8.384,76.275,5.629999999999999,0.0,1.0,1.0,0.0,0.0,1.0,1.0,1.0
2020-05-30 05:04:05,6.215999999999999,8.384,-0.0079999999999991,1.3320000000000007,8.386,76.2,5.2225,0.0,1.0,0.0,0.0,0.0,1.0,1.0,1.0
2020-05-30 05:04:15,7.85,8.364,-0.0079999999999991,1.83,8.366,76.4,5.57,0.0,1.0,0.0,0.0,0.0,1.0,1.0,1.0
2020-05-30 05:04:25,8.52,8.35,-0.0079999999999991,2.032,8.352,76.47500000000001,5.702499999999999,0.0,1.0,0.0,0.0,0.0,1.0,1.0,1.0
2020-05-30 05:04:35,8.548,8.356,-0.009999999999998,2.039999999999999,8.36,76.47500000000001,5.67,0.0,1.0,0.0,0.0,0.0,1.0,1.0,1.0
2020-05-30 05:04:44,8.544,8.362,-0.009999999999998,2.0440000000000005,8.364,76.29999999999998,5.575000000000001,0.0,1.0,0.0,0.0,0.0,1.0,1.0,1.0
2020-05-30 05:04:54,8.552,8.368,-0.0079999999999991,2.048,8.372,76.22500000000001,5.600000000000001,0.0,1.0,0.0,0.0,0.0,1.0,1.0,1.0
2020-05-30 05:05:04,6.642,8.368,-0.009999999999998,1.4720000000000013,8.37,76.325,5.305,0.0,1.0,1.0,0.0,0.0,1.0,1.0,1.0
2020-05-30 05:05:14,8.122,8.348,-0.0079999999999991,1.914,8.354,76.29999999999998,5.612500000000001,0.0,1.0,1.0,0.0,0.0,1.0,1.0,1.0
2020-05-30 05:05:24,8.58,8.346,-0.0079999999999991,2.0500000000000007,8.348,76.4,5.725,0.0,1.0,1.0,0.0,0.0,1.0,1.0,1.0
2020-05-30 05:05:34,8.592,8.362,-0.0079999999999991,2.058,8.362,76.29999999999998,5.592500000000001,0.0,1.0,1.0,0.0,0.0,1.0,1.0,1.0
2020-05-30 05:05:44,8.596,8.372,-0.0079999999999991,2.0599999999999987,8.376,76.275,5.565,0.0,1.0,1.0,0.0,0.0,1.0,1.0,1.0
2020-05-30 05:05:54,8.604,8.38,-0.0079999999999991,2.065999999999999,8.384,76.2,5.585000000000001,0.0,1.0,1.0,0.0,0.0,1.0,1.0,1.0
2020-05-30 05:06:04,6.252000000000001,8.382,-0.0079999999999991,1.3440000000000012,8.386,76.275,5.140000000000001,0.0,1.0,0.0,0.0,0.0,1.0,1.0,1.0
2020-05-30 05:06:14,7.942,8.362,-0.0079999999999991,1.8539999999999992,8.366,76.375,5.5625,0.0,1.0,0.0,0.0,0.0,1.0,1.0,1.0
2020-05-30 05:06:24,8.53,8.348,-0.0079999999999991,2.0380000000000003,8.352,76.47500000000001,5.700000000000001,0.0,1.0,0.0,0.0,0.0,1.0,1.0,1.0
2020-05-30 05:06:33,8.546,8.356,-0.0079999999999991,2.046,8.36,76.42500000000001,5.73,0.0,1.0,0.0,0.0,0.0,1.0,1.0,1.0
2020-05-30 05:06:43,8.546,8.364,-0.0079999999999991,2.0500000000000007,8.368,76.275,5.6775,0.0,1.0,0.0,0.0,0.0,1.0,1.0,1.0
2020-05-30 05:06:53,8.55,8.368,-0.0079999999999991,2.0500000000000007,8.374,76.275,5.549999999999999,0.0,1.0,0.0,0.0,0.0,1.0,1.0,1.0
2020-05-30 05:07:03,6.714,8.368,-0.0079999999999991,1.4879999999999995,8.37,76.2,5.19,0.0,1.0,1.0,0.0,0.0,1.0,1.0,1.0
2020-05-30 05:07:13,8.152,8.348,-0.0079999999999991,1.9220000000000008,8.35,76.375,5.542499999999999,0.0,1.0,1.0,0.0,0.0,1.0,1.0,1.0
2020-05-30 05:07:23,8.582,8.346,-0.0079999999999991,2.056000000000001,8.35,76.4,5.737500000000001,0.0,1.0,1.0,0.0,0.0,1.0,1.0,1.0
2020-05-30 05:07:33,8.59,8.36,-0.0079999999999991,2.056000000000001,8.364,76.29999999999998,5.7475000000000005,0.0,1.0,1.0,0.0,0.0,1.0,1.0,1.0
2020-05-30 05:07:43,8.596,8.372,-0.0079999999999991,2.0599999999999987,8.376,76.2,5.734999999999999,0.0,1.0,1.0,0.0,0.0,1.0,1.0,1.0
2020-05-30 05:07:53,8.606,8.384,-0.0079999999999991,2.065999999999999,8.386,76.275,5.737500000000001,0.0,1.0,1.0,0.0,0.0,1.0,1.0,1.0
2020-05-30 05:08:03,6.51,8.382,-0.009999999999998,1.4280000000000008,8.384,76.29999999999998,5.217499999999999,0.0,1.0,0.0,0.0,0.0,1.0,1.0,1.0
2020-05-30 05:08:13,7.965999999999999,8.362,-0.0079999999999991,1.862,8.366,76.4,5.4575,0.0,1.0,0.0,0.0,0.0,1.0,1.0,1.0
2020-05-30 05:08:22,8.532,8.35,-0.0079999999999991,2.036,8.352,76.6,5.5525,0.0,1.0,0.0,0.0,0.0,1.0,1.0,1.0
2020-05-30 05:08:32,8.548,8.36,-0.009999999999998,2.0440000000000005,8.362,76.4,5.58,0.0,1.0,0.0,0.0,0.0,1.0,1.0,1.0
2020-05-30 05:08:42,8.548,8.366,-0.0079999999999991,2.046,8.368,76.29999999999998,5.5975,0.0,1.0,0.0,0.0,0.0,1.0,1.0,1.0
2020-05-30 05:08:52,8.552,8.37,-0.009999999999998,2.048,8.374,76.275,5.640000000000001,0.0,1.0,0.0,0.0,0.0,1.0,1.0,1.0
2020-05-30 05:09:02,6.757999999999999,8.368,-0.0079999999999991,1.5060000000000002,8.37,76.22500000000001,5.32,0.0,1.0,1.0,0.0,0.0,1.0,1.0,1.0
2020-05-30 05:09:12,8.256,8.346,-0.0079999999999991,1.952,8.35,76.42500000000001,5.6325,0.0,1.0,1.0,0.0,0.0,1.0,1.0,1.0
2020-05-30 05:09:22,8.584,8.348,-0.0060000000000002,2.0540000000000003,8.35,76.375,5.592500000000001,0.0,1.0,1.0,0.0,0.0,1.0,1.0,1.0
2020-05-30 05:09:32,8.592,8.362,-0.0079999999999991,2.056000000000001,8.364,76.325,5.5825,0.0,1.0,1.0,0.0,0.0,1.0,1.0,1.0
2020-05-30 05:09:42,8.598,8.376,-0.0079999999999991,2.062000000000001,8.376,76.22500000000001,5.612500000000001,0.0,1.0,1.0,0.0,0.0,1.0,1.0,1.0
2020-05-30 05:09:52,8.608,8.384,-0.0079999999999991,2.065999999999999,8.386,76.22500000000001,5.615000000000002,0.0,1.0,1.0,0.0,0.0,1.0,1.0,1.0
2020-05-30 05:10:02,6.566000000000001,8.382,-0.0079999999999991,1.4400000000000013,8.382,76.29999999999998,5.217499999999999,0.0,1.0,0.0,0.0,0.0,1.0,1.0,1.0
2020-05-30 05:10:12,8.0,8.362,-0.0079999999999991,1.872,8.364,76.375,5.577500000000001,0.0,1.0,0.0,0.0,0.0,1.0,1.0,1.0
2020-05-30 05:10:21,8.538,8.35,-0.009999999999998,2.0380000000000003,8.354,76.64999999999999,5.7225,0.0,1.0,0.0,0.0,0.0,1.0,1.0,1.0
2020-05-30 05:10:31,8.548,8.36,-0.0079999999999991,2.042,8.36,76.49999999999999,5.725,0.0,1.0,0.0,0.0,0.0,1.0,1.0,1.0
2020-05-30 05:10:41,8.548,8.366,-0.0079999999999991,2.0440000000000005,8.37,76.4,5.725,0.0,1.0,0.0,0.0,0.0,1.0,1.0,1.0
2020-05-30 05:10:51,8.552,8.37,-0.009999999999998,2.048,8.372,76.4,5.595000000000001,0.0,1.0,0.0,0.0,0.0,1.0,1.0,1.0
2020-05-30 05:11:01,6.976000000000001,8.366,-0.0079999999999991,1.564,8.368,76.29999999999998,5.262500000000001,0.0,1.0,1.0,0.0,0.0,1.0,1.0,1.0
2020-05-30 05:11:11,8.27,8.348,-0.0079999999999991,1.9559999999999995,8.35,76.375,5.497499999999999,0.0,1.0,1.0,0.0,0.0,1.0,1.0,1.0
2020-05-30 05:11:21,8.586,8.35,-0.0079999999999991,2.056000000000001,8.352,76.4,5.647500000000001,0.0,1.0,1.0,0.0,0.0,1.0,1.0,1.0
2020-05-30 05:11:31,8.592,8.364,-0.0079999999999991,2.062000000000001,8.366,76.29999999999998,5.725,0.0,1.0,1.0,0.0,0.0,1.0,1.0,1.0
2020-05-30 05:11:41,8.596,8.374,-0.0079999999999991,2.0599999999999987,8.378,76.15,5.720000000000001,0.0,1.0,1.0,0.0,0.0,1.0,1.0,1.0
2020-05-30 05:11:51,8.606,8.386,-0.0079999999999991,2.065999999999999,8.386,76.29999999999998,5.654999999999999,0.0,1.0,1.0,0.0,0.0,1.0,1.0,1.0
2020-05-30 05:12:01,6.804,8.378,-0.009999999999998,1.5099999999999998,8.38,76.29999999999998,5.2225,0.0,1.0,0.0,0.0,0.0,1.0,1.0,1.0
2020-05-30 05:12:10,8.09,8.358,-0.009999999999998,1.8960000000000008,8.362,76.44999999999999,5.455000000000002,0.0,1.0,0.0,0.0,0.0,1.0,1.0,1.0
2020-05-30 05:12:20,8.54,8.348,-0.0079999999999991,2.042,8.352,76.47500000000001,5.59,0.0,1.0,0.0,0.0,0.0,1.0,1.0,1.0
2020-05-30 05:12:30,8.546,8.36,-0.009999999999998,2.046,8.362,76.29999999999998,5.625,0.0,1.0,0.0,0.0,0.0,1.0,1.0,1.0
2020-05-30 05:12:40,8.546,8.364,-0.0079999999999991,2.046,8.368,76.175,5.674999999999999,0.0,1.0,0.0,0.0,0.0,1.0,1.0,1.0
2020-05-30 05:12:50,8.552,8.37,-0.0079999999999991,2.048,8.374,76.075,5.709999999999999,0.0,1.0,0.0,0.0,0.0,1.0,1.0,1.0
2020-05-30 05:13:00,7.036,8.364,-0.009999999999998,1.588000000000001,8.366,76.175,5.389999999999999,0.0,1.0,1.0,0.0,0.0,1.0,1.0,1.0
2020-05-30 05:13:10,8.364,8.344,-0.0079999999999991,1.9860000000000009,8.348,76.325,5.654999999999999,0.0,1.0,1.0,0.0,0.0,1.0,1.0,1.0
2020-05-30 05:13:20,8.588,8.35,-0.0079999999999991,2.056000000000001,8.354,76.42500000000001,5.6625,0.0,1.0,1.0,0.0,0.0,1.0,1.0,1.0
2020-05-30 05:13:30,8.59,8.362,-0.0079999999999991,2.058,8.366,76.25,5.565,0.0,1.0,1.0,0.0,0.0,1.0,1.0,1.0
2020-05-30 05:13:40,8.6,8.376,-0.0079999999999991,2.0599999999999987,8.378,76.29999999999998,5.615000000000002,0.0,1.0,1.0,0.0,0.0,1.0,1.0,1.0
2020-05-30 05:13:50,8.606,8.386,-0.0079999999999991,2.068,8.388,76.22500000000001,5.700000000000001,0.0,1.0,1.0,0.0,0.0,1.0,1.0,1.0
2020-05-30 05:13:59,6.852,8.378,-0.009999999999998,1.524000000000001,8.38,76.22500000000001,5.352499999999999,0.0,1.0,0.0,0.0,0.0,1.0,1.0,1.0
2020-05-30 05:14:09,8.118,8.36,-0.0079999999999991,1.91,8.362,76.49999999999999,5.622499999999999,0.0,1.0,0.0,0.0,0.0,1.0,1.0,1.0
2020-05-30 05:14:19,8.544,8.352,-0.0079999999999991,2.048,8.356,76.49999999999999,5.600000000000001,0.0,1.0,0.0,0.0,0.0,1.0,1.0,1.0
2020-05-30 05:14:29,8.546,8.36,-0.0060000000000002,2.046,8.364,76.44999999999999,5.585000000000001,0.0,1.0,0.0,0.0,0.0,1.0,1.0,1.0
2020-05-30 05:14:39,8.548,8.366,-0.009999999999998,2.048,8.368,76.29999999999998,5.5625,0.0,1.0,0.0,0.0,0.0,1.0,1.0,1.0
2020-05-30 05:14:49,8.554,8.372,-0.0079999999999991,2.048,8.374,76.25,5.59,0.0,1.0,0.0,0.0,0.0,1.0,1.0,1.0
2020-05-30 05:14:59,7.198,8.364,-0.009999999999998,1.6340000000000003,8.366,76.29999999999998,5.342499999999999,0.0,1.0,1.0,0.0,0.0,1.0,1.0,1.0
2020-05-30 05:15:09,8.374,8.346,-0.0079999999999991,1.9879999999999995,8.348,76.275,5.6175,0.0,1.0,1.0,0.0,0.0,1.0,1.0,1.0
2020-05-30 05:15:19,8.59,8.35,-0.0079999999999991,2.056000000000001,8.354,76.275,5.760000000000002,0.0,1.0,1.0,0.0,0.0,1.0,1.0,1.0
2020-05-30 05:15:29,8.594,8.364,-0.0079999999999991,2.058,8.368,76.2,5.7225,0.0,1.0,1.0,0.0,0.0,1.0,1.0,1.0
2020-05-30 05:15:39,8.6,8.376,-0.0079999999999991,2.064,8.378,76.2,5.715,0.0,1.0,1.0,0.0,0.0,1.0,1.0,1.0
2020-05-30 05:15:48,8.606,8.386,-0.0079999999999991,2.065999999999999,8.386,76.2,5.66,0.0,1.0,1.0,0.0,0.0,1.0,1.0,1.0
2020-05-30 05:15:58,7.054,8.376,-0.009999999999998,1.5860000000000003,8.378,76.175,5.217499999999999,0.0,1.0,0.0,0.0,0.0,1.0,1.0,1.0
2020-05-30 05:16:08,8.212,8.358,-0.0079999999999991,1.936,8.36,76.375,5.5275,0.0,1.0,0.0,0.0,0.0,1.0,1.0,1.0
2020-05-30 05:16:18,8.544,8.352,-0.0079999999999991,2.0380000000000003,8.356,76.47500000000001,5.717499999999999,0.0,1.0,0.0,0.0,0.0,1.0,1.0,1.0
2020-05-30 05:16:28,8.548,8.36,-0.0079999999999991,2.046,8.364,76.325,5.727500000000001,0.0,1.0,0.0,0.0,0.0,1.0,1.0,1.0
2020-05-30 05:16:38,8.548,8.366,-0.0079999999999991,2.046,8.37,76.2,5.657499999999999,0.0,1.0,0.0,0.0,0.0,1.0,1.0,1.0
2020-05-30 05:16:48,8.554,8.372,-0.0079999999999991,2.0540000000000003,8.374,76.275,5.595000000000001,0.0,1.0,0.0,0.0,0.0,1.0,1.0,1.0
2020-05-30 05:16:58,7.273999999999999,8.362,-0.009999999999998,1.66,8.364,76.275,5.2675,0.0,1.0,1.0,0.0,0.0,1.0,1.0,1.0
2020-05-30 05:17:08,8.466,8.342,-0.0079999999999991,2.0180000000000007,8.346,76.4,5.5600000000000005,0.0,1.0,1.0,0.0,0.0,1.0,1.0,1.0
2020-05-30 05:17:18,8.588,8.352,-0.0079999999999991,2.062000000000001,8.356,76.4,5.609999999999999,0.0,1.0,1.0,0.0,0.0,1.0,1.0,1.0
2020-05-30 05:17:28,8.59,8.364,-0.0079999999999991,2.058,8.366,76.25,5.67,0.0,1.0,1.0,0.0,0.0,1.0,1.0,1.0
2020-05-30 05:17:37,8.602,8.378,-0.0079999999999991,2.064,8.38,76.275,5.7475000000000005,0.0,1.0,1.0,0.0,0.0,1.0,1.0,1.0
2020-05-30 05:17:47,8.61,8.388,-0.0079999999999991,2.065999999999999,8.39,76.22500000000001,5.754999999999999,0.0,1.0,1.0,0.0,0.0,1.0,1.0,1.0
2020-05-30 05:17:57,7.0760000000000005,8.376,-0.0079999999999991,1.596,8.378,76.2,5.3925,0.0,1.0,0.0,0.0,0.0,1.0,1.0,1.0
2020-05-30 05:18:07,8.282,8.356,-0.0079999999999991,1.9600000000000009,8.358,76.4,5.545,0.0,1.0,0.0,0.0,0.0,1.0,1.0,1.0
2020-05-30 05:18:17,8.546,8.354,-0.0079999999999991,2.042,8.358,76.375,5.5600000000000005,0.0,1.0,0.0,0.0,0.0,1.0,1.0,1.0
2020-05-30 05:18:27,8.548,8.362,-0.0060000000000002,2.048,8.364,76.35000000000001,5.575000000000001,0.0,1.0,0.0,0.0,0.0,1.0,1.0,1.0
2020-05-30 05:18:37,8.548,8.368,-0.0079999999999991,2.046,8.372,76.2,5.725,0.0,1.0,0.0,0.0,0.0,1.0,1.0,1.0
2020-05-30 05:18:47,8.556,8.374,-0.0079999999999991,2.0500000000000007,8.376,76.29999999999998,5.717499999999999,0.0,1.0,0.0,0.0,0.0,1.0,1.0,1.0
2020-05-30 05:18:57,7.41,8.36,-0.0079999999999991,1.6959999999999995,8.364,76.175,5.395000000000001,0.0,1.0,1.0,0.0,0.0,1.0,1.0,1.0
2020-05-30 05:19:07,8.478,8.342,-0.0079999999999991,2.02,8.346,76.375,5.602499999999999,0.0,1.0,1.0,0.0,0.0,1.0,1.0,1.0
2020-05-30 05:19:17,8.588,8.352,-0.009999999999998,2.0599999999999987,8.356,76.325,5.577500000000001,0.0,1.0,1.0,0.0,0.0,1.0,1.0,1.0
2020-05-30 05:19:26,8.59,8.366,-0.0079999999999991,2.056000000000001,8.37,76.325,5.612500000000001,0.0,1.0,1.0,0.0,0.0,1.0,1.0,1.0
2020-05-30 05:19:36,8.602,8.378,-0.0079999999999991,2.065999999999999,8.38,76.29999999999998,5.67,0.0,1.0,1.0,0.0,0.0,1.0,1.0,1.0
2020-05-30 05:19:46,8.612,8.388,-0.0079999999999991,2.068,8.39,76.275,5.707500000000001,0.0,1.0,1.0,0.0,0.0,1.0,1.0,1.0
2020-05-30 05:19:56,7.27,8.374,-0.009999999999998,1.6500000000000004,8.376,76.29999999999998,5.440000000000001,0.0,1.0,0.0,0.0,0.0,1.0,1.0,1.0
2020-05-30 05:20:06,8.306,8.356,-0.009999999999998,1.968,8.358,76.29999999999998,5.612500000000001,0.0,1.0,0.0,0.0,0.0,1.0,1.0,1.0
2020-05-30 05:20:16,8.544,8.354,-0.009999999999998,2.042,8.356,76.29999999999998,5.5875,0.0,1.0,0.0,0.0,0.0,1.0,1.0,1.0
2020-05-30 05:20:26,8.548,8.362,-0.0079999999999991,2.046,8.366,76.275,5.5525,0.0,1.0,0.0,0.0,0.0,1.0,1.0,1.0
2020-05-30 05:20:36,8.548,8.366,-0.0079999999999991,2.046,8.368,76.22500000000001,5.657499999999999,0.0,1.0,0.0,0.0,0.0,1.0,1.0,1.0
2020-05-30 05:20:46,8.554,8.374,-0.0079999999999991,2.0500000000000007,8.376,76.22500000000001,5.7325,0.0,1.0,0.0,0.0,0.0,1.0,1.0,1.0
2020-05-30 05:20:56,7.504,8.36,-0.0079999999999991,1.7220000000000013,8.364,76.275,5.447500000000002,0.0,1.0,1.0,0.0,0.0,1.0,1.0,1.0
2020-05-30 05:21:06,8.504,8.342,-0.0079999999999991,2.030000000000001,8.346,76.4,5.620000000000001,0.0,1.0,1.0,0.0,0.0,1.0,1.0,1.0
2020-05-30 05:21:15,8.592,8.354,-0.009999999999998,2.058,8.358,76.42500000000001,5.57,0.0,1.0,1.0,0.0,0.0,1.0,1.0,1.0
2020-05-30 05:21:25,8.592,8.368,-0.0079999999999991,2.058,8.37,76.2,5.615000000000002,0.0,1.0,1.0,0.0,0.0,1.0,1.0,1.0
2020-05-30 05:21:35,8.6,8.378,-0.009999999999998,2.062000000000001,8.38,76.29999999999998,5.634999999999998,0.0,1.0,1.0,0.0,0.0,1.0,1.0,1.0
2020-05-30 05:21:45,8.608,8.388,-0.009999999999998,2.068,8.39,76.25,5.745000000000001,0.0,1.0,1.0,0.0,0.0,1.0,1.0,1.0
2020-05-30 05:21:55,7.300000000000001,8.372,-0.009999999999998,1.661999999999999,8.374,76.25,5.447500000000002,0.0,1.0,0.0,0.0,0.0,1.0,1.0,1.0
2020-05-30 05:22:05,8.326,8.356,-0.0079999999999991,1.974,8.358,76.44999999999999,5.674999999999999,0.0,1.0,0.0,0.0,0.0,1.0,1.0,1.0
2020-05-30 05:22:15,8.546,8.354,-0.0079999999999991,2.042,8.356,76.49999999999999,5.5875,0.0,1.0,0.0,0.0,0.0,1.0,1.0,1.0
2020-05-30 05:22:25,8.546,8.362,-0.009999999999998,2.046,8.364,76.275,5.549999999999999,0.0,1.0,0.0,0.0,0.0,1.0,1.0,1.0
2020-05-30 05:22:35,8.548,8.368,-0.0079999999999991,2.046,8.37,76.2,5.5725,0.0,1.0,0.0,0.0,0.0,1.0,1.0,1.0
2020-05-30 05:22:45,8.554,8.374,-0.0079999999999991,2.0500000000000007,8.376,76.2,5.69,0.0,1.0,0.0,0.0,0.0,1.0,1.0,1.0
2020-05-30 05:22:55,7.635999999999999,8.358,-0.009999999999998,1.7599999999999998,8.36,76.2,5.540000000000001,0.0,1.0,1.0,0.0,0.0,1.0,1.0,1.0
2020-05-30 05:23:04,8.534,8.342,-0.0079999999999991,2.039999999999999,8.346,76.325,5.6625,0.0,1.0,1.0,0.0,0.0,1.0,1.0,1.0
2020-05-30 05:23:14,8.59,8.354,-0.009999999999998,2.056000000000001,8.358,76.4,5.58,0.0,1.0,1.0,0.0,0.0,1.0,1.0,1.0
2020-05-30 05:23:24,8.596,8.368,-0.009999999999998,2.0599999999999987,8.372,76.2,5.58,0.0,1.0,1.0,0.0,0.0,1.0,1.0,1.0
2020-05-30 05:23:34,8.602,8.378,-0.0079999999999991,2.062000000000001,8.38,76.275,5.620000000000001,0.0,1.0,1.0,0.0,0.0,1.0,1.0,1.0
2020-05-30 05:23:44,8.612,8.392,-0.0079999999999991,2.0700000000000003,8.392,76.175,5.7225,0.0,1.0,1.0,0.0,0.0,1.0,1.0,1.0
2020-05-30 05:23:54,7.436,8.372,-0.0079999999999991,1.7040000000000006,8.374,76.275,5.48,0.0,1.0,0.0,0.0,0.0,1.0,1.0,1.0
2020-05-30 05:24:04,8.388,8.352,-0.009999999999998,1.99,8.356,76.525,5.69,0.0,1.0,0.0,0.0,0.0,1.0,1.0,1.0
2020-05-30 05:24:14,8.546,8.354,-0.009999999999998,2.042,8.356,76.49999999999999,5.707500000000001,0.0,1.0,0.0,0.0,0.0,1.0,1.0,1.0
2020-05-30 05:24:24,8.546,8.364,-0.009999999999998,2.042,8.366,76.29999999999998,5.607500000000002,0.0,1.0,0.0,0.0,0.0,1.0,1.0,1.0
2020-05-30 05:24:34,8.55,8.368,-0.0079999999999991,2.048,8.372,76.175,5.58,0.0,1.0,0.0,0.0,0.0,1.0,1.0,1.0
2020-05-30 05:24:44,8.556,8.374,-0.0079999999999991,2.0500000000000007,8.376,76.2,5.57,0.0,1.0,0.0,0.0,0.0,1.0,1.0,1.0
2020-05-30 05:24:53,7.76,8.356,-0.0079999999999991,1.802,8.36,76.25,5.455000000000002,0.0,1.0,1.0,0.0,0.0,1.0,1.0,1.0
2020-05-30 05:25:03,8.554,8.344,-0.0079999999999991,2.048,8.346,76.4,5.707500000000001,0.0,1.0,1.0,0.0,0.0,1.0,1.0,1.0
2020-05-30 05:25:13,8.59,8.356,-0.0079999999999991,2.0599999999999987,8.358,76.29999999999998,5.73,0.0,1.0,1.0,0.0,0.0,1.0,1.0,1.0
2020-05-30 05:25:23,8.59,8.368,-0.0079999999999991,2.058,8.37,76.2,5.657499999999999,0.0,1.0,1.0,0.0,0.0,1.0,1.0,1.0
2020-05-30 05:25:33,8.604,8.382,-0.0079999999999991,2.062000000000001,8.38,76.2,5.585000000000001,0.0,1.0,1.0,0.0,0.0,1.0,1.0,1.0
2020-05-30 05:25:43,8.61,8.39,-0.0079999999999991,2.068,8.39,76.29999999999998,5.600000000000001,0.0,1.0,1.0,0.0,0.0,1.0,1.0,1.0
2020-05-30 05:25:53,7.458,8.37,-0.0079999999999991,1.716000000000001,8.374,76.375,5.362499999999999,0.0,1.0,0.0,0.0,0.0,1.0,1.0,1.0
2020-05-30 05:26:03,8.454,8.35,-0.0079999999999991,2.0120000000000005,8.354,76.49999999999999,5.672499999999999,0.0,1.0,0.0,0.0,0.0,1.0,1.0,1.0
2020-05-30 05:26:13,8.548,8.356,-0.0079999999999991,2.0440000000000005,8.36,76.4,5.717499999999999,0.0,1.0,0.0,0.0,0.0,1.0,1.0,1.0
2020-05-30 05:26:23,8.546,8.364,-0.0060000000000002,2.046,8.368,76.29999999999998,5.7475000000000005,0.0,1.0,0.0,0.0,0.0,1.0,1.0,1.0
2020-05-30 05:26:33,8.55,8.37,-0.0079999999999991,2.048,8.372,76.2,5.634999999999998,0.0,1.0,0.0,0.0,0.0,1.0,1.0,1.0
2020-05-30 05:26:42,8.554,8.376,-0.0079999999999991,2.0500000000000007,8.378,76.22500000000001,5.6325,0.0,1.0,0.0,0.0,0.0,1.0,1.0,1.0
2020-05-30 05:26:52,7.762,8.358,-0.0079999999999991,1.806000000000001,8.36,76.275,5.3925,0.0,1.0,1.0,0.0,0.0,1.0,1.0,1.0
2020-05-30 05:27:02,8.566,8.344,-0.0079999999999991,2.048,8.346,76.375,5.57,0.0,1.0,1.0,0.0,0.0,1.0,1.0,1.0
2020-05-30 05:27:12,8.592,8.358,-0.0079999999999991,2.058,8.362,76.4,5.602499999999999,0.0,1.0,1.0,0.0,0.0,1.0,1.0,1.0
2020-05-30 05:27:22,8.594,8.37,-0.009999999999998,2.0599999999999987,8.374,76.2,5.692500000000001,0.0,1.0,1.0,0.0,0.0,1.0,1.0,1.0
2020-05-30 05:27:32,8.602,8.382,-0.0079999999999991,2.062000000000001,8.384,76.2,5.7225,0.0,1.0,1.0,0.0,0.0,1.0,1.0,1.0
2020-05-30 05:27:42,6.442,8.386,-0.009999999999998,1.466000000000001,8.392,76.2,5.322499999999998,0.0,1.0,0.0,0.0,0.0,0.0,1.0,1.0
2020-05-30 05:27:52,7.584,8.37,-0.0079999999999991,1.7439999999999998,8.372,76.4,5.355,0.0,1.0,0.0,0.0,0.0,1.0,1.0,1.0
2020-05-30 05:28:02,8.46,8.35,-0.009999999999998,2.01,8.354,76.47500000000001,5.545,0.0,1.0,0.0,0.0,0.0,1.0,1.0,1.0
2020-05-30 05:28:12,8.55,8.356,-0.0079999999999991,2.0440000000000005,8.36,76.4,5.575000000000001,0.0,1.0,0.0,0.0,0.0,1.0,1.0,1.0
2020-05-30 05:28:22,8.546,8.364,-0.0079999999999991,2.048,8.366,76.25,5.634999999999998,0.0,1.0,0.0,0.0,0.0,1.0,1.0,1.0
2020-05-30 05:28:31,8.55,8.37,-0.009999999999998,2.0500000000000007,8.372,76.29999999999998,5.709999999999999,0.0,1.0,0.0,0.0,0.0,1.0,1.0,1.0
2020-05-30 05:28:41,8.558,8.376,-0.0079999999999991,2.052,8.378,76.29999999999998,5.74,0.0,1.0,1.0,0.0,0.0,1.0,1.0,1.0
2020-05-30 05:28:51,7.907999999999999,8.356,-0.0079999999999991,1.85,8.358,76.275,5.547500000000001,0.0,1.0,1.0,0.0,0.0,1.0,1.0,1.0
2020-05-30 05:29:01,8.57,8.344,-0.0079999999999991,2.046,8.348,76.4,5.672499999999999,0.0,1.0,1.0,0.0,0.0,1.0,1.0,1.0
2020-05-30 05:29:11,8.592,8.358,-0.009999999999998,2.062000000000001,8.362,76.29999999999998,5.625,0.0,1.0,1.0,0.0,0.0,1.0,1.0,1.0
2020-05-30 05:29:21,8.594,8.37,-0.0079999999999991,2.0599999999999987,8.374,76.375,5.642499999999998,0.0,1.0,1.0,0.0,0.0,1.0,1.0,1.0
2020-05-30 05:29:31,8.604,8.382,-0.0079999999999991,2.065999999999999,8.384,76.375,5.575000000000001,0.0,1.0,1.0,0.0,0.0,1.0,1.0,1.0
2020-05-30 05:29:41,5.678000000000001,8.388,-0.009999999999998,1.1739999999999997,8.392,76.25,5.0525,0.0,1.0,0.0,0.0,0.0,1.0,1.0,1.0
2020-05-30 05:29:51,7.622,8.37,-0.0079999999999991,1.7560000000000002,8.372,76.4,5.4375,0.0,1.0,0.0,0.0,0.0,1.0,1.0,1.0
2020-05-30 05:30:01,8.502,8.352,-0.0079999999999991,2.0279999999999987,8.354,76.49999999999999,5.682499999999999,0.0,1.0,0.0,0.0,0.0,1.0,1.0,1.0
2020-05-30 05:30:11,8.546,8.356,-0.009999999999998,2.042,8.36,76.525,5.692500000000001,0.0,1.0,0.0,0.0,0.0,1.0,1.0,1.0
2020-05-30 05:30:21,8.55,8.364,-0.0079999999999991,2.046,8.368,76.375,5.642499999999998,0.0,1.0,0.0,0.0,0.0,1.0,1.0,1.0
2020-05-30 05:30:30,8.552,8.368,-0.0079999999999991,2.048,8.372,76.2,5.540000000000001,0.0,1.0,0.0,0.0,0.0,1.0,1.0,1.0
2020-05-30 05:30:40,6.077999999999999,8.374,-0.009999999999998,1.266,8.376,76.375,5.047499999999999,0.0,1.0,1.0,0.0,0.0,1.0,1.0,1.0
2020-05-30 05:30:50,7.923999999999999,8.354,-0.0079999999999991,1.8520000000000003,8.358,76.29999999999998,5.460000000000001,0.0,1.0,1.0,0.0,0.0,1.0,1.0,1.0
2020-05-30 05:31:00,8.576,8.346,-0.0079999999999991,2.052,8.35,76.4,5.6325,0.0,1.0,1.0,0.0,0.0,1.0,1.0,1.0
2020-05-30 05:31:10,8.594,8.36,-0.0079999999999991,2.058,8.362,76.275,5.692500000000001,0.0,1.0,1.0,0.0,0.0,1.0,1.0,1.0
2020-05-30 05:31:20,8.594,8.372,-0.009999999999998,2.0599999999999987,8.374,76.275,5.734999999999999,0.0,1.0,1.0,0.0,0.0,1.0,1.0,1.0
2020-05-30 05:31:30,8.604,8.382,-0.009999999999998,2.064,8.384,76.29999999999998,5.7575,0.0,1.0,1.0,0.0,0.0,1.0,1.0,1.0
2020-05-30 05:31:40,5.974,8.388,-0.0079999999999991,1.25,8.388,76.275,5.120000000000001,0.0,1.0,0.0,0.0,0.0,1.0,1.0,1.0
2020-05-30 05:31:50,7.747999999999999,8.366,-0.009999999999998,1.798,8.37,76.35000000000001,5.4175,0.0,1.0,0.0,0.0,0.0,1.0,1.0,1.0
2020-05-30 05:32:00,8.506,8.352,-0.0079999999999991,2.0279999999999987,8.354,76.525,5.540000000000001,0.0,1.0,0.0,0.0,0.0,1.0,1.0,1.0
2020-05-30 05:32:10,8.548,8.358,-0.0079999999999991,2.0440000000000005,8.362,76.47500000000001,5.592500000000001,0.0,1.0,0.0,0.0,0.0,1.0,1.0,1.0
2020-05-30 05:32:19,8.546,8.366,-0.0079999999999991,2.046,8.37,76.275,5.717499999999999,0.0,1.0,0.0,0.0,0.0,1.0,1.0,1.0
2020-05-30 05:32:29,8.552,8.372,-0.0079999999999991,2.048,8.374,76.2,5.7325,0.0,1.0,0.0,0.0,0.0,1.0,1.0,1.0
2020-05-30 05:32:39,6.364000000000001,8.372,-0.0079999999999991,1.3580000000000003,8.372,76.22500000000001,5.175000000000001,0.0,1.0,1.0,0.0,0.0,1.0,1.0,1.0
2020-05-30 05:32:49,8.016,8.354,-0.0079999999999991,1.8760000000000008,8.354,76.29999999999998,5.512499999999999,0.0,1.0,1.0,0.0,0.0,1.0,1.0,1.0
2020-05-30 05:32:59,8.578,8.348,-0.0079999999999991,2.0500000000000007,8.348,76.375,5.607500000000002,0.0,1.0,1.0,0.0,0.0,1.0,1.0,1.0
2020-05-30 05:33:09,8.59,8.36,-0.0079999999999991,2.058,8.362,76.29999999999998,5.58,0.0,1.0,1.0,0.0,0.0,1.0,1.0,1.0
2020-05-30 05:33:19,8.596,8.372,-0.0079999999999991,2.062000000000001,8.376,76.25,5.567500000000001,0.0,1.0,1.0,0.0,0.0,1.0,1.0,1.0
2020-05-30 05:33:29,8.604,8.382,-0.009999999999998,2.062000000000001,8.384,76.2,5.6175,0.0,1.0,1.0,0.0,0.0,1.0,1.0,1.0
2020-05-30 05:33:39,5.948,8.386,-0.0079999999999991,1.2300000000000004,8.388,76.2,5.08,0.0,1.0,0.0,0.0,0.0,1.0,1.0,1.0
2020-05-30 05:33:49,7.84,8.364,-0.009999999999998,1.8219999999999992,8.368,76.42500000000001,5.5275,0.0,1.0,0.0,0.0,0.0,1.0,1.0,1.0
2020-05-30 05:33:59,8.522,8.348,-0.0079999999999991,2.033999999999999,8.354,76.525,5.6850000000000005,0.0,1.0,0.0,0.0,0.0,1.0,1.0,1.0
2020-05-30 05:34:08,8.546,8.358,-0.0079999999999991,2.0440000000000005,8.36,76.35000000000001,5.73,0.0,1.0,0.0,0.0,0.0,1.0,1.0,1.0
2020-05-30 05:34:18,8.548,8.366,-0.0079999999999991,2.0440000000000005,8.368,76.29999999999998,5.609999999999999,0.0,1.0,0.0,0.0,0.0,1.0,1.0,1.0
2020-05-30 05:34:28,8.554,8.372,-0.0079999999999991,2.048,8.374,76.2,5.557499999999999,0.0,1.0,0.0,0.0,0.0,1.0,1.0,1.0
2020-05-30 05:34:38,6.414,8.372,-0.009999999999998,1.378,8.372,76.2,5.1225000000000005,0.0,1.0,1.0,0.0,0.0,1.0,1.0,1.0
2020-05-30 05:34:48,8.12,8.35,-0.0079999999999991,1.9059999999999988,8.352,76.275,5.609999999999999,0.0,1.0,1.0,0.0,0.0,1.0,1.0,1.0
2020-05-30 05:34:58,8.582,8.346,-0.0079999999999991,2.056000000000001,8.35,76.29999999999998,5.705,0.0,1.0,1.0,0.0,0.0,1.0,1.0,1.0
2020-05-30 05:35:08,8.588,8.36,-0.009999999999998,2.0540000000000003,8.364,76.4,5.74,0.0,1.0,1.0,0.0,0.0,1.0,1.0,1.0
2020-05-30 05:35:18,8.596,8.372,-0.0079999999999991,2.058,8.376,76.29999999999998,5.7325,0.0,1.0,1.0,0.0,0.0,1.0,1.0,1.0
2020-05-30 05:35:28,8.606,8.384,-0.0079999999999991,2.065999999999999,8.386,76.275,5.6850000000000005,0.0,1.0,1.0,0.0,0.0,1.0,1.0,1.0
2020-05-30 05:35:38,6.234,8.386,-0.0079999999999991,1.3320000000000007,8.386,76.275,5.16,0.0,1.0,0.0,0.0,0.0,1.0,1.0,1.0
2020-05-30 05:35:48,7.864000000000001,8.366,-0.0079999999999991,1.8320000000000007,8.368,76.375,5.477499999999999,0.0,1.0,0.0,0.0,0.0,1.0,1.0,1.0
2020-05-30 05:35:57,8.528,8.35,-0.0079999999999991,2.0380000000000003,8.354,76.47500000000001,5.575000000000001,0.0,1.0,0.0,0.0,0.0,1.0,1.0,1.0
2020-05-30 05:36:07,8.544,8.358,-0.0079999999999991,2.0440000000000005,8.36,76.29999999999998,5.575000000000001,0.0,1.0,0.0,0.0,0.0,1.0,1.0,1.0
2020-05-30 05:36:17,8.55,8.364,-0.0079999999999991,2.046,8.366,76.275,5.622499999999999,0.0,1.0,0.0,0.0,0.0,1.0,1.0,1.0
2020-05-30 05:36:27,8.554,8.368,-0.0079999999999991,2.052,8.372,76.275,5.649999999999999,0.0,1.0,0.0,0.0,0.0,1.0,1.0,1.0
2020-05-30 05:36:37,6.73,8.368,-0.0079999999999991,1.4900000000000002,8.37,76.25,5.324999999999999,0.0,1.0,1.0,0.0,0.0,1.0,1.0,1.0
2020-05-30 05:36:47,8.158,8.35,-0.0079999999999991,1.92,8.354,76.29999999999998,5.5825,0.0,1.0,1.0,0.0,0.0,1.0,1.0,1.0
2020-05-30 05:36:57,8.58,8.346,-0.0079999999999991,2.0500000000000007,8.348,76.47500000000001,5.59,0.0,1.0,1.0,0.0,0.0,1.0,1.0,1.0
2020-05-30 05:37:07,8.592,8.362,-0.0079999999999991,2.056000000000001,8.364,76.275,5.600000000000001,0.0,1.0,1.0,0.0,0.0,1.0,1.0,1.0
2020-05-30 05:37:17,8.598,8.374,-0.009999999999998,2.0599999999999987,8.374,76.2,5.6525,0.0,1.0,1.0,0.0,0.0,1.0,1.0,1.0
2020-05-30 05:37:27,8.604,8.384,-0.009999999999998,2.064,8.386,76.29999999999998,5.717499999999999,0.0,1.0,1.0,0.0,0.0,1.0,1.0,1.0
2020-05-30 05:37:37,6.488,8.382,-0.009999999999998,1.4220000000000006,8.384,76.4,5.2775,0.0,1.0,0.0,0.0,0.0,1.0,1.0,1.0
2020-05-30 05:37:46,7.955999999999999,8.362,-0.0079999999999991,1.8580000000000003,8.366,76.42500000000001,5.515000000000001,0.0,1.0,0.0,0.0,0.0,1.0,1.0,1.0
2020-05-30 05:37:56,8.532,8.35,-0.0079999999999991,2.0380000000000003,8.352,76.4,5.5825,0.0,1.0,0.0,0.0,0.0,1.0,1.0,1.0
2020-05-30 05:38:06,8.548,8.36,-0.0060000000000002,2.046,8.36,76.4,5.557499999999999,0.0,1.0,0.0,0.0,0.0,1.0,1.0,1.0
2020-05-30 05:38:16,8.548,8.364,-0.0079999999999991,2.046,8.368,76.275,5.600000000000001,0.0,1.0,0.0,0.0,0.0,1.0,1.0,1.0
2020-05-30 05:38:26,8.554,8.372,-0.0079999999999991,2.048,8.372,76.2,5.674999999999999,0.0,1.0,0.0,0.0,0.0,1.0,1.0,1.0
2020-05-30 05:38:36,6.698,8.37,-0.0079999999999991,1.4879999999999995,8.37,76.2,5.322499999999998,0.0,1.0,1.0,0.0,0.0,1.0,1.0,1.0
2020-05-30 05:38:46,8.23,8.35,-0.0060000000000002,1.942,8.35,76.29999999999998,5.605,0.0,1.0,1.0,0.0,0.0,1.0,1.0,1.0
2020-05-30 05:38:56,8.584,8.35,-0.0060000000000002,2.0540000000000003,8.35,76.4,5.5875,0.0,1.0,1.0,0.0,0.0,1.0,1.0,1.0
2020-05-30 05:39:06,8.592,8.364,-0.0060000000000002,2.056000000000001,8.366,76.29999999999998,5.567500000000001,0.0,1.0,1.0,0.0,0.0,1.0,1.0,1.0
2020-05-30 05:39:16,8.596,8.374,-0.0079999999999991,2.062000000000001,8.376,76.2,5.725,0.0,1.0,1.0,0.0,0.0,1.0,1.0,1.0
2020-05-30 05:39:26,8.608,8.386,-0.0079999999999991,2.065999999999999,8.388,76.2,5.74,0.0,1.0,1.0,0.0,0.0,1.0,1.0,1.0
2020-05-30 05:39:35,6.502000000000001,8.382,-0.0079999999999991,1.4160000000000004,8.384,76.29999999999998,5.300000000000001,0.0,1.0,0.0,0.0,0.0,1.0,1.0,1.0
2020-05-30 05:39:45,7.974,8.362,-0.0079999999999991,1.862,8.366,76.4,5.547500000000001,0.0,1.0,0.0,0.0,0.0,1.0,1.0,1.0
2020-05-30 05:39:55,8.538,8.352,-0.0060000000000002,2.039999999999999,8.354,76.49999999999999,5.567500000000001,0.0,1.0,0.0,0.0,0.0,1.0,1.0,1.0
2020-05-30 05:40:05,8.548,8.362,-0.0060000000000002,2.042,8.362,76.29999999999998,5.557499999999999,0.0,1.0,0.0,0.0,0.0,1.0,1.0,1.0
2020-05-30 05:40:15,8.548,8.366,-0.0079999999999991,2.0440000000000005,8.37,76.29999999999998,5.595000000000001,0.0,1.0,0.0,0.0,0.0,1.0,1.0,1.0
2020-05-30 05:40:25,8.554,8.372,-0.0060000000000002,2.046,8.376,76.2,5.715,0.0,1.0,0.0,0.0,0.0,1.0,1.0,1.0
2020-05-30 05:40:35,6.944000000000001,8.368,-0.0060000000000002,1.5599999999999987,8.37,76.2,5.355,0.0,1.0,1.0,0.0,0.0,1.0,1.0,1.0
2020-05-30 05:40:45,8.25,8.35,-0.0060000000000002,1.9499999999999995,8.352,76.375,5.6525,0.0,1.0,1.0,0.0,0.0,1.0,1.0,1.0
2020-05-30 05:40:55,8.584,8.35,-0.0079999999999991,2.058,8.352,76.325,5.707500000000001,0.0,1.0,1.0,0.0,0.0,1.0,1.0,1.0
2020-05-30 05:41:05,8.592,8.364,-0.0079999999999991,2.058,8.366,76.325,5.577500000000001,0.0,1.0,1.0,0.0,0.0,1.0,1.0,1.0
2020-05-30 05:41:15,8.6,8.378,-0.0060000000000002,2.062000000000001,8.378,76.22500000000001,5.585000000000001,0.0,1.0,1.0,0.0,0.0,1.0,1.0,1.0
2020-05-30 05:41:24,8.606,8.386,-0.0079999999999991,2.064,8.388,76.22500000000001,5.69,0.0,1.0,1.0,0.0,0.0,1.0,1.0,1.0
2020-05-30 05:41:34,6.59,8.382,-0.0079999999999991,1.4459999999999995,8.384,76.275,5.305,0.0,1.0,0.0,0.0,0.0,1.0,1.0,1.0
2020-05-30 05:41:44,8.076,8.362,-0.0060000000000002,1.9000000000000004,8.364,76.44999999999999,5.575000000000001,0.0,1.0,0.0,0.0,0.0,1.0,1.0,1.0
2020-05-30 05:41:54,8.542,8.352,-0.0079999999999991,2.0380000000000003,8.356,76.47500000000001,5.615000000000002,0.0,1.0,0.0,0.0,0.0,1.0,1.0,1.0
2020-05-30 05:42:04,8.55,8.362,-0.009999999999998,2.0440000000000005,8.362,76.49999999999999,5.567500000000001,0.0,1.0,0.0,0.0,0.0,1.0,1.0,1.0
2020-05-30 05:42:14,8.548,8.368,-0.0079999999999991,2.0440000000000005,8.37,76.325,5.59,0.0,1.0,0.0,0.0,0.0,1.0,1.0,1.0
2020-05-30 05:42:24,8.552,8.374,-0.0079999999999991,2.048,8.376,76.22500000000001,5.625,0.0,1.0,0.0,0.0,0.0,1.0,1.0,1.0
2020-05-30 05:42:34,6.960000000000001,8.368,-0.0079999999999991,1.5620000000000012,8.37,76.4,5.362499999999999,0.0,1.0,1.0,0.0,0.0,1.0,1.0,1.0
2020-05-30 05:42:44,8.346,8.348,-0.0079999999999991,1.978,8.35,76.375,5.664999999999999,0.0,1.0,1.0,0.0,0.0,1.0,1.0,1.0
2020-05-30 05:42:54,8.582,8.35,-0.0079999999999991,2.056000000000001,8.354,76.29999999999998,5.6675,0.0,1.0,1.0,0.0,0.0,1.0,1.0,1.0
2020-05-30 05:43:04,8.592,8.362,-0.0079999999999991,2.058,8.366,76.29999999999998,5.649999999999999,0.0,1.0,1.0,0.0,0.0,1.0,1.0,1.0
2020-05-30 05:43:13,8.602,8.376,-0.009999999999998,2.064,8.378,76.275,5.58,0.0,1.0,1.0,0.0,0.0,1.0,1.0,1.0
2020-05-30 05:43:23,8.61,8.386,-0.0060000000000002,2.065999999999999,8.388,76.275,5.634999999999998,0.0,1.0,1.0,0.0,0.0,1.0,1.0,1.0
2020-05-30 05:43:33,6.784000000000001,8.38,-0.0079999999999991,1.5060000000000002,8.382,76.375,5.322499999999998,0.0,1.0,0.0,0.0,0.0,1.0,1.0,1.0
2020-05-30 05:43:43,8.092,8.362,-0.0060000000000002,1.9000000000000004,8.364,76.44999999999999,5.5975,0.0,1.0,0.0,0.0,0.0,1.0,1.0,1.0
2020-05-30 05:43:53,8.544,8.352,-0.0079999999999991,2.0380000000000003,8.354,76.57499999999999,5.645,0.0,1.0,0.0,0.0,0.0,1.0,1.0,1.0
2020-05-30 05:44:03,8.548,8.362,-0.0079999999999991,2.042,8.364,76.42500000000001,5.600000000000001,0.0,1.0,0.0,0.0,0.0,1.0,1.0,1.0
2020-05-30 05:44:13,8.546,8.368,-0.0079999999999991,2.042,8.37,76.325,5.59,0.0,1.0,0.0,0.0,0.0,1.0,1.0,1.0
2020-05-30 05:44:23,8.554,8.372,-0.0079999999999991,2.0500000000000007,8.376,76.25,5.595000000000001,0.0,1.0,0.0,0.0,0.0,1.0,1.0,1.0
2020-05-30 05:44:33,7.17,8.364,-0.0079999999999991,1.6239999999999988,8.366,76.275,5.309999999999999,0.0,1.0,1.0,0.0,0.0,1.0,1.0,1.0
2020-05-30 05:44:43,8.358,8.346,-0.009999999999998,1.984,8.35,76.4,5.592500000000001,0.0,1.0,1.0,0.0,0.0,1.0,1.0,1.0
2020-05-30 05:44:53,8.588,8.352,-0.0079999999999991,2.058,8.354,76.42500000000001,5.727500000000001,0.0,1.0,1.0,0.0,0.0,1.0,1.0,1.0
2020-05-30 05:45:02,8.596,8.366,-0.0079999999999991,2.0599999999999987,8.368,76.29999999999998,5.7425,0.0,1.0,1.0,0.0,0.0,1.0,1.0,1.0
2020-05-30 05:45:12,8.598,8.376,-0.0079999999999991,2.062000000000001,8.38,76.2,5.674999999999999,0.0,1.0,1.0,0.0,0.0,1.0,1.0,1.0
2020-05-30 05:45:22,8.61,8.388,-0.0079999999999991,2.065999999999999,8.39,76.175,5.605,0.0,1.0,1.0,0.0,0.0,1.0,1.0,1.0
2020-05-30 05:45:32,6.98,8.378,-0.0060000000000002,1.556000000000001,8.382,76.2,5.25,0.0,1.0,0.0,0.0,0.0,1.0,1.0,1.0
2020-05-30 05:45:42,8.172,8.36,-0.0079999999999991,1.924,8.362,76.4,5.525,0.0,1.0,0.0,0.0,0.0,1.0,1.0,1.0
2020-05-30 05:45:52,8.544,8.352,-0.0079999999999991,2.0440000000000005,8.356,76.47500000000001,5.672499999999999,0.0,1.0,0.0,0.0,0.0,1.0,1.0,1.0
2020-05-30 05:46:02,8.55,8.362,-0.0079999999999991,2.046,8.364,76.2,5.734999999999999,0.0,1.0,0.0,0.0,0.0,1.0,1.0,1.0
2020-05-30 05:46:12,8.55,8.368,-0.0079999999999991,2.0440000000000005,8.37,76.29999999999998,5.6975,0.0,1.0,0.0,0.0,0.0,1.0,1.0,1.0
2020-05-30 05:46:22,8.554,8.374,-0.0079999999999991,2.048,8.376,76.15,5.66,0.0,1.0,0.0,0.0,0.0,1.0,1.0,1.0
2020-05-30 05:46:32,7.34,8.364,-0.0079999999999991,1.6760000000000002,8.366,76.22500000000001,5.3325,0.0,1.0,1.0,0.0,0.0,1.0,1.0,1.0
2020-05-30 05:46:42,8.436,8.344,-0.0079999999999991,2.0120000000000005,8.346,76.275,5.557499999999999,0.0,1.0,1.0,0.0,0.0,1.0,1.0,1.0
2020-05-30 05:46:51,8.584,8.352,-0.0079999999999991,2.052,8.354,76.2,5.577500000000001,0.0,1.0,1.0,0.0,0.0,1.0,1.0,1.0
2020-05-30 05:47:01,8.594,8.364,-0.0079999999999991,2.056000000000001,8.368,76.2,5.612500000000001,0.0,1.0,1.0,0.0,0.0,1.0,1.0,1.0
2020-05-30 05:47:11,8.602,8.376,-0.0079999999999991,2.062000000000001,8.378,76.1,5.634999999999998,0.0,1.0,1.0,0.0,0.0,1.0,1.0,1.0
2020-05-30 05:47:21,8.612,8.386,-0.0079999999999991,2.068,8.388,76.175,5.67,0.0,1.0,1.0,0.0,0.0,1.0,1.0,1.0
2020-05-30 05:47:31,7.126,8.376,-0.0079999999999991,1.606,8.378,76.22500000000001,5.395000000000001,0.0,1.0,0.0,0.0,0.0,1.0,1.0,1.0
2020-05-30 05:47:41,8.246,8.356,-0.0079999999999991,1.943999999999999,8.358,76.375,5.625,0.0,1.0,0.0,0.0,0.0,1.0,1.0,1.0
2020-05-30 05:47:51,8.546,8.354,-0.0079999999999991,2.042,8.356,76.44999999999999,5.6525,0.0,1.0,0.0,0.0,0.0,1.0,1.0,1.0
2020-05-30 05:48:01,8.546,8.36,-0.0060000000000002,2.0440000000000005,8.364,76.4,5.5600000000000005,0.0,1.0,0.0,0.0,0.0,1.0,1.0,1.0
2020-05-30 05:48:11,8.548,8.368,-0.0079999999999991,2.046,8.37,76.22500000000001,5.6325,0.0,1.0,0.0,0.0,0.0,1.0,1.0,1.0
2020-05-30 05:48:21,8.556,8.374,-0.0060000000000002,2.0500000000000007,8.376,76.2,5.674999999999999,0.0,1.0,0.0,0.0,0.0,1.0,1.0,1.0
2020-05-30 05:48:31,7.321999999999999,8.362,-0.0079999999999991,1.6720000000000006,8.366,76.2,5.4575,0.0,1.0,1.0,0.0,0.0,1.0,1.0,1.0
2020-05-30 05:48:40,8.496,8.342,-0.0060000000000002,2.030000000000001,8.346,76.29999999999998,5.705,0.0,1.0,1.0,0.0,0.0,1.0,1.0,1.0
2020-05-30 05:48:50,8.59,8.354,-0.0079999999999991,2.056000000000001,8.356,76.275,5.69,0.0,1.0,1.0,0.0,0.0,1.0,1.0,1.0
2020-05-30 05:49:00,8.592,8.368,-0.0060000000000002,2.064,8.368,76.2,5.657499999999999,0.0,1.0,1.0,0.0,0.0,1.0,1.0,1.0
2020-05-30 05:49:10,8.6,8.376,-0.0079999999999991,2.0599999999999987,8.38,76.1,5.6625,0.0,1.0,1.0,0.0,0.0,1.0,1.0,1.0
2020-05-30 05:49:20,8.608,8.388,-0.0079999999999991,2.065999999999999,8.39,76.1,5.57,0.0,1.0,1.0,0.0,0.0,1.0,1.0,1.0
2020-05-30 05:49:30,7.166,8.376,-0.0079999999999991,1.6140000000000008,8.378,76.22500000000001,5.275,0.0,1.0,0.0,0.0,0.0,1.0,1.0,1.0
2020-05-30 05:49:40,8.268,8.356,-0.0079999999999991,1.952,8.358,76.47500000000001,5.5175,0.0,1.0,0.0,0.0,0.0,1.0,1.0,1.0
2020-05-30 05:49:50,8.546,8.354,-0.0079999999999991,2.0440000000000005,8.356,76.47500000000001,5.640000000000001,0.0,1.0,0.0,0.0,0.0,1.0,1.0,1.0
2020-05-30 05:50:00,8.546,8.362,-0.0079999999999991,2.042,8.364,76.375,5.725,0.0,1.0,0.0,0.0,0.0,1.0,1.0,1.0
2020-05-30 05:50:10,8.55,8.368,-0.0079999999999991,2.046,8.372,76.275,5.6325,0.0,1.0,0.0,0.0,0.0,1.0,1.0,1.0
2020-05-30 05:50:20,8.556,8.374,-0.0079999999999991,2.046,8.376,76.2,5.577500000000001,0.0,1.0,0.0,0.0,0.0,1.0,1.0,1.0
2020-05-30 05:50:29,7.538,8.36,-0.0060000000000002,1.7300000000000004,8.364,76.25,5.359999999999999,0.0,1.0,1.0,0.0,0.0,1.0,1.0,1.0
2020-05-30 05:50:39,8.516,8.344,-0.0060000000000002,2.033999999999999,8.346,76.325,5.6175,0.0,1.0,1.0,0.0,0.0,1.0,1.0,1.0
2020-05-30 05:50:49,8.592,8.356,-0.0060000000000002,2.056000000000001,8.358,76.29999999999998,5.6775,0.0,1.0,1.0,0.0,0.0,1.0,1.0,1.0
2020-05-30 05:50:59,8.59,8.368,-0.0079999999999991,2.0540000000000003,8.37,76.25,5.705,0.0,1.0,1.0,0.0,0.0,1.0,1.0,1.0
2020-05-30 05:51:09,8.602,8.378,-0.0060000000000002,2.058,8.38,76.175,5.737500000000001,0.0,1.0,1.0,0.0,0.0,1.0,1.0,1.0
2020-05-30 05:51:19,8.61,8.39,-0.0079999999999991,2.064,8.392,76.15,5.715,0.0,1.0,1.0,0.0,0.0,1.0,1.0,1.0
2020-05-30 05:51:29,7.236000000000001,8.376,-0.0079999999999991,1.6419999999999997,8.378,76.29999999999998,5.327500000000001,0.0,1.0,0.0,0.0,0.0,1.0,1.0,1.0
2020-05-30 05:51:39,8.356,8.356,-0.0060000000000002,1.978,8.358,76.4,5.542499999999999,0.0,1.0,0.0,0.0,0.0,1.0,1.0,1.0
2020-05-30 05:51:49,8.548,8.356,-0.0079999999999991,2.0440000000000005,8.358,76.4,5.585000000000001,0.0,1.0,0.0,0.0,0.0,1.0,1.0,1.0
2020-05-30 05:51:59,8.55,8.364,-0.0060000000000002,2.046,8.366,76.375,5.5600000000000005,0.0,1.0,0.0,0.0,0.0,1.0,1.0,1.0
2020-05-30 05:52:09,8.552,8.372,-0.0060000000000002,2.048,8.372,76.275,5.692500000000001,0.0,1.0,0.0,0.0,0.0,1.0,1.0,1.0
2020-05-30 05:52:18,8.556,8.376,-0.0079999999999991,2.046,8.376,76.25,5.6975,0.0,1.0,0.0,0.0,0.0,1.0,1.0,1.0
2020-05-30 05:52:28,7.574,8.362,-0.0079999999999991,1.7400000000000002,8.364,76.2,5.467500000000001,0.0,1.0,1.0,0.0,0.0,1.0,1.0,1.0
2020-05-30 05:52:38,8.528,8.346,-0.0060000000000002,2.033999999999999,8.346,76.375,5.6175,0.0,1.0,1.0,0.0,0.0,1.0,1.0,1.0
2020-05-30 05:52:48,8.592,8.358,-0.0079999999999991,2.0599999999999987,8.36,76.4,5.565,0.0,1.0,1.0,0.0,0.0,1.0,1.0,1.0
2020-05-30 05:52:58,8.596,8.37,-0.0060000000000002,2.058,8.372,76.2,5.585000000000001,0.0,1.0,1.0,0.0,0.0,1.0,1.0,1.0
2020-05-30 05:53:08,8.602,8.382,-0.0079999999999991,2.0599999999999987,8.384,76.2,5.605,0.0,1.0,1.0,0.0,0.0,1.0,1.0,1.0
2020-05-30 05:53:18,8.614,8.392,-0.0079999999999991,2.064,8.394,76.2,5.609999999999999,0.0,1.0,1.0,0.0,0.0,1.0,1.0,1.0
2020-05-30 05:53:28,7.404,8.376,-0.0079999999999991,1.6879999999999988,8.376,76.22500000000001,5.4275,0.0,1.0,0.0,0.0,0.0,1.0,1.0,1.0
2020-05-30 05:53:38,8.374,8.356,-0.0079999999999991,1.9879999999999995,8.36,76.42500000000001,5.6875,0.0,1.0,0.0,0.0,0.0,1.0,1.0,1.0
2020-05-30 05:53:48,8.55,8.356,-0.0079999999999991,2.046,8.36,76.4,5.725,0.0,1.0,0.0,0.0,0.0,1.0,1.0,1.0
2020-05-30 05:53:58,8.55,8.366,-0.0079999999999991,2.0440000000000005,8.368,76.325,5.642499999999998,0.0,1.0,0.0,0.0,0.0,1.0,1.0,1.0
2020-05-30 05:54:08,8.554,8.372,-0.0079999999999991,2.048,8.374,76.1,5.549999999999999,0.0,1.0,0.0,0.0,0.0,1.0,1.0,1.0
2020-05-30 05:54:17,8.558,8.378,-0.0079999999999991,2.048,8.38,76.075,5.5725,0.0,1.0,0.0,0.0,0.0,1.0,1.0,1.0
2020-05-30 05:54:27,6.914,8.36,0.0919999999999987,0.7779999999999987,8.362,76.175,5.082500000000001,0.0,1.0,1.0,0.0,0.0,1.0,1.0,1.0
2020-05-30 05:54:37,8.946,8.528,-0.0060000000000002,-0.0120000000000004,8.528,76.29999999999998,5.785,0.0,1.0,1.0,0.0,0.0,1.0,1.0,1.0
2020-05-30 05:54:47,9.152,8.742,-0.0060000000000002,-0.0120000000000004,8.742,76.175,5.880000000000001,0.0,1.0,1.0,0.0,0.0,1.0,1.0,1.0
2020-05-30 05:54:57,9.34,8.946,-0.0060000000000002,-0.009999999999998,8.942,76.1,5.854999999999999,0.0,1.0,1.0,0.0,0.0,1.0,1.0,1.0
2020-05-30 05:55:07,9.518,9.13,-0.0079999999999991,-0.009999999999998,9.13,76.025,5.940000000000001,0.0,1.0,1.0,0.0,0.0,1.0,1.0,1.0
2020-05-30 05:55:17,0.904,9.176,-0.0060000000000002,-0.009999999999998,9.18,76.1,4.5725,0.0,1.0,1.0,0.0,0.0,1.0,1.0,1.0
2020-05-30 05:55:27,5.936,9.134,-0.0079999999999991,-0.0079999999999991,9.138,76.1,5.077499999999999,0.0,1.0,0.0,0.0,0.0,1.0,1.0,1.0
2020-05-30 05:55:37,9.574,9.168,-0.0079999999999991,-0.009999999999998,9.174,75.925,5.860000000000001,0.0,1.0,0.0,0.0,0.0,1.0,1.0,1.0
2020-05-30 05:55:47,9.774,9.37,-0.009999999999998,-0.009999999999998,9.37,75.89999999999999,5.860000000000001,0.0,1.0,0.0,0.0,0.0,1.0,1.0,1.0
2020-05-30 05:55:57,9.94,9.544,-0.0079999999999991,-0.009999999999998,9.546,75.975,5.945,0.0,1.0,0.0,0.0,0.0,1.0,1.0,1.0
2020-05-30 05:56:06,10.09,9.708,-0.009999999999998,-0.009999999999998,9.71,75.85,6.077500000000001,0.0,1.0,0.0,0.0,0.0,1.0,1.0,1.0
2020-05-30 05:56:16,10.238,9.866,-0.0079999999999991,-0.009999999999998,9.87,75.85,6.072500000000002,0.0,1.0,0.0,0.0,0.0,1.0,1.0,1.0
2020-05-30 05:56:26,9.958,9.922,-0.0079999999999991,-0.009999999999998,9.926,75.825,5.8775,0.0,1.0,1.0,0.0,0.0,1.0,1.0,1.0
2020-05-30 05:56:36,10.452,10.07,-0.0079999999999991,-0.009999999999998,10.074,75.95,6.074999999999999,0.0,1.0,1.0,0.0,0.0,1.0,1.0,1.0
2020-05-30 05:56:46,10.604,10.228,-0.009999999999998,-0.0120000000000004,10.232,75.89999999999999,6.1325,0.0,1.0,1.0,0.0,0.0,1.0,1.0,1.0
2020-05-30 05:56:56,-0.0120000000000004,10.17,10.172,-0.009999999999998,10.176,76.0,3.844999999999999,1.0,0.0,1.0,1.0,0.0,1.0,1.0,1.0
2020-05-30 05:57:06,-0.009999999999998,10.124,10.124,-0.009999999999998,10.13,75.725,3.810000000000001,1.0,0.0,1.0,1.0,0.0,1.0,1.0,1.0
2020-05-30 05:57:16,-0.0079999999999991,10.086,10.084,-0.009999999999998,10.092,75.69999999999999,3.8000000000000007,1.0,0.0,1.0,1.0,0.0,1.0,1.0,1.0
2020-05-30 05:57:26,-0.0060000000000002,10.048,10.04,-0.009999999999998,10.054,75.6,3.870000000000001,1.0,0.0,1.0,1.0,0.0,1.0,1.0,1.0
2020-05-30 05:57:36,-0.0060000000000002,10.018,10.008,-0.009999999999998,10.024,75.47500000000001,3.890000000000001,1.0,0.0,1.0,1.0,0.0,1.0,1.0,1.0
2020-05-30 05:57:46,-0.0040000000000013,9.988,9.976,-0.009999999999998,9.992,75.25,3.82,1.0,0.0,1.0,1.0,0.0,1.0,1.0,1.0
2020-05-30 05:57:55,-0.0040000000000013,9.96,9.948,-0.009999999999998,9.966,75.2,3.7875,1.0,0.0,1.0,1.0,0.0,1.0,1.0,1.0
2020-05-30 05:58:05,-0.0019999999999988,9.934,9.92,-0.009999999999998,9.938,74.975,3.8000000000000007,1.0,0.0,1.0,1.0,0.0,1.0,1.0,1.0
2020-05-30 05:58:15,-0.0019999999999988,9.908,9.894,-0.009999999999998,9.914,74.825,3.8925,1.0,0.0,1.0,1.0,0.0,1.0,1.0,1.0
2020-05-30 05:58:25,0.0,9.884,9.868,-0.009999999999998,9.888,74.6,3.844999999999999,1.0,0.0,1.0,1.0,0.0,1.0,1.0,1.0
2020-05-30 05:58:35,0.0,9.858,9.844,-0.009999999999998,9.862,74.275,3.810000000000001,1.0,0.0,1.0,1.0,0.0,1.0,1.0,1.0
2020-05-30 05:58:45,-0.0019999999999988,9.836,9.818,-0.009999999999998,9.842,74.05,3.7675,1.0,0.0,1.0,1.0,0.0,1.0,1.0,1.0
2020-05-30 05:58:55,0.0,9.814,9.798,-0.0079999999999991,9.82,73.825,3.7775,1.0,0.0,1.0,1.0,0.0,1.0,1.0,1.0
2020-05-30 05:59:05,0.0,9.788,9.772,-0.009999999999998,9.794,73.50000000000001,3.7925,1.0,0.0,1.0,1.0,0.0,1.0,1.0,1.0
2020-05-30 05:59:15,0.0,9.766,9.75,-0.0120000000000004,9.774,73.30000000000001,3.855,1.0,0.0,1.0,1.0,0.0,1.0,1.0,1.0
2020-05-30 05:59:25,0.0,9.748,9.73,-0.009999999999998,9.754,73.125,3.880000000000001,1.0,0.0,1.0,1.0,0.0,1.0,1.0,1.0
2020-05-30 05:59:35,0.0,9.728,9.708,-0.009999999999998,9.732,72.75,3.8425,1.0,0.0,1.0,1.0,0.0,1.0,1.0,1.0
2020-05-30 05:59:44,0.0,9.704,9.686,-0.009999999999998,9.708,72.475,3.810000000000001,1.0,0.0,1.0,1.0,0.0,1.0,1.0,1.0
2020-05-30 05:59:54,0.0,9.682,9.666,-0.009999999999998,9.688,72.2,3.785,1.0,0.0,1.0,1.0,0.0,1.0,1.0,1.0
2020-05-30 06:00:04,0.0,9.662,9.644,-0.009999999999998,9.666,71.9,3.817500000000001,1.0,0.0,1.0,1.0,0.0,1.0,1.0,1.0
2020-05-30 06:00:14,0.0,9.642,9.624,-0.009999999999998,9.648,71.825,3.887500000000001,1.0,0.0,1.0,1.0,0.0,1.0,1.0,1.0
2020-05-30 06:00:24,0.0,9.62,9.602,-0.0120000000000004,9.624,71.625,3.865,1.0,0.0,1.0,1.0,0.0,1.0,1.0,1.0
2020-05-30 06:00:34,0.0019999999999988,9.602,9.584,-0.009999999999998,9.606,71.42500000000001,3.764999999999999,1.0,0.0,1.0,1.0,0.0,1.0,1.0,1.0
2020-05-30 06:00:44,0.0,9.582,9.564,-0.009999999999998,9.586,71.275,3.727500000000001,1.0,0.0,1.0,1.0,0.0,1.0,1.0,1.0
2020-05-30 06:00:54,0.0,9.558,9.542,-0.0120000000000004,9.562,71.125,3.7250000000000014,1.0,0.0,1.0,1.0,0.0,1.0,1.0,1.0
2020-05-30 06:01:04,0.0019999999999988,9.54,9.522,-0.009999999999998,9.544,70.9,3.789999999999999,1.0,0.0,1.0,1.0,0.0,1.0,1.0,1.0
2020-05-30 06:01:14,0.0,9.52,9.504,-0.009999999999998,9.526,70.825,3.8675,1.0,0.0,1.0,1.0,0.0,1.0,1.0,1.0
2020-05-30 06:01:24,0.0019999999999988,9.5,9.486,-0.009999999999998,9.506,70.7,3.8925,1.0,0.0,1.0,1.0,0.0,1.0,1.0,1.0
2020-05-30 06:01:33,0.0,9.48,9.464,-0.0120000000000004,9.486,70.7,3.84,1.0,0.0,1.0,1.0,0.0,1.0,1.0,1.0
2020-05-30 06:01:43,0.0,9.46,9.444,-0.009999999999998,9.464,70.675,3.817500000000001,1.0,0.0,1.0,1.0,0.0,1.0,1.0,1.0
2020-05-30 06:01:53,0.0,9.442,9.424,-0.009999999999998,9.446,70.6,3.764999999999999,1.0,0.0,1.0,1.0,0.0,1.0,1.0,1.0
2020-05-30 06:02:03,0.0,9.42,9.406,-0.009999999999998,9.426,70.675,3.807500000000001,1.0,0.0,1.0,1.0,0.0,1.0,1.0,1.0
2020-05-30 06:02:13,0.0,9.4,9.384,-0.009999999999998,9.406,70.625,3.8675,1.0,0.0,1.0,1.0,0.0,1.0,1.0,1.0
2020-05-30 06:02:23,0.0,9.382,9.366,-0.0120000000000004,9.386,70.625,3.8825,1.0,0.0,1.0,1.0,0.0,1.0,1.0,1.0
2020-05-30 06:02:33,0.0019999999999988,9.364,9.348,-0.009999999999998,9.368,70.6,3.745000000000001,1.0,0.0,1.0,1.0,0.0,1.0,1.0,1.0
2020-05-30 06:02:43,0.0019999999999988,9.344,9.328,-0.0120000000000004,9.348,70.52499999999999,3.75,1.0,0.0,1.0,1.0,0.0,1.0,1.0,1.0
2020-05-30 06:02:53,0.0019999999999988,9.326,9.308,-0.0120000000000004,9.328,70.52499999999999,3.727500000000001,1.0,0.0,1.0,1.0,0.0,1.0,1.0,1.0
2020-05-30 06:03:03,0.0019999999999988,9.306,9.29,-0.0120000000000004,9.31,70.5,3.7125,1.0,0.0,1.0,1.0,0.0,1.0,1.0,1.0
2020-05-30 06:03:13,0.0,9.288,9.27,-0.0120000000000004,9.294,70.57500000000002,3.852499999999999,1.0,0.0,1.0,1.0,0.0,1.0,1.0,1.0
2020-05-30 06:03:22,0.0,9.268,9.252,-0.009999999999998,9.272,70.5,3.890000000000001,1.0,0.0,1.0,1.0,0.0,1.0,1.0,1.0
2020-05-30 06:03:32,0.0,9.248,9.232,-0.0120000000000004,9.254,70.42500000000001,3.8575,1.0,0.0,1.0,1.0,0.0,1.0,1.0,1.0
2020-05-30 06:03:42,0.0,9.232,9.216,-0.0120000000000004,9.236,70.42500000000001,0.0424999999999995,1.0,0.0,1.0,1.0,0.0,1.0,1.0,1.0
2020-05-30 06:03:52,0.0019999999999988,9.214,9.198,-0.0120000000000004,9.216,70.5,0.04,1.0,0.0,1.0,1.0,0.0,1.0,1.0,1.0
2020-05-30 06:04:02,0.0,9.194,9.178,-0.0120000000000004,9.196,70.44999999999999,0.04,1.0,0.0,1.0,1.0,0.0,1.0,1.0,1.0
2020-05-30 06:04:12,0.0,9.176,9.16,-0.009999999999998,9.178,70.39999999999999,0.0375000000000005,1.0,0.0,1.0,1.0,0.0,1.0,1.0,1.0
2020-05-30 06:04:22,0.0019999999999988,9.16,9.142,-0.0120000000000004,9.158,70.19999999999999,0.0375000000000005,1.0,0.0,1.0,1.0,0.0,1.0,1.0,1.0
2020-05-30 06:04:32,0.0019999999999988,9.138,9.124,-0.0120000000000004,9.14,69.925,0.04,1.0,0.0,1.0,1.0,0.0,1.0,1.0,1.0
2020-05-30 06:04:42,0.0060000000000002,9.12,9.108,-0.0120000000000004,9.12,69.7,0.0375000000000005,1.0,0.0,1.0,1.0,0.0,1.0,1.0,1.0
2020-05-30 06:04:52,0.0039999999999995,9.102,9.088,-0.0120000000000004,9.104,69.52499999999999,0.04,1.0,0.0,1.0,1.0,0.0,1.0,1.0,1.0
2020-05-30 06:05:02,0.0039999999999995,9.082,9.07,-0.0120000000000004,9.084,69.39999999999999,0.0375000000000005,1.0,0.0,1.0,1.0,0.0,1.0,1.0,1.0
2020-05-30 06:05:11,0.0060000000000002,9.064,9.054,-0.0120000000000004,9.066,69.22500000000001,0.0375000000000005,1.0,0.0,1.0,1.0,0.0,1.0,1.0,1.0
2020-05-30 06:05:21,0.0060000000000002,9.048,9.036,-0.0120000000000004,9.048,69.075,0.0375000000000005,1.0,0.0,1.0,1.0,0.0,1.0,1.0,1.0
2020-05-30 06:05:31,0.0079999999999991,9.03,9.018,-0.009999999999998,9.032,68.825,0.04,1.0,0.0,1.0,1.0,0.0,1.0,1.0,1.0
2020-05-30 06:05:41,0.0060000000000002,9.01,9.0,-0.0120000000000004,9.014,68.9,0.0375000000000005,1.0,0.0,1.0,1.0,0.0,1.0,1.0,1.0
2020-05-30 06:05:51,0.0060000000000002,8.992,8.982,-0.0120000000000004,8.996,68.6,0.0375000000000005,1.0,0.0,1.0,1.0,0.0,1.0,1.0,1.0
2020-05-30 06:06:01,0.0039999999999995,8.976,8.966,-0.0120000000000004,8.978,68.5,0.0375000000000005,1.0,0.0,1.0,1.0,0.0,1.0,1.0,1.0
2020-05-30 06:06:11,0.0019999999999988,8.956,8.946,-0.0120000000000004,8.96,68.425,0.0375000000000005,1.0,0.0,1.0,1.0,0.0,1.0,1.0,1.0
2020-05-30 06:06:21,0.0039999999999995,8.94,8.93,-0.0120000000000004,8.942,68.32499999999999,0.0375000000000005,1.0,0.0,1.0,1.0,0.0,1.0,1.0,1.0
2020-05-30 06:06:31,0.0039999999999995,8.924,8.912,-0.0120000000000004,8.926,68.25000000000001,0.04,1.0,0.0,1.0,1.0,0.0,1.0,1.0,1.0
2020-05-30 06:06:41,0.0039999999999995,8.904,8.896,-0.0120000000000004,8.906,68.15,0.0375000000000005,1.0,0.0,1.0,1.0,0.0,1.0,1.0,1.0
2020-05-30 06:06:51,0.0039999999999995,8.888,8.878,-0.0120000000000004,8.89,68.025,0.0375000000000005,1.0,0.0,1.0,1.0,0.0,1.0,1.0,1.0
2020-05-30 06:07:00,0.0039999999999995,8.87,8.86,-0.0120000000000004,8.872,67.925,0.04,1.0,0.0,1.0,1.0,0.0,1.0,1.0,1.0
2020-05-30 06:07:10,0.0039999999999995,8.854,8.844,-0.0120000000000004,8.858,67.925,0.0375000000000005,1.0,0.0,1.0,1.0,0.0,1.0,1.0,1.0
2020-05-30 06:07:20,0.0060000000000002,8.834,8.826,-0.0120000000000004,8.838,67.75,0.0375000000000005,1.0,0.0,1.0,1.0,0.0,1.0,1.0,1.0
2020-05-30 06:07:30,0.0039999999999995,8.816,8.808,-0.0120000000000004,8.82,67.625,0.0375000000000005,1.0,0.0,1.0,1.0,0.0,1.0,1.0,1.0
2020-05-30 06:07:40,0.0039999999999995,8.8,8.792,-0.0120000000000004,8.804,67.625,0.04,1.0,0.0,1.0,1.0,0.0,1.0,1.0,1.0
2020-05-30 06:07:50,0.0039999999999995,8.782,8.774,-0.0120000000000004,8.786,67.52499999999999,0.0375000000000005,1.0,0.0,1.0,1.0,0.0,1.0,1.0,1.0
2020-05-30 06:08:00,0.0060000000000002,8.766,8.754,-0.0120000000000004,8.77,67.425,0.04,1.0,0.0,1.0,1.0,0.0,1.0,1.0,1.0
2020-05-30 06:08:10,0.0019999999999988,8.748,8.74,-0.0120000000000004,8.752,67.35,0.04,1.0,0.0,1.0,1.0,0.0,1.0,1.0,1.0
2020-05-30 06:08:20,0.0039999999999995,8.734,8.724,-0.0120000000000004,8.736,67.30000000000001,0.04,1.0,0.0,1.0,1.0,0.0,1.0,1.0,1.0
2020-05-30 06:08:30,0.0019999999999988,8.718,8.706,-0.0120000000000004,8.718,67.17500000000001,0.0375000000000005,1.0,0.0,1.0,1.0,0.0,1.0,1.0,1.0
2020-05-30 06:08:40,0.0019999999999988,8.7,8.688,-0.0120000000000004,8.702,67.025,0.0375000000000005,1.0,0.0,1.0,1.0,0.0,1.0,1.0,1.0
2020-05-30 06:08:49,0.0,8.686,8.672,-0.0120000000000004,8.686,67.025,0.04,1.0,0.0,1.0,1.0,0.0,1.0,1.0,1.0
2020-05-30 06:08:59,0.0,8.668,8.654,-0.0120000000000004,8.668,66.825,0.04,1.0,0.0,1.0,1.0,0.0,1.0,1.0,1.0
2020-05-30 06:09:09,0.0,8.654,8.64,-0.009999999999998,8.652,66.825,0.0375000000000005,1.0,0.0,1.0,1.0,0.0,1.0,1.0,1.0
2020-05-30 06:09:19,-0.0019999999999988,8.638,8.622,-0.0120000000000004,8.636,66.85000000000001,0.04,1.0,0.0,1.0,1.0,0.0,1.0,1.0,1.0
2020-05-30 06:09:29,-0.0040000000000013,8.622,8.608,-0.0120000000000004,8.62,66.725,0.04,1.0,0.0,1.0,1.0,0.0,1.0,1.0,1.0
2020-05-30 06:09:39,-0.0019999999999988,8.606,8.592,-0.0120000000000004,8.602,66.725,0.04,1.0,0.0,1.0,1.0,0.0,1.0,1.0,1.0
2020-05-30 06:09:49,-0.0019999999999988,8.588,8.576,-0.0120000000000004,8.586,66.52499999999999,0.04,1.0,0.0,1.0,1.0,0.0,1.0,1.0,1.0
2020-05-30 06:09:59,-0.0019999999999988,8.572,8.558,-0.0120000000000004,8.568,66.425,0.04,1.0,0.0,1.0,1.0,0.0,1.0,1.0,1.0
2020-05-30 06:10:09,0.0,8.556,8.542,-0.0120000000000004,8.554,66.3,0.04,1.0,0.0,1.0,1.0,0.0,1.0,1.0,1.0
2020-05-30 06:10:19,0.0,8.538,8.526,-0.0120000000000004,8.538,66.3,0.04,1.0,0.0,1.0,1.0,0.0,1.0,1.0,1.0
2020-05-30 06:10:29,0.0,8.524,8.51,-0.0139999999999993,8.522,66.14999999999999,0.0375000000000005,1.0,0.0,1.0,1.0,0.0,1.0,1.0,1.0
2020-05-30 06:10:38,0.0,8.506,8.494,-0.0120000000000004,8.504,66.025,0.0375000000000005,1.0,0.0,1.0,1.0,0.0,1.0,1.0,1.0
2020-05-30 06:10:48,0.0,8.492,8.48,-0.0120000000000004,8.49,66.025,0.04,1.0,0.0,1.0,1.0,0.0,1.0,1.0,1.0
2020-05-30 06:10:58,0.0,8.476,8.46,-0.0120000000000004,8.474,65.92499999999998,0.0375000000000005,1.0,0.0,1.0,1.0,0.0,1.0,1.0,1.0
2020-05-30 06:11:08,-0.0019999999999988,8.462,8.448,-0.0139999999999993,8.46,65.9,0.0375000000000005,1.0,0.0,1.0,1.0,0.0,1.0,1.0,1.0
2020-05-30 06:11:18,-0.0019999999999988,8.444,8.43,-0.0139999999999993,8.442,65.725,0.0375000000000005,1.0,0.0,1.0,1.0,0.0,1.0,1.0,1.0
2020-05-30 06:11:28,-0.0019999999999988,8.43,8.414,-0.0120000000000004,8.426,65.725,0.04,1.0,0.0,1.0,1.0,0.0,1.0,1.0,1.0
2020-05-30 06:11:38,-0.0019999999999988,8.414,8.4,-0.0120000000000004,8.41,65.525,0.0375000000000005,1.0,0.0,1.0,1.0,0.0,1.0,1.0,1.0
2020-05-30 06:11:48,-0.0040000000000013,8.396,8.382,-0.0139999999999993,8.396,65.525,0.0375000000000005,1.0,0.0,1.0,1.0,0.0,1.0,1.0,1.0
2020-05-30 06:11:58,-0.0040000000000013,8.38,8.366,-0.0139999999999993,8.378,65.375,0.04,1.0,0.0,1.0,1.0,0.0,1.0,1.0,1.0
2020-05-30 06:12:08,-0.0040000000000013,8.368,8.352,-0.0120000000000004,8.364,65.35,0.04,1.0,0.0,1.0,1.0,0.0,1.0,1.0,1.0
2020-05-30 06:12:18,-0.0019999999999988,8.352,8.338,-0.0120000000000004,8.348,65.425,0.04,1.0,0.0,1.0,1.0,0.0,1.0,1.0,1.0
2020-05-30 06:12:27,-0.0040000000000013,8.336,8.32,-0.0120000000000004,8.334,65.32500000000002,0.0375000000000005,1.0,0.0,1.0,1.0,0.0,1.0,1.0,1.0
2020-05-30 06:12:37,-0.0019999999999988,8.32,8.306,-0.0139999999999993,8.318,65.12500000000001,0.0375000000000005,1.0,0.0,1.0,1.0,0.0,1.0,1.0,1.0
2020-05-30 06:12:47,-0.0019999999999988,8.306,8.292,-0.0139999999999993,8.304,65.07499999999999,0.04,1.0,0.0,1.0,1.0,0.0,1.0,1.0,1.0
2020-05-30 06:12:57,-0.0019999999999988,8.29,8.276,-0.0120000000000004,8.288,65.05000000000001,0.0375000000000005,1.0,0.0,1.0,1.0,0.0,1.0,1.0,1.0
2020-05-30 06:13:07,-0.0040000000000013,8.274,8.26,-0.0120000000000004,8.272,64.95,0.04,1.0,0.0,1.0,1.0,0.0,1.0,1.0,1.0
2020-05-30 06:13:17,-0.0040000000000013,8.26,8.246,-0.0139999999999993,8.258,64.92500000000001,0.04,1.0,0.0,1.0,1.0,0.0,1.0,1.0,1.0
2020-05-30 06:13:27,-0.0040000000000013,8.246,8.23,-0.0120000000000004,8.242,64.92500000000001,0.0375000000000005,1.0,0.0,1.0,1.0,0.0,1.0,1.0,1.0
2020-05-30 06:13:37,-0.0019999999999988,8.23,8.214,-0.009999999999998,8.23,64.72500000000001,0.04,1.0,0.0,1.0,1.0,0.0,1.0,1.0,1.0
2020-05-30 06:13:47,-0.0019999999999988,8.214,8.2,-0.0120000000000004,8.214,64.55,0.0375000000000005,1.0,0.0,1.0,1.0,0.0,1.0,1.0,1.0
2020-05-30 06:13:57,-0.0040000000000013,8.2,8.186,-0.0120000000000004,8.2,64.55,0.04,1.0,0.0,1.0,1.0,0.0,1.0,1.0,1.0
2020-05-30 06:14:07,-0.0040000000000013,8.184,8.17,-0.0120000000000004,8.184,64.525,0.0375000000000005,1.0,0.0,1.0,1.0,0.0,1.0,1.0,1.0
2020-05-30 06:14:17,-0.0040000000000013,8.17,8.156,-0.0120000000000004,8.168,64.35,0.0375000000000005,1.0,0.0,1.0,1.0,0.0,1.0,1.0,1.0
2020-05-30 06:14:26,-0.0040000000000013,8.156,8.14,-0.0139999999999993,8.152,64.35,0.0375000000000005,1.0,0.0,1.0,1.0,0.0,1.0,1.0,1.0
2020-05-30 06:14:36,-0.0019999999999988,8.14,8.124,-0.0120000000000004,8.138,64.3,0.0375000000000005,1.0,0.0,1.0,1.0,0.0,1.0,1.0,1.0
2020-05-30 06:14:46,-0.0060000000000002,8.122,8.11,-0.0139999999999993,8.122,64.25,0.0375000000000005,1.0,0.0,1.0,1.0,0.0,1.0,1.0,1.0
2020-05-30 06:14:56,-0.0040000000000013,8.11,8.096,-0.0120000000000004,8.108,64.14999999999999,0.04,1.0,0.0,1.0,1.0,0.0,1.0,1.0,1.0
2020-05-30 06:15:06,6.1240000000000006,8.094,-0.0240000000000009,-0.0139999999999993,8.092,64.07499999999999,5.115,0.0,1.0,1.0,0.0,0.0,1.0,1.0,1.0
2020-05-30 06:15:16,8.692,8.238,-0.0180000000000006,-0.0120000000000004,8.236,64.05000000000001,5.692500000000001,0.0,1.0,1.0,0.0,0.0,1.0,1.0,1.0
2020-05-30 06:15:26,8.912,8.472,-0.0159999999999982,-0.0139999999999993,8.47,64.32500000000002,5.717499999999999,0.0,1.0,1.0,0.0,0.0,1.0,1.0,1.0
2020-05-30 06:15:36,7.582000000000001,8.612,-0.0120000000000004,-0.0139999999999993,8.612,64.92500000000001,5.462499999999999,0.0,1.0,0.0,0.0,0.0,1.0,1.0,1.0
2020-05-30 06:15:46,9.2,8.772,-0.0120000000000004,-0.0139999999999993,8.772,65.85000000000001,5.949999999999999,0.0,1.0,0.0,0.0,0.0,1.0,1.0,1.0
2020-05-30 06:15:56,9.38,8.968,-0.0079999999999991,-0.0139999999999993,8.964,66.625,5.99,0.0,1.0,0.0,0.0,0.0,1.0,1.0,1.0
2020-05-30 06:16:06,9.546,9.148,-0.0079999999999991,-0.0139999999999993,9.146,67.5,6.0425,0.0,1.0,0.0,0.0,0.0,1.0,1.0,1.0
2020-05-30 06:16:15,7.948,9.11,-0.0079999999999991,-0.0139999999999993,9.108,68.6,5.57,0.0,1.0,0.0,0.0,0.0,1.0,1.0,1.0
2020-05-30 06:16:25,3.418,9.064,-0.0060000000000002,-0.0139999999999993,9.062,69.775,4.6875,0.0,1.0,0.0,0.0,0.0,1.0,1.0,1.0
2020-05-30 06:16:35,5.922000000000001,9.028,-0.0060000000000002,-0.0139999999999993,9.026,70.75,5.16,0.0,1.0,0.0,0.0,0.0,1.0,1.0,1.0
2020-05-30 06:16:45,9.396,9.02,-0.0079999999999991,-0.0139999999999993,9.018,71.55,5.922499999999999,0.0,1.0,1.0,0.0,0.0,1.0,1.0,1.0
2020-05-30 06:16:55,9.632,9.224,-0.0060000000000002,-0.0159999999999982,9.22,72.0,6.01,0.0,1.0,1.0,0.0,0.0,1.0,1.0,1.0
2020-05-30 06:17:05,9.818,9.416,-0.0079999999999991,-0.0139999999999993,9.412,72.17499999999998,6.065000000000001,0.0,1.0,1.0,0.0,0.0,1.0,1.0,1.0
2020-05-30 06:17:15,9.988,9.6,-0.0060000000000002,-0.0159999999999982,9.596,72.35000000000001,6.1275,0.0,1.0,1.0,0.0,0.0,1.0,1.0,1.0
2020-05-30 06:17:25,10.164,9.786,-0.0079999999999991,-0.0159999999999982,9.784,72.50000000000001,6.174999999999999,0.0,1.0,1.0,0.0,0.0,1.0,1.0,1.0
2020-05-30 06:17:35,10.32,9.954,-0.0060000000000002,-0.0139999999999993,9.948,72.475,6.2075,0.0,1.0,1.0,0.0,0.0,1.0,1.0,1.0
2020-05-30 06:17:45,10.308,9.96,-0.0060000000000002,-0.0139999999999993,9.956,72.57499999999999,6.167499999999999,0.0,1.0,0.0,0.0,0.0,1.0,1.0,1.0
2020-05-30 06:17:55,10.498,10.134,-0.0079999999999991,-0.0139999999999993,10.13,72.8,6.182499999999999,0.0,1.0,0.0,0.0,0.0,1.0,1.0,1.0
2020-05-30 06:18:04,-0.0199999999999995,10.152,10.154,-0.0139999999999993,10.148,72.8,3.952500000000001,1.0,0.0,1.0,1.0,0.0,1.0,1.0,1.0
2020-05-30 06:18:14,-0.0180000000000006,10.104,10.104,-0.0159999999999982,10.102,72.825,3.870000000000001,1.0,0.0,1.0,1.0,0.0,1.0,1.0,1.0
2020-05-30 06:18:24,-0.0139999999999993,10.066,10.062,-0.0139999999999993,10.062,72.64999999999999,3.870000000000001,1.0,0.0,1.0,1.0,0.0,1.0,1.0,1.0
2020-05-30 06:18:34,-0.0139999999999993,10.028,10.022,-0.0159999999999982,10.026,72.7,3.924999999999999,1.0,0.0,1.0,1.0,0.0,1.0,1.0,1.0
2020-05-30 06:18:44,-0.0120000000000004,9.996,9.99,-0.0159999999999982,9.994,72.8,3.942499999999999,1.0,0.0,1.0,1.0,0.0,1.0,1.0,1.0
2020-05-30 06:18:54,-0.0120000000000004,9.968,9.958,-0.0159999999999982,9.966,72.825,3.8625000000000007,1.0,0.0,1.0,1.0,0.0,1.0,1.0,1.0
2020-05-30 06:19:04,-0.009999999999998,9.938,9.93,-0.0139999999999993,9.938,72.7,3.8375,1.0,0.0,1.0,1.0,0.0,1.0,1.0,1.0
2020-05-30 06:19:14,-0.009999999999998,9.912,9.9,-0.0139999999999993,9.912,72.625,3.877500000000001,1.0,0.0,1.0,1.0,0.0,1.0,1.0,1.0
2020-05-30 06:19:24,-0.009999999999998,9.888,9.876,-0.0139999999999993,9.886,72.32499999999999,3.955,1.0,0.0,1.0,1.0,0.0,1.0,1.0,1.0
2020-05-30 06:19:34,-0.0079999999999991,9.864,9.852,-0.0159999999999982,9.864,71.925,3.9075000000000006,1.0,0.0,1.0,1.0,0.0,1.0,1.0,1.0
2020-05-30 06:19:44,-0.0079999999999991,9.838,9.828,-0.0139999999999993,9.838,71.625,3.84,1.0,0.0,1.0,1.0,0.0,1.0,1.0,1.0
2020-05-30 06:19:53,-0.009999999999998,9.818,9.806,-0.0159999999999982,9.816,71.37500000000001,3.885,1.0,0.0,1.0,1.0,0.0,1.0,1.0,1.0
2020-05-30 06:20:03,-0.0060000000000002,9.796,9.784,-0.0139999999999993,9.796,71.22500000000001,3.92,1.0,0.0,1.0,1.0,0.0,1.0,1.0,1.0
2020-05-30 06:20:13,-0.0060000000000002,9.774,9.76,-0.0159999999999982,9.772,71.0,3.94,1.0,0.0,1.0,1.0,0.0,1.0,1.0,1.0
2020-05-30 06:20:23,-0.0060000000000002,9.752,9.74,-0.0159999999999982,9.754,70.75,3.844999999999999,1.0,0.0,1.0,1.0,0.0,1.0,1.0,1.0
2020-05-30 06:20:33,-0.0079999999999991,9.732,9.718,-0.0159999999999982,9.732,70.625,3.834999999999999,1.0,0.0,1.0,1.0,0.0,1.0,1.0,1.0
2020-05-30 06:20:43,-0.0079999999999991,9.71,9.698,-0.0139999999999993,9.71,70.15,3.880000000000001,1.0,0.0,1.0,1.0,0.0,1.0,1.0,1.0
2020-05-30 06:20:53,-0.0060000000000002,9.69,9.678,-0.0159999999999982,9.692,69.725,3.952500000000001,1.0,0.0,1.0,1.0,0.0,1.0,1.0,1.0
2020-05-30 06:21:03,-0.0079999999999991,9.67,9.66,-0.0159999999999982,9.672,69.52499999999999,3.870000000000001,1.0,0.0,1.0,1.0,0.0,1.0,1.0,1.0
2020-05-30 06:21:13,-0.0079999999999991,9.652,9.64,-0.0159999999999982,9.652,69.19999999999999,3.815,1.0,0.0,1.0,1.0,0.0,1.0,1.0,1.0
2020-05-30 06:21:23,-0.0079999999999991,9.632,9.62,-0.0139999999999993,9.632,69.025,3.875,1.0,0.0,1.0,1.0,0.0,1.0,1.0,1.0
2020-05-30 06:21:33,-0.0079999999999991,9.614,9.6,-0.0139999999999993,9.614,68.8,3.942499999999999,1.0,0.0,1.0,1.0,0.0,1.0,1.0,1.0
2020-05-30 06:21:42,-0.0079999999999991,9.594,9.58,-0.0159999999999982,9.596,68.55,3.9175,1.0,0.0,1.0,1.0,0.0,1.0,1.0,1.0
2020-05-30 06:21:52,-0.0079999999999991,9.574,9.564,-0.0159999999999982,9.576,68.5,3.8575,1.0,0.0,1.0,1.0,0.0,1.0,1.0,1.0
2020-05-30 06:22:02,-0.0079999999999991,9.556,9.544,-0.0159999999999982,9.558,68.39999999999999,3.844999999999999,1.0,0.0,1.0,1.0,0.0,1.0,1.0,1.0
2020-05-30 06:22:12,-0.0060000000000002,9.538,9.524,-0.0159999999999982,9.538,68.22500000000001,3.9025,1.0,0.0,1.0,1.0,0.0,1.0,1.0,1.0
2020-05-30 06:22:22,-0.0079999999999991,9.518,9.506,-0.0159999999999982,9.52,68.22500000000001,3.9175,1.0,0.0,1.0,1.0,0.0,1.0,1.0,1.0
2020-05-30 06:22:32,-0.0079999999999991,9.5,9.488,-0.0159999999999982,9.502,68.30000000000001,3.890000000000001,1.0,0.0,1.0,1.0,0.0,1.0,1.0,1.0
2020-05-30 06:22:42,-0.0060000000000002,9.482,9.47,-0.0180000000000006,9.484,68.32499999999999,3.8249999999999993,1.0,0.0,1.0,1.0,0.0,1.0,1.0,1.0
2020-05-30 06:22:52,-0.0079999999999991,9.464,9.45,-0.0139999999999993,9.466,68.35,3.877500000000001,1.0,0.0,1.0,1.0,0.0,1.0,1.0,1.0
2020-05-30 06:23:02,-0.0079999999999991,9.446,9.434,-0.0139999999999993,9.448,68.32499999999999,3.9475,1.0,0.0,1.0,1.0,0.0,1.0,1.0,1.0
2020-05-30 06:23:12,-0.0079999999999991,9.426,9.414,-0.0159999999999982,9.428,68.32499999999999,3.9175,1.0,0.0,1.0,1.0,0.0,1.0,1.0,1.0
2020-05-30 06:23:22,-0.0079999999999991,9.41,9.396,-0.0159999999999982,9.41,68.39999999999999,3.815,1.0,0.0,1.0,1.0,0.0,1.0,1.0,1.0
2020-05-30 06:23:31,-0.0060000000000002,9.392,9.38,-0.0139999999999993,9.396,68.425,3.84,1.0,0.0,1.0,1.0,0.0,1.0,1.0,1.0
2020-05-30 06:23:41,-0.0079999999999991,9.374,9.362,-0.0159999999999982,9.376,68.5,3.9175,1.0,0.0,1.0,1.0,0.0,1.0,1.0,1.0
2020-05-30 06:23:51,-0.009999999999998,9.356,9.344,-0.0180000000000006,9.358,68.425,3.8925,1.0,0.0,1.0,1.0,0.0,1.0,1.0,1.0
2020-05-30 06:24:01,-0.0060000000000002,9.34,9.328,-0.0159999999999982,9.342,68.475,3.8625000000000007,1.0,0.0,1.0,1.0,0.0,1.0,1.0,1.0
2020-05-30 06:24:11,-0.0079999999999991,9.322,9.308,-0.0159999999999982,9.322,68.55,3.810000000000001,1.0,0.0,1.0,1.0,0.0,1.0,1.0,1.0
2020-05-30 06:24:21,-0.0079999999999991,9.304,9.292,-0.0159999999999982,9.306,68.52499999999999,3.877500000000001,1.0,0.0,1.0,1.0,0.0,1.0,1.0,1.0
2020-05-30 06:24:31,-0.0079999999999991,9.286,9.274,-0.0180000000000006,9.288,68.39999999999999,3.932499999999999,1.0,0.0,1.0,1.0,0.0,1.0,1.0,1.0
2020-05-30 06:24:41,-0.0079999999999991,9.268,9.256,-0.0159999999999982,9.27,68.425,3.834999999999999,1.0,0.0,1.0,1.0,0.0,1.0,1.0,1.0
2020-05-30 06:24:51,-0.0079999999999991,9.25,9.24,-0.0180000000000006,9.252,68.52499999999999,0.0449999999999999,1.0,0.0,1.0,1.0,0.0,1.0,1.0,1.0
2020-05-30 06:25:01,-0.0079999999999991,9.234,9.222,-0.0159999999999982,9.236,68.425,0.0424999999999995,1.0,0.0,1.0,1.0,0.0,1.0,1.0,1.0
2020-05-30 06:25:11,-0.0079999999999991,9.216,9.206,-0.0159999999999982,9.218,68.425,0.04,1.0,0.0,1.0,1.0,0.0,1.0,1.0,1.0
2020-05-30 06:25:21,-0.009999999999998,9.2,9.188,-0.0159999999999982,9.202,68.22500000000001,0.0424999999999995,1.0,0.0,1.0,1.0,0.0,1.0,1.0,1.0
2020-05-30 06:25:30,-0.009999999999998,9.182,9.17,-0.0159999999999982,9.184,68.025,0.04,1.0,0.0,1.0,1.0,0.0,1.0,1.0,1.0
2020-05-30 06:25:40,-0.0079999999999991,9.164,9.152,-0.0180000000000006,9.166,67.7,0.04,1.0,0.0,1.0,1.0,0.0,1.0,1.0,1.0
2020-05-30 06:25:50,-0.009999999999998,9.146,9.132,-0.0159999999999982,9.148,67.39999999999999,0.04,1.0,0.0,1.0,1.0,0.0,1.0,1.0,1.0
2020-05-30 06:26:00,-0.009999999999998,9.128,9.114,-0.0159999999999982,9.13,67.225,0.04,1.0,0.0,1.0,1.0,0.0,1.0,1.0,1.0
2020-05-30 06:26:10,-0.0079999999999991,9.114,9.1,-0.0139999999999993,9.116,66.97500000000001,0.04,1.0,0.0,1.0,1.0,0.0,1.0,1.0,1.0
2020-05-30 06:26:20,-0.0079999999999991,9.096,9.082,-0.0180000000000006,9.098,66.75,0.04,1.0,0.0,1.0,1.0,0.0,1.0,1.0,1.0
2020-05-30 06:26:30,-0.0079999999999991,9.078,9.064,-0.0159999999999982,9.078,66.475,0.04,1.0,0.0,1.0,1.0,0.0,1.0,1.0,1.0
2020-05-30 06:26:40,-0.0079999999999991,9.062,9.048,-0.0159999999999982,9.062,66.27499999999999,0.0375000000000005,1.0,0.0,1.0,1.0,0.0,1.0,1.0,1.0
2020-05-30 06:26:50,-0.0079999999999991,9.046,9.032,-0.0159999999999982,9.046,66.17500000000001,0.04,1.0,0.0,1.0,1.0,0.0,1.0,1.0,1.0
2020-05-30 06:27:00,-0.0079999999999991,9.026,9.012,-0.0139999999999993,9.028,66.025,0.0375000000000005,1.0,0.0,1.0,1.0,0.0,1.0,1.0,1.0
2020-05-30 06:27:10,-0.0079999999999991,9.008,8.996,-0.0159999999999982,9.01,65.825,0.04,1.0,0.0,1.0,1.0,0.0,1.0,1.0,1.0
2020-05-30 06:27:20,-0.0079999999999991,8.994,8.98,-0.0159999999999982,8.996,65.65,0.0375000000000005,1.0,0.0,1.0,1.0,0.0,1.0,1.0,1.0
2020-05-30 06:27:29,-0.0079999999999991,8.976,8.962,-0.0159999999999982,8.978,65.575,0.04,1.0,0.0,1.0,1.0,0.0,1.0,1.0,1.0
2020-05-30 06:27:39,-0.009999999999998,8.96,8.944,-0.0159999999999982,8.96,65.45,0.04,1.0,0.0,1.0,1.0,0.0,1.0,1.0,1.0
2020-05-30 06:27:49,-0.009999999999998,8.942,8.928,-0.0159999999999982,8.944,65.35,0.04,1.0,0.0,1.0,1.0,0.0,1.0,1.0,1.0
2020-05-30 06:27:59,-0.0079999999999991,8.926,8.912,-0.0159999999999982,8.928,65.19999999999999,0.04,1.0,0.0,1.0,1.0,0.0,1.0,1.0,1.0
2020-05-30 06:28:09,-0.0079999999999991,8.91,8.896,-0.0180000000000006,8.91,65.25000000000001,0.04,1.0,0.0,1.0,1.0,0.0,1.0,1.0,1.0
2020-05-30 06:28:19,-0.009999999999998,8.892,8.878,-0.0159999999999982,8.892,64.99999999999999,0.04,1.0,0.0,1.0,1.0,0.0,1.0,1.0,1.0
2020-05-30 06:28:29,-0.0079999999999991,8.876,8.862,-0.0159999999999982,8.876,64.92500000000001,0.04,1.0,0.0,1.0,1.0,0.0,1.0,1.0,1.0
2020-05-30 06:28:39,-0.009999999999998,8.858,8.846,-0.0180000000000006,8.86,64.95,0.0375000000000005,1.0,0.0,1.0,1.0,0.0,1.0,1.0,1.0
2020-05-30 06:28:49,-0.0079999999999991,8.844,8.83,-0.0139999999999993,8.844,64.8,0.04,1.0,0.0,1.0,1.0,0.0,1.0,1.0,1.0
2020-05-30 06:28:59,-0.009999999999998,8.826,8.814,-0.0159999999999982,8.826,64.825,0.04,1.0,0.0,1.0,1.0,0.0,1.0,1.0,1.0
2020-05-30 06:29:09,-0.009999999999998,8.812,8.798,-0.0159999999999982,8.812,64.675,0.04,1.0,0.0,1.0,1.0,0.0,1.0,1.0,1.0
2020-05-30 06:29:18,-0.0079999999999991,8.792,8.78,-0.0159999999999982,8.796,64.625,0.0375000000000005,1.0,0.0,1.0,1.0,0.0,1.0,1.0,1.0
2020-05-30 06:29:28,-0.009999999999998,8.776,8.764,-0.0159999999999982,8.776,64.45,0.0375000000000005,1.0,0.0,1.0,1.0,0.0,1.0,1.0,1.0
2020-05-30 06:29:38,-0.0079999999999991,8.76,8.748,-0.0159999999999982,8.762,64.45,0.04,1.0,0.0,1.0,1.0,0.0,1.0,1.0,1.0
2020-05-30 06:29:48,-0.009999999999998,8.744,8.732,-0.0159999999999982,8.746,64.45,0.0375000000000005,1.0,0.0,1.0,1.0,0.0,1.0,1.0,1.0
2020-05-30 06:29:58,-0.009999999999998,8.726,8.714,-0.0180000000000006,8.728,64.35,0.04,1.0,0.0,1.0,1.0,0.0,1.0,1.0,1.0
2020-05-30 06:30:08,-0.009999999999998,8.712,8.698,-0.0180000000000006,8.712,64.27499999999999,0.0375000000000005,1.0,0.0,1.0,1.0,0.0,1.0,1.0,1.0
2020-05-30 06:30:18,-0.009999999999998,8.696,8.684,-0.0159999999999982,8.696,64.225,0.0375000000000005,1.0,0.0,1.0,1.0,0.0,1.0,1.0,1.0
2020-05-30 06:30:28,-0.0079999999999991,8.68,8.668,-0.0159999999999982,8.68,64.05000000000001,0.0375000000000005,1.0,0.0,1.0,1.0,0.0,1.0,1.0,1.0
2020-05-30 06:30:38,-0.0079999999999991,8.664,8.652,-0.0159999999999982,8.664,64.025,0.04,1.0,0.0,1.0,1.0,0.0,1.0,1.0,1.0
2020-05-30 06:30:48,-0.009999999999998,8.648,8.638,-0.0159999999999982,8.65,64.05000000000001,0.0375000000000005,1.0,0.0,1.0,1.0,0.0,1.0,1.0,1.0
2020-05-30 06:30:58,-0.0079999999999991,8.634,8.622,-0.0159999999999982,8.636,63.94999999999999,0.04,1.0,0.0,1.0,1.0,0.0,1.0,1.0,1.0
2020-05-30 06:31:08,-0.0079999999999991,8.616,8.604,-0.0159999999999982,8.618,63.875,0.04,1.0,0.0,1.0,1.0,0.0,1.0,1.0,1.0
2020-05-30 06:31:17,-0.009999999999998,8.6,8.588,-0.0180000000000006,8.602,63.775000000000006,0.04,1.0,0.0,1.0,1.0,0.0,1.0,1.0,1.0
2020-05-30 06:31:27,-0.009999999999998,8.586,8.574,-0.0159999999999982,8.588,63.650000000000006,0.04,1.0,0.0,1.0,1.0,0.0,1.0,1.0,1.0
2020-05-30 06:31:37,-0.009999999999998,8.57,8.558,-0.0159999999999982,8.572,63.625,0.04,1.0,0.0,1.0,1.0,0.0,1.0,1.0,1.0
2020-05-30 06:31:47,-0.0079999999999991,8.556,8.542,-0.0159999999999982,8.556,63.525000000000006,0.04,1.0,0.0,1.0,1.0,0.0,1.0,1.0,1.0
2020-05-30 06:31:57,-0.0079999999999991,8.538,8.526,-0.0159999999999982,8.54,63.6,0.0375000000000005,1.0,0.0,1.0,1.0,0.0,1.0,1.0,1.0
2020-05-30 06:32:07,-0.0079999999999991,8.526,8.512,-0.0159999999999982,8.526,63.5,0.04,1.0,0.0,1.0,1.0,0.0,1.0,1.0,1.0
2020-05-30 06:32:17,-0.009999999999998,8.508,8.496,-0.0159999999999982,8.508,63.45,0.0375000000000005,1.0,0.0,1.0,1.0,0.0,1.0,1.0,1.0
2020-05-30 06:32:27,-0.009999999999998,8.494,8.48,-0.0159999999999982,8.494,63.35,0.0375000000000005,1.0,0.0,1.0,1.0,0.0,1.0,1.0,1.0
2020-05-30 06:32:37,-0.009999999999998,8.476,8.466,-0.0159999999999982,8.478,63.325,0.04,1.0,0.0,1.0,1.0,0.0,1.0,1.0,1.0
2020-05-30 06:32:47,-0.009999999999998,8.462,8.45,-0.0159999999999982,8.464,63.25,0.0375000000000005,1.0,0.0,1.0,1.0,0.0,1.0,1.0,1.0
2020-05-30 06:32:57,-0.009999999999998,8.446,8.436,-0.0159999999999982,8.448,63.14999999999999,0.04,1.0,0.0,1.0,1.0,0.0,1.0,1.0,1.0
2020-05-30 06:33:06,-0.009999999999998,8.43,8.42,-0.0159999999999982,8.434,63.07499999999999,0.04,1.0,0.0,1.0,1.0,0.0,1.0,1.0,1.0
2020-05-30 06:33:16,-0.0079999999999991,8.416,8.406,-0.0159999999999982,8.418,63.05000000000001,0.04,1.0,0.0,1.0,1.0,0.0,1.0,1.0,1.0
2020-05-30 06:33:26,-0.0079999999999991,8.402,8.39,-0.0159999999999982,8.402,62.94999999999999,0.04,1.0,0.0,1.0,1.0,0.0,1.0,1.0,1.0
2020-05-30 06:33:36,-0.009999999999998,8.386,8.372,-0.0180000000000006,8.386,62.85000000000001,0.04,1.0,0.0,1.0,1.0,0.0,1.0,1.0,1.0
2020-05-30 06:33:46,-0.0079999999999991,8.37,8.358,-0.0159999999999982,8.374,62.75,0.04,1.0,0.0,1.0,1.0,0.0,1.0,1.0,1.0
2020-05-30 06:33:56,-0.0079999999999991,8.358,8.342,-0.0159999999999982,8.358,62.79999999999998,0.04,1.0,0.0,1.0,1.0,0.0,1.0,1.0,1.0
2020-05-30 06:34:06,-0.009999999999998,8.342,8.33,-0.0159999999999982,8.344,62.7,0.04,1.0,0.0,1.0,1.0,0.0,1.0,1.0,1.0
2020-05-30 06:34:16,-0.009999999999998,8.326,8.316,-0.0159999999999982,8.326,62.675,0.04,1.0,0.0,1.0,1.0,0.0,1.0,1.0,1.0
2020-05-30 06:34:26,-0.009999999999998,8.31,8.298,-0.0180000000000006,8.312,62.650000000000006,0.04,1.0,0.0,1.0,1.0,0.0,1.0,1.0,1.0
2020-05-30 06:34:36,-0.009999999999998,8.296,8.284,-0.0159999999999982,8.296,62.575,0.04,1.0,0.0,1.0,1.0,0.0,1.0,1.0,1.0
2020-05-30 06:34:46,-0.0060000000000002,8.282,8.27,-0.0139999999999993,8.284,62.55,0.04,1.0,0.0,1.0,1.0,0.0,1.0,1.0,1.0
2020-05-30 06:34:55,-0.009999999999998,8.266,8.256,-0.0180000000000006,8.268,62.475,0.04,1.0,0.0,1.0,1.0,0.0,1.0,1.0,1.0
2020-05-30 06:35:05,-0.0079999999999991,8.252,8.24,-0.0180000000000006,8.254,62.45,0.04,1.0,0.0,1.0,1.0,0.0,1.0,1.0,1.0
2020-05-30 06:35:15,-0.0079999999999991,8.238,8.224,-0.0159999999999982,8.24,62.45,0.04,1.0,0.0,1.0,1.0,0.0,1.0,1.0,1.0
2020-05-30 06:35:25,-0.009999999999998,8.222,8.208,-0.0180000000000006,8.222,62.35,0.04,1.0,0.0,1.0,1.0,0.0,1.0,1.0,1.0
2020-05-30 06:35:35,-0.009999999999998,8.208,8.196,-0.0159999999999982,8.21,62.25,0.04,1.0,0.0,1.0,1.0,0.0,1.0,1.0,1.0
2020-05-30 06:35:45,-0.0079999999999991,8.196,8.184,-0.0159999999999982,8.196,62.175,0.0375000000000005,1.0,0.0,1.0,1.0,0.0,1.0,1.0,1.0
2020-05-30 06:35:55,-0.009999999999998,8.18,8.168,-0.0159999999999982,8.182,62.175,0.04,1.0,0.0,1.0,1.0,0.0,1.0,1.0,1.0
2020-05-30 06:36:05,-0.009999999999998,8.164,8.152,-0.0180000000000006,8.166,61.97500000000001,0.04,1.0,0.0,1.0,1.0,0.0,1.0,1.0,1.0
2020-05-30 06:36:15,-0.0079999999999991,8.15,8.14,-0.0159999999999982,8.152,62.02499999999999,0.0375000000000005,1.0,0.0,1.0,1.0,0.0,1.0,1.0,1.0
2020-05-30 06:36:25,-0.0079999999999991,8.136,8.126,-0.0159999999999982,8.138,61.97500000000001,0.0375000000000005,1.0,0.0,1.0,1.0,0.0,1.0,1.0,1.0
2020-05-30 06:36:35,-0.009999999999998,8.12,8.11,-0.0180000000000006,8.12,61.94999999999999,0.0424999999999995,1.0,0.0,1.0,1.0,0.0,1.0,1.0,1.0
2020-05-30 06:36:44,-0.009999999999998,8.104,8.096,-0.0159999999999982,8.106,61.97500000000001,0.04,1.0,0.0,1.0,1.0,0.0,1.0,1.0,1.0
2020-05-30 06:36:54,-0.009999999999998,8.092,8.082,-0.0180000000000006,8.096,61.85000000000001,0.04,1.0,0.0,1.0,1.0,0.0,1.0,1.0,1.0
2020-05-30 06:37:04,6.566000000000001,8.076,-0.0240000000000009,-0.0159999999999982,8.078,61.75,5.4125,0.0,1.0,0.0,0.0,0.0,1.0,1.0,1.0
2020-05-30 06:37:14,8.69,8.234,-0.0199999999999995,-0.0159999999999982,8.234,61.75,5.8575,0.0,1.0,0.0,0.0,0.0,1.0,1.0,1.0
2020-05-30 06:37:24,8.904,8.464,-0.0159999999999982,-0.0159999999999982,8.462,62.27499999999999,5.845000000000001,0.0,1.0,0.0,0.0,0.0,1.0,1.0,1.0
2020-05-30 06:37:34,7.836,8.634,-0.0139999999999993,-0.0159999999999982,8.634,62.92500000000001,5.5275,0.0,1.0,1.0,0.0,0.0,1.0,1.0,1.0
2020-05-30 06:37:44,9.22,8.79,-0.0120000000000004,-0.0180000000000006,8.786,63.900000000000006,5.827500000000001,0.0,1.0,1.0,0.0,0.0,1.0,1.0,1.0
2020-05-30 06:37:54,9.41,8.992,-0.009999999999998,-0.0159999999999982,8.99,64.825,5.8575,0.0,1.0,1.0,0.0,0.0,1.0,1.0,1.0
2020-05-30 06:38:04,9.582,9.18,-0.009999999999998,-0.0180000000000006,9.178,65.8,5.91,0.0,1.0,1.0,0.0,0.0,1.0,1.0,1.0
2020-05-30 06:38:14,9.76,9.376,-0.0079999999999991,-0.0180000000000006,9.374,67.025,5.967499999999999,0.0,1.0,1.0,0.0,0.0,1.0,1.0,1.0
2020-05-30 06:38:24,9.924,9.546,-0.0079999999999991,-0.0180000000000006,9.544,68.10000000000001,5.9975000000000005,0.0,1.0,1.0,0.0,0.0,1.0,1.0,1.0
2020-05-30 06:38:33,7.651999999999999,9.664,-0.0079999999999991,-0.0199999999999995,9.664,68.95,5.475000000000001,0.0,1.0,0.0,0.0,0.0,1.0,1.0,1.0
2020-05-30 06:38:43,10.12,9.74,-0.0060000000000002,-0.0159999999999982,9.738,70.125,6.080000000000002,0.0,1.0,0.0,0.0,0.0,1.0,1.0,1.0
2020-05-30 06:38:53,10.274,9.902,-0.0079999999999991,-0.0180000000000006,9.898,70.825,6.050000000000001,0.0,1.0,0.0,0.0,0.0,1.0,1.0,1.0
2020-05-30 06:39:03,10.424,10.06,-0.0079999999999991,-0.0180000000000006,10.054,71.32499999999999,6.067499999999999,0.0,1.0,0.0,0.0,0.0,1.0,1.0,1.0
2020-05-30 06:39:13,0.314,10.168,10.174,0.2360000000000006,10.166,71.6,3.9875000000000007,1.0,0.0,1.0,1.0,0.0,1.0,1.0,1.0
2020-05-30 06:39:23,-0.0219999999999984,10.11,10.11,-0.0180000000000006,10.106,71.925,3.897500000000001,1.0,0.0,1.0,1.0,0.0,1.0,1.0,1.0
2020-05-30 06:39:33,-0.0219999999999984,10.064,10.064,-0.0180000000000006,10.062,71.925,3.955,1.0,0.0,1.0,1.0,0.0,1.0,1.0,1.0
2020-05-30 06:39:43,-0.0180000000000006,10.028,10.024,-0.0159999999999982,10.026,71.875,3.9700000000000006,1.0,0.0,1.0,1.0,0.0,1.0,1.0,1.0
2020-05-30 06:39:53,-0.0159999999999982,9.99,9.986,-0.0180000000000006,9.988,71.925,3.9025,1.0,0.0,1.0,1.0,0.0,1.0,1.0,1.0
2020-05-30 06:40:03,-0.0139999999999993,9.962,9.954,-0.0180000000000006,9.96,71.925,3.8625000000000007,1.0,0.0,1.0,1.0,0.0,1.0,1.0,1.0
2020-05-30 06:40:13,-0.0139999999999993,9.932,9.924,-0.0180000000000006,9.93,71.925,3.924999999999999,1.0,0.0,1.0,1.0,0.0,1.0,1.0,1.0
2020-05-30 06:40:22,-0.0139999999999993,9.906,9.898,-0.0180000000000006,9.906,71.825,3.9625,1.0,0.0,1.0,1.0,0.0,1.0,1.0,1.0
2020-05-30 06:40:32,-0.0120000000000004,9.88,9.87,-0.0159999999999982,9.878,71.7,3.9,1.0,0.0,1.0,1.0,0.0,1.0,1.0,1.0
2020-05-30 06:40:42,-0.0120000000000004,9.856,9.846,-0.0159999999999982,9.854,71.275,3.8625000000000007,1.0,0.0,1.0,1.0,0.0,1.0,1.0,1.0
2020-05-30 06:40:52,-0.0120000000000004,9.832,9.822,-0.0180000000000006,9.832,70.925,3.9175,1.0,0.0,1.0,1.0,0.0,1.0,1.0,1.0
2020-05-30 06:41:02,-0.009999999999998,9.808,9.798,-0.0180000000000006,9.808,70.57500000000002,3.98,1.0,0.0,1.0,1.0,0.0,1.0,1.0,1.0
2020-05-30 06:41:12,-0.009999999999998,9.786,9.776,-0.0180000000000006,9.786,70.32499999999999,3.9,1.0,0.0,1.0,1.0,0.0,1.0,1.0,1.0
2020-05-30 06:41:22,-0.009999999999998,9.766,9.756,-0.0180000000000006,9.766,70.075,3.8475,1.0,0.0,1.0,1.0,0.0,1.0,1.0,1.0
2020-05-30 06:41:32,-0.0079999999999991,9.748,9.734,-0.0159999999999982,9.746,69.925,3.9075000000000006,1.0,0.0,1.0,1.0,0.0,1.0,1.0,1.0
2020-05-30 06:41:42,-0.0079999999999991,9.726,9.712,-0.0180000000000006,9.724,69.675,3.975,1.0,0.0,1.0,1.0,0.0,1.0,1.0,1.0
2020-05-30 06:41:52,-0.0120000000000004,9.704,9.692,-0.0180000000000006,9.706,69.35,3.934999999999999,1.0,0.0,1.0,1.0,0.0,1.0,1.0,1.0
2020-05-30 06:42:02,-0.009999999999998,9.686,9.672,-0.0180000000000006,9.686,69.0,3.8625000000000007,1.0,0.0,1.0,1.0,0.0,1.0,1.0,1.0
2020-05-30 06:42:11,-0.009999999999998,9.664,9.652,-0.0180000000000006,9.664,68.725,3.870000000000001,1.0,0.0,1.0,1.0,0.0,1.0,1.0,1.0
2020-05-30 06:42:21,-0.009999999999998,9.646,9.634,-0.0180000000000006,9.646,68.32499999999999,3.932499999999999,1.0,0.0,1.0,1.0,0.0,1.0,1.0,1.0
2020-05-30 06:42:31,-0.009999999999998,9.626,9.614,-0.0180000000000006,9.628,68.05000000000001,3.955,1.0,0.0,1.0,1.0,0.0,1.0,1.0,1.0
2020-05-30 06:42:41,-0.009999999999998,9.608,9.596,-0.0180000000000006,9.61,67.95,3.877500000000001,1.0,0.0,1.0,1.0,0.0,1.0,1.0,1.0
2020-05-30 06:42:51,-0.009999999999998,9.588,9.576,-0.0180000000000006,9.588,67.75,3.85,1.0,0.0,1.0,1.0,0.0,1.0,1.0,1.0
2020-05-30 06:43:01,-0.0079999999999991,9.568,9.558,-0.0180000000000006,9.57,67.7,3.9225,1.0,0.0,1.0,1.0,0.0,1.0,1.0,1.0
2020-05-30 06:43:11,-0.009999999999998,9.552,9.538,-0.0180000000000006,9.552,67.7,3.9475,1.0,0.0,1.0,1.0,0.0,1.0,1.0,1.0
2020-05-30 06:43:21,-0.009999999999998,9.532,9.52,-0.0180000000000006,9.534,67.52499999999999,3.895,1.0,0.0,1.0,1.0,0.0,1.0,1.0,1.0
2020-05-30 06:43:31,-0.0079999999999991,9.516,9.502,-0.0159999999999982,9.516,67.55,3.8375,1.0,0.0,1.0,1.0,0.0,1.0,1.0,1.0
2020-05-30 06:43:41,-0.009999999999998,9.498,9.486,-0.0159999999999982,9.5,67.65,3.9,1.0,0.0,1.0,1.0,0.0,1.0,1.0,1.0
2020-05-30 06:43:51,-0.009999999999998,9.48,9.468,-0.0159999999999982,9.482,67.65,3.942499999999999,1.0,0.0,1.0,1.0,0.0,1.0,1.0,1.0
2020-05-30 06:44:00,-0.009999999999998,9.462,9.448,-0.0199999999999995,9.462,67.6,3.94,1.0,0.0,1.0,1.0,0.0,1.0,1.0,1.0
2020-05-30 06:44:10,-0.0079999999999991,9.444,9.432,-0.0180000000000006,9.446,67.7,3.880000000000001,1.0,0.0,1.0,1.0,0.0,1.0,1.0,1.0
2020-05-30 06:44:20,-0.009999999999998,9.426,9.414,-0.0159999999999982,9.428,67.725,3.8925,1.0,0.0,1.0,1.0,0.0,1.0,1.0,1.0
2020-05-30 06:44:30,-0.009999999999998,9.408,9.396,-0.0199999999999995,9.41,67.825,3.890000000000001,1.0,0.0,1.0,1.0,0.0,1.0,1.0,1.0
2020-05-30 06:44:40,-0.009999999999998,9.392,9.378,-0.0159999999999982,9.392,67.7,3.9499999999999993,1.0,0.0,1.0,1.0,0.0,1.0,1.0,1.0
2020-05-30 06:44:50,-0.009999999999998,9.376,9.364,-0.0180000000000006,9.374,67.875,3.887500000000001,1.0,0.0,1.0,1.0,0.0,1.0,1.0,1.0
2020-05-30 06:45:00,-0.009999999999998,9.356,9.346,-0.0180000000000006,9.358,67.825,3.8425,1.0,0.0,1.0,1.0,0.0,1.0,1.0,1.0
2020-05-30 06:45:10,-0.009999999999998,9.34,9.328,-0.0159999999999982,9.342,67.925,3.9125,1.0,0.0,1.0,1.0,0.0,1.0,1.0,1.0
2020-05-30 06:45:20,-0.009999999999998,9.32,9.312,-0.0180000000000006,9.324,67.8,3.9475,1.0,0.0,1.0,1.0,0.0,1.0,1.0,1.0
2020-05-30 06:45:30,-0.009999999999998,9.304,9.294,-0.0180000000000006,9.308,67.95,3.865,1.0,0.0,1.0,1.0,0.0,1.0,1.0,1.0
2020-05-30 06:45:40,-0.009999999999998,9.286,9.276,-0.0180000000000006,9.29,67.825,3.8475,1.0,0.0,1.0,1.0,0.0,1.0,1.0,1.0
2020-05-30 06:45:49,-0.009999999999998,9.27,9.26,-0.0199999999999995,9.272,67.875,3.977500000000001,1.0,0.0,1.0,1.0,0.0,1.0,1.0,1.0
2020-05-30 06:45:59,-0.009999999999998,9.254,9.242,-0.0180000000000006,9.258,67.825,3.8925,1.0,0.0,1.0,1.0,0.0,1.0,1.0,1.0
2020-05-30 06:46:09,-0.0079999999999991,9.236,9.222,-0.0159999999999982,9.238,67.85000000000001,0.0449999999999999,1.0,0.0,1.0,1.0,0.0,1.0,1.0,1.0
2020-05-30 06:46:19,-0.0079999999999991,9.22,9.208,-0.0180000000000006,9.22,67.925,0.0424999999999995,1.0,0.0,1.0,1.0,0.0,1.0,1.0,1.0
2020-05-30 06:46:29,-0.009999999999998,9.202,9.19,-0.0180000000000006,9.204,67.825,0.0424999999999995,1.0,0.0,1.0,1.0,0.0,1.0,1.0,1.0
2020-05-30 06:46:39,-0.009999999999998,9.186,9.174,-0.0180000000000006,9.188,67.625,0.04,1.0,0.0,1.0,1.0,0.0,1.0,1.0,1.0
2020-05-30 06:46:49,-0.009999999999998,9.168,9.154,-0.0180000000000006,9.168,67.12499999999999,0.04,1.0,0.0,1.0,1.0,0.0,1.0,1.0,1.0
2020-05-30 06:46:59,-0.009999999999998,9.15,9.14,-0.0159999999999982,9.152,66.95,0.04,1.0,0.0,1.0,1.0,0.0,1.0,1.0,1.0
2020-05-30 06:47:09,-0.009999999999998,9.134,9.12,-0.0180000000000006,9.136,66.65,0.04,1.0,0.0,1.0,1.0,0.0,1.0,1.0,1.0
2020-05-30 06:47:19,-0.009999999999998,9.118,9.106,-0.0180000000000006,9.118,66.3,0.04,1.0,0.0,1.0,1.0,0.0,1.0,1.0,1.0
2020-05-30 06:47:29,-0.009999999999998,9.1,9.086,-0.0159999999999982,9.102,66.025,0.0424999999999995,1.0,0.0,1.0,1.0,0.0,1.0,1.0,1.0
2020-05-30 06:47:38,-0.009999999999998,9.082,9.07,-0.0180000000000006,9.084,65.75,0.04,1.0,0.0,1.0,1.0,0.0,1.0,1.0,1.0
2020-05-30 06:47:48,-0.009999999999998,9.068,9.054,-0.0159999999999982,9.068,65.65,0.0375000000000005,1.0,0.0,1.0,1.0,0.0,1.0,1.0,1.0
2020-05-30 06:47:58,-0.009999999999998,9.05,9.038,-0.0159999999999982,9.052,65.55,0.04,1.0,0.0,1.0,1.0,0.0,1.0,1.0,1.0
2020-05-30 06:48:08,-0.0079999999999991,9.034,9.018,-0.0159999999999982,9.034,65.25000000000001,0.0424999999999995,1.0,0.0,1.0,1.0,0.0,1.0,1.0,1.0
2020-05-30 06:48:18,-0.009999999999998,9.018,9.004,-0.0159999999999982,9.018,65.14999999999999,0.04,1.0,0.0,1.0,1.0,0.0,1.0,1.0,1.0
2020-05-30 06:48:28,-0.009999999999998,9.0,8.986,-0.0180000000000006,8.998,65.025,0.04,1.0,0.0,1.0,1.0,0.0,1.0,1.0,1.0
2020-05-30 06:48:38,-0.009999999999998,8.982,8.968,-0.0180000000000006,8.984,64.97500000000001,0.04,1.0,0.0,1.0,1.0,0.0,1.0,1.0,1.0
2020-05-30 06:48:48,-0.009999999999998,8.966,8.952,-0.0180000000000006,8.968,64.85000000000001,0.04,1.0,0.0,1.0,1.0,0.0,1.0,1.0,1.0
2020-05-30 06:48:58,-0.009999999999998,8.95,8.936,-0.0180000000000006,8.952,64.675,0.04,1.0,0.0,1.0,1.0,0.0,1.0,1.0,1.0
2020-05-30 06:49:08,-0.009999999999998,8.934,8.922,-0.0159999999999982,8.934,64.55,0.04,1.0,0.0,1.0,1.0,0.0,1.0,1.0,1.0
2020-05-30 06:49:18,-0.009999999999998,8.918,8.904,-0.0180000000000006,8.916,64.425,0.04,1.0,0.0,1.0,1.0,0.0,1.0,1.0,1.0
2020-05-30 06:49:28,-0.009999999999998,8.898,8.886,-0.0180000000000006,8.9,64.32500000000002,0.0375000000000005,1.0,0.0,1.0,1.0,0.0,1.0,1.0,1.0
2020-05-30 06:49:37,-0.009999999999998,8.886,8.872,-0.0180000000000006,8.886,64.25,0.04,1.0,0.0,1.0,1.0,0.0,1.0,1.0,1.0
2020-05-30 06:49:47,-0.009999999999998,8.868,8.856,-0.0180000000000006,8.868,64.25,0.04,1.0,0.0,1.0,1.0,0.0,1.0,1.0,1.0
2020-05-30 06:49:57,-0.0120000000000004,8.85,8.838,-0.0180000000000006,8.852,64.14999999999999,0.04,1.0,0.0,1.0,1.0,0.0,1.0,1.0,1.0
2020-05-30 06:50:07,-0.0079999999999991,8.836,8.824,-0.0180000000000006,8.836,63.94999999999999,0.0424999999999995,1.0,0.0,1.0,1.0,0.0,1.0,1.0,1.0
2020-05-30 06:50:17,-0.0079999999999991,8.82,8.808,-0.0159999999999982,8.822,63.94999999999999,0.0424999999999995,1.0,0.0,1.0,1.0,0.0,1.0,1.0,1.0
2020-05-30 06:50:27,-0.0120000000000004,8.802,8.79,-0.0180000000000006,8.804,63.92500000000001,0.04,1.0,0.0,1.0,1.0,0.0,1.0,1.0,1.0
2020-05-30 06:50:37,-0.009999999999998,8.786,8.774,-0.0180000000000006,8.788,63.825,0.04,1.0,0.0,1.0,1.0,0.0,1.0,1.0,1.0
2020-05-30 06:50:47,-0.009999999999998,8.77,8.76,-0.0180000000000006,8.774,63.75,0.04,1.0,0.0,1.0,1.0,0.0,1.0,1.0,1.0
2020-05-30 06:50:57,-0.009999999999998,8.754,8.744,-0.0180000000000006,8.758,63.775000000000006,0.04,1.0,0.0,1.0,1.0,0.0,1.0,1.0,1.0
2020-05-30 06:51:07,-0.009999999999998,8.738,8.726,-0.0180000000000006,8.74,63.625,0.04,1.0,0.0,1.0,1.0,0.0,1.0,1.0,1.0
2020-05-30 06:51:17,-0.009999999999998,8.724,8.71,-0.0159999999999982,8.724,63.625,0.0424999999999995,1.0,0.0,1.0,1.0,0.0,1.0,1.0,1.0
2020-05-30 06:51:26,-0.009999999999998,8.708,8.694,-0.0180000000000006,8.71,63.55,0.04,1.0,0.0,1.0,1.0,0.0,1.0,1.0,1.0
2020-05-30 06:51:36,-0.0120000000000004,8.69,8.68,-0.0180000000000006,8.694,63.375,0.04,1.0,0.0,1.0,1.0,0.0,1.0,1.0,1.0
2020-05-30 06:51:46,-0.009999999999998,8.676,8.666,-0.0159999999999982,8.678,63.475,0.04,1.0,0.0,1.0,1.0,0.0,1.0,1.0,1.0
2020-05-30 06:51:56,-0.009999999999998,8.66,8.648,-0.0180000000000006,8.662,63.3,0.0375000000000005,1.0,0.0,1.0,1.0,0.0,1.0,1.0,1.0
2020-05-30 06:52:06,-0.009999999999998,8.644,8.632,-0.0180000000000006,8.646,63.14999999999999,0.04,1.0,0.0,1.0,1.0,0.0,1.0,1.0,1.0
2020-05-30 06:52:16,-0.009999999999998,8.63,8.618,-0.0180000000000006,8.632,63.125000000000014,0.04,1.0,0.0,1.0,1.0,0.0,1.0,1.0,1.0
2020-05-30 06:52:26,-0.0120000000000004,8.614,8.602,-0.0159999999999982,8.616,63.175,0.04,1.0,0.0,1.0,1.0,0.0,1.0,1.0,1.0
2020-05-30 06:52:36,-0.0120000000000004,8.598,8.586,-0.0180000000000006,8.6,63.05000000000001,0.04,1.0,0.0,1.0,1.0,0.0,1.0,1.0,1.0
2020-05-30 06:52:46,-0.009999999999998,8.584,8.57,-0.0180000000000006,8.586,62.94999999999999,0.04,1.0,0.0,1.0,1.0,0.0,1.0,1.0,1.0
2020-05-30 06:52:56,-0.0120000000000004,8.568,8.556,-0.0180000000000006,8.568,62.94999999999999,0.0424999999999995,1.0,0.0,1.0,1.0,0.0,1.0,1.0,1.0
2020-05-30 06:53:06,-0.0120000000000004,8.552,8.54,-0.0180000000000006,8.554,62.85000000000001,0.04,1.0,0.0,1.0,1.0,0.0,1.0,1.0,1.0
2020-05-30 06:53:15,-0.009999999999998,8.538,8.526,-0.0159999999999982,8.54,62.85000000000001,0.04,1.0,0.0,1.0,1.0,0.0,1.0,1.0,1.0
2020-05-30 06:53:25,-0.0079999999999991,8.522,8.512,-0.0180000000000006,8.524,62.75,0.04,1.0,0.0,1.0,1.0,0.0,1.0,1.0,1.0
2020-05-30 06:53:35,-0.0120000000000004,8.506,8.494,-0.0180000000000006,8.508,62.625,0.04,1.0,0.0,1.0,1.0,0.0,1.0,1.0,1.0
2020-05-30 06:53:45,-0.009999999999998,8.492,8.48,-0.0180000000000006,8.492,62.575,0.04,1.0,0.0,1.0,1.0,0.0,1.0,1.0,1.0
2020-05-30 06:53:55,-0.009999999999998,8.478,8.468,-0.0159999999999982,8.478,62.575,0.04,1.0,0.0,1.0,1.0,0.0,1.0,1.0,1.0
2020-05-30 06:54:05,-0.009999999999998,8.46,8.448,-0.0180000000000006,8.462,62.55,0.04,1.0,0.0,1.0,1.0,0.0,1.0,1.0,1.0
2020-05-30 06:54:15,-0.0120000000000004,8.446,8.434,-0.0180000000000006,8.446,62.55,0.04,1.0,0.0,1.0,1.0,0.0,1.0,1.0,1.0
2020-05-30 06:54:25,-0.009999999999998,8.432,8.42,-0.0180000000000006,8.432,62.45,0.0424999999999995,1.0,0.0,1.0,1.0,0.0,1.0,1.0,1.0
2020-05-30 06:54:35,-0.009999999999998,8.418,8.406,-0.0180000000000006,8.418,62.35,0.04,1.0,0.0,1.0,1.0,0.0,1.0,1.0,1.0
2020-05-30 06:54:45,-0.0120000000000004,8.4,8.388,-0.0199999999999995,8.404,62.25,0.04,1.0,0.0,1.0,1.0,0.0,1.0,1.0,1.0
2020-05-30 06:54:55,-0.009999999999998,8.386,8.374,-0.0180000000000006,8.388,62.35,0.04,1.0,0.0,1.0,1.0,0.0,1.0,1.0,1.0
2020-05-30 06:55:04,-0.009999999999998,8.372,8.36,-0.0180000000000006,8.374,62.05000000000001,0.04,1.0,0.0,1.0,1.0,0.0,1.0,1.0,1.0
2020-05-30 06:55:14,-0.009999999999998,8.358,8.346,-0.0180000000000006,8.36,62.07499999999999,0.0424999999999995,1.0,0.0,1.0,1.0,0.0,1.0,1.0,1.0
2020-05-30 06:55:24,-0.0120000000000004,8.342,8.332,-0.0180000000000006,8.344,62.05000000000001,0.04,1.0,0.0,1.0,1.0,0.0,1.0,1.0,1.0
2020-05-30 06:55:34,-0.0120000000000004,8.33,8.316,-0.0159999999999982,8.33,62.000000000000014,0.04,1.0,0.0,1.0,1.0,0.0,1.0,1.0,1.0
2020-05-30 06:55:44,-0.009999999999998,8.316,8.304,-0.0159999999999982,8.316,62.02499999999999,0.04,1.0,0.0,1.0,1.0,0.0,1.0,1.0,1.0
2020-05-30 06:55:54,-0.009999999999998,8.3,8.288,-0.0159999999999982,8.302,61.94999999999999,0.04,1.0,0.0,1.0,1.0,0.0,1.0,1.0,1.0
2020-05-30 06:56:04,-0.009999999999998,8.284,8.272,-0.0180000000000006,8.286,61.85000000000001,0.04,1.0,0.0,1.0,1.0,0.0,1.0,1.0,1.0
2020-05-30 06:56:14,-0.009999999999998,8.27,8.258,-0.0180000000000006,8.272,61.85000000000001,0.0424999999999995,1.0,0.0,1.0,1.0,0.0,1.0,1.0,1.0
2020-05-30 06:56:24,-0.0120000000000004,8.254,8.242,-0.0159999999999982,8.258,61.75,0.0375000000000005,1.0,0.0,1.0,1.0,0.0,1.0,1.0,1.0
2020-05-30 06:56:34,-0.009999999999998,8.242,8.228,-0.0159999999999982,8.242,61.650000000000006,0.04,1.0,0.0,1.0,1.0,0.0,1.0,1.0,1.0
2020-05-30 06:56:44,-0.009999999999998,8.226,8.214,-0.0180000000000006,8.23,61.675,0.04,1.0,0.0,1.0,1.0,0.0,1.0,1.0,1.0
2020-05-30 06:56:53,-0.009999999999998,8.21,8.2,-0.0159999999999982,8.214,61.475,0.04,1.0,0.0,1.0,1.0,0.0,1.0,1.0,1.0
2020-05-30 06:57:03,-0.009999999999998,8.198,8.186,-0.0180000000000006,8.2,61.650000000000006,0.04,1.0,0.0,1.0,1.0,0.0,1.0,1.0,1.0
2020-05-30 06:57:13,-0.0120000000000004,8.182,8.172,-0.0159999999999982,8.184,61.375,0.04,1.0,0.0,1.0,1.0,0.0,1.0,1.0,1.0
2020-05-30 06:57:23,-0.0120000000000004,8.168,8.156,-0.0180000000000006,8.168,61.45,0.04,1.0,0.0,1.0,1.0,0.0,1.0,1.0,1.0
2020-05-30 06:57:33,-0.0120000000000004,8.154,8.144,-0.0180000000000006,8.156,61.425,0.04,1.0,0.0,1.0,1.0,0.0,1.0,1.0,1.0
2020-05-30 06:57:43,-0.009999999999998,8.14,8.13,-0.0159999999999982,8.142,61.3,0.04,1.0,0.0,1.0,1.0,0.0,1.0,1.0,1.0
2020-05-30 06:57:53,-0.009999999999998,8.124,8.114,-0.0180000000000006,8.126,61.27499999999999,0.04,1.0,0.0,1.0,1.0,0.0,1.0,1.0,1.0
2020-05-30 06:58:03,-0.0120000000000004,8.11,8.098,-0.0180000000000006,8.112,61.25,0.04,1.0,0.0,1.0,1.0,0.0,1.0,1.0,1.0
2020-05-30 06:58:13,-0.009999999999998,8.098,8.086,-0.0180000000000006,8.1,61.175,0.04,1.0,0.0,1.0,1.0,0.0,1.0,1.0,1.0
2020-05-30 06:58:23,-0.0120000000000004,8.08,2.568,-0.0180000000000006,8.082,61.175,5.297499999999999,0.0,1.0,0.0,0.0,0.0,1.0,1.0,1.0
2020-05-30 06:58:33,7.1,8.066,-0.0240000000000009,-0.0180000000000006,8.068,61.1,5.4575,0.0,1.0,0.0,0.0,0.0,1.0,1.0,1.0
2020-05-30 06:58:42,7.529999999999999,8.242,-0.0199999999999995,-0.0180000000000006,8.246,61.14999999999999,5.765000000000001,0.0,1.0,1.0,0.0,0.0,0.0,1.0,1.0
2020-05-30 06:58:52,8.828,8.372,-0.0159999999999982,-0.0159999999999982,8.372,61.650000000000006,5.8775,0.0,1.0,1.0,0.0,0.0,1.0,1.0,1.0
2020-05-30 06:59:02,9.058,8.62,-0.0139999999999993,-0.0180000000000006,8.616,62.35,6.0,0.0,1.0,1.0,0.0,0.0,1.0,1.0,1.0
2020-05-30 06:59:12,9.252,8.83,-0.009999999999998,-0.0159999999999982,8.828,63.25,6.0275,0.0,1.0,1.0,0.0,0.0,1.0,1.0,1.0
2020-05-30 06:59:22,9.434,9.028,-0.009999999999998,-0.0180000000000006,9.026,64.25,6.035,0.0,1.0,1.0,0.0,0.0,1.0,1.0,1.0
2020-05-30 06:59:32,9.62,9.23,-0.009999999999998,-0.0180000000000006,9.228,65.3,6.09,0.0,1.0,1.0,0.0,0.0,1.0,1.0,1.0
2020-05-30 06:59:42,6.628,9.392,-0.0079999999999991,-0.0180000000000006,9.392,66.35,5.440000000000001,0.0,1.0,0.0,0.0,0.0,1.0,1.0,1.0
2020-05-30 06:59:52,9.818,9.434,-0.0079999999999991,-0.0159999999999982,9.43,67.575,6.100000000000001,0.0,1.0,0.0,0.0,0.0,1.0,1.0,1.0
2020-05-30 07:00:02,10.002,9.62,-0.0060000000000002,-0.0180000000000006,9.614,68.775,6.15,0.0,1.0,0.0,0.0,0.0,1.0,1.0,1.0
2020-05-30 07:00:12,10.158,9.78,-0.0079999999999991,-0.0180000000000006,9.778,69.7,6.182499999999999,0.0,1.0,0.0,0.0,0.0,1.0,1.0,1.0
2020-05-30 07:00:22,10.304,9.938,-0.0079999999999991,-0.0199999999999995,9.934,70.44999999999999,6.16,0.0,1.0,0.0,0.0,0.0,1.0,1.0,1.0
2020-05-30 07:00:31,10.448,10.09,-0.0079999999999991,-0.0180000000000006,10.088,71.05,6.1525,0.0,1.0,0.0,0.0,0.0,1.0,1.0,1.0
2020-05-30 07:00:41,-0.0240000000000009,10.142,10.144,-0.0159999999999982,10.14,71.52499999999999,3.945,1.0,0.0,1.0,1.0,0.0,1.0,1.0,1.0
2020-05-30 07:00:51,-0.0219999999999984,10.09,10.092,-0.0180000000000006,10.09,71.75,3.9125,1.0,0.0,1.0,1.0,0.0,1.0,1.0,1.0
2020-05-30 07:01:01,-0.0219999999999984,10.048,10.046,-0.0180000000000006,10.044,71.625,3.9275,1.0,0.0,1.0,1.0,0.0,1.0,1.0,1.0
2020-05-30 07:01:11,-0.0199999999999995,10.008,10.002,-0.0180000000000006,10.006,71.725,4.0,1.0,0.0,1.0,1.0,0.0,1.0,1.0,1.0
2020-05-30 07:01:21,-0.0159999999999982,9.974,9.968,-0.0180000000000006,9.972,71.64999999999999,3.914999999999999,1.0,0.0,1.0,1.0,0.0,1.0,1.0,1.0
2020-05-30 07:01:31,-0.0139999999999993,9.946,9.938,-0.0159999999999982,9.942,71.7,3.865,1.0,0.0,1.0,1.0,0.0,1.0,1.0,1.0
2020-05-30 07:01:41,-0.0139999999999993,9.918,9.908,-0.0180000000000006,9.916,71.52499999999999,3.965,1.0,0.0,1.0,1.0,0.0,1.0,1.0,1.0
2020-05-30 07:01:51,-0.0139999999999993,9.888,9.88,-0.0180000000000006,9.888,71.39999999999999,3.9825,1.0,0.0,1.0,1.0,0.0,1.0,1.0,1.0
2020-05-30 07:02:01,-0.0120000000000004,9.864,9.852,-0.0180000000000006,9.862,71.025,3.932499999999999,1.0,0.0,1.0,1.0,0.0,1.0,1.0,1.0
2020-05-30 07:02:11,-0.0120000000000004,9.842,9.83,-0.0180000000000006,9.844,70.725,3.890000000000001,1.0,0.0,1.0,1.0,0.0,1.0,1.0,1.0
2020-05-30 07:02:20,-0.0120000000000004,9.818,9.806,-0.0199999999999995,9.816,70.275,3.877500000000001,1.0,0.0,1.0,1.0,0.0,1.0,1.0,1.0
2020-05-30 07:02:30,-0.009999999999998,9.794,9.784,-0.0180000000000006,9.794,70.025,3.9725,1.0,0.0,1.0,1.0,0.0,1.0,1.0,1.0
2020-05-30 07:02:40,-0.0120000000000004,9.774,9.762,-0.0180000000000006,9.772,69.925,3.9575,1.0,0.0,1.0,1.0,0.0,1.0,1.0,1.0
2020-05-30 07:02:50,-0.009999999999998,9.75,9.74,-0.0199999999999995,9.75,69.775,3.905,1.0,0.0,1.0,1.0,0.0,1.0,1.0,1.0
2020-05-30 07:03:00,-0.0120000000000004,9.73,9.722,-0.0199999999999995,9.73,69.52499999999999,3.855,1.0,0.0,1.0,1.0,0.0,1.0,1.0,1.0
2020-05-30 07:03:10,-0.009999999999998,9.712,9.702,-0.0180000000000006,9.712,69.30000000000001,3.93,1.0,0.0,1.0,1.0,0.0,1.0,1.0,1.0
2020-05-30 07:03:20,-0.009999999999998,9.694,9.68,-0.0180000000000006,9.694,69.0,3.960000000000001,1.0,0.0,1.0,1.0,0.0,1.0,1.0,1.0
2020-05-30 07:03:30,-0.009999999999998,9.672,9.658,-0.0180000000000006,9.67,68.55,3.934999999999999,1.0,0.0,1.0,1.0,0.0,1.0,1.0,1.0
2020-05-30 07:03:40,-0.009999999999998,9.654,9.64,-0.0159999999999982,9.652,68.35,3.85,1.0,0.0,1.0,1.0,0.0,1.0,1.0,1.0
2020-05-30 07:03:50,-0.0079999999999991,9.634,9.622,-0.0180000000000006,9.634,68.025,3.914999999999999,1.0,0.0,1.0,1.0,0.0,1.0,1.0,1.0
2020-05-30 07:04:00,-0.009999999999998,9.614,9.602,-0.0180000000000006,9.616,67.75,3.967500000000001,1.0,0.0,1.0,1.0,0.0,1.0,1.0,1.0
2020-05-30 07:04:09,-0.009999999999998,9.596,9.584,-0.0180000000000006,9.596,67.52499999999999,3.9125,1.0,0.0,1.0,1.0,0.0,1.0,1.0,1.0
2020-05-30 07:04:19,-0.009999999999998,9.578,9.564,-0.0199999999999995,9.578,67.52499999999999,3.865,1.0,0.0,1.0,1.0,0.0,1.0,1.0,1.0
2020-05-30 07:04:29,-0.009999999999998,9.56,9.548,-0.0199999999999995,9.56,67.45000000000002,3.865,1.0,0.0,1.0,1.0,0.0,1.0,1.0,1.0
2020-05-30 07:04:39,-0.009999999999998,9.54,9.528,-0.0199999999999995,9.54,67.52499999999999,3.965,1.0,0.0,1.0,1.0,0.0,1.0,1.0,1.0
2020-05-30 07:04:49,-0.0079999999999991,9.522,9.512,-0.0180000000000006,9.524,67.52499999999999,3.9125,1.0,0.0,1.0,1.0,0.0,1.0,1.0,1.0
2020-05-30 07:04:59,-0.0079999999999991,9.506,9.494,-0.0180000000000006,9.508,67.55,3.852499999999999,1.0,0.0,1.0,1.0,0.0,1.0,1.0,1.0
2020-05-30 07:05:09,-0.009999999999998,9.488,9.474,-0.0180000000000006,9.488,67.425,3.932499999999999,1.0,0.0,1.0,1.0,0.0,1.0,1.0,1.0
2020-05-30 07:05:19,-0.009999999999998,9.47,9.458,-0.0180000000000006,9.472,67.625,3.9625,1.0,0.0,1.0,1.0,0.0,1.0,1.0,1.0
2020-05-30 07:05:29,-0.009999999999998,9.45,9.44,-0.0199999999999995,9.452,67.675,3.914999999999999,1.0,0.0,1.0,1.0,0.0,1.0,1.0,1.0
2020-05-30 07:05:39,-0.009999999999998,9.436,9.424,-0.0180000000000006,9.436,67.725,3.83,1.0,0.0,1.0,1.0,0.0,1.0,1.0,1.0
2020-05-30 07:05:49,-0.009999999999998,9.418,9.406,-0.0180000000000006,9.418,67.625,3.887500000000001,1.0,0.0,1.0,1.0,0.0,1.0,1.0,1.0
2020-05-30 07:05:58,-0.009999999999998,9.4,9.388,-0.0180000000000006,9.4,67.52499999999999,3.9499999999999993,1.0,0.0,1.0,1.0,0.0,1.0,1.0,1.0
2020-05-30 07:06:08,-0.009999999999998,9.382,9.372,-0.0180000000000006,9.384,67.625,3.9125,1.0,0.0,1.0,1.0,0.0,1.0,1.0,1.0
2020-05-30 07:06:18,-0.0079999999999991,9.366,9.354,-0.0180000000000006,9.366,67.7,3.8325,1.0,0.0,1.0,1.0,0.0,1.0,1.0,1.0
2020-05-30 07:06:28,-0.009999999999998,9.348,9.336,-0.0180000000000006,9.348,67.65,3.872500000000001,1.0,0.0,1.0,1.0,0.0,1.0,1.0,1.0
2020-05-30 07:06:38,-0.009999999999998,9.33,9.32,-0.0180000000000006,9.334,67.725,3.9700000000000006,1.0,0.0,1.0,1.0,0.0,1.0,1.0,1.0
2020-05-30 07:06:48,-0.009999999999998,9.314,9.3,-0.0199999999999995,9.314,67.65,3.945,1.0,0.0,1.0,1.0,0.0,1.0,1.0,1.0
2020-05-30 07:06:58,-0.009999999999998,9.296,9.288,-0.0180000000000006,9.298,67.675,3.877500000000001,1.0,0.0,1.0,1.0,0.0,1.0,1.0,1.0
2020-05-30 07:07:08,-0.0079999999999991,9.28,9.268,-0.0180000000000006,9.28,67.55,3.8425,1.0,0.0,1.0,1.0,0.0,1.0,1.0,1.0
2020-05-30 07:07:18,-0.009999999999998,9.264,9.254,-0.0180000000000006,9.264,67.7,3.952500000000001,1.0,0.0,1.0,1.0,0.0,1.0,1.0,1.0
2020-05-30 07:07:28,-0.0079999999999991,9.248,9.236,-0.0180000000000006,9.248,67.75,3.8225,1.0,0.0,1.0,1.0,0.0,1.0,1.0,1.0
2020-05-30 07:07:38,-0.009999999999998,9.23,9.22,-0.0180000000000006,9.232,67.75,0.0449999999999999,1.0,0.0,1.0,1.0,0.0,1.0,1.0,1.0
2020-05-30 07:07:47,-0.0079999999999991,9.212,9.2,-0.0180000000000006,9.214,67.65,0.0424999999999995,1.0,0.0,1.0,1.0,0.0,1.0,1.0,1.0
2020-05-30 07:07:57,-0.009999999999998,9.196,9.184,-0.0180000000000006,9.196,67.52499999999999,0.0424999999999995,1.0,0.0,1.0,1.0,0.0,1.0,1.0,1.0
2020-05-30 07:08:07,-0.009999999999998,9.178,9.166,-0.0180000000000006,9.182,67.32499999999999,0.04,1.0,0.0,1.0,1.0,0.0,1.0,1.0,1.0
2020-05-30 07:08:17,-0.009999999999998,9.162,9.148,-0.0199999999999995,9.164,66.97500000000001,0.04,1.0,0.0,1.0,1.0,0.0,1.0,1.0,1.0
2020-05-30 07:08:27,-0.009999999999998,9.144,9.13,-0.0180000000000006,9.146,66.52499999999999,0.04,1.0,0.0,1.0,1.0,0.0,1.0,1.0,1.0
2020-05-30 07:08:37,-0.009999999999998,9.126,9.114,-0.0199999999999995,9.13,66.225,0.04,1.0,0.0,1.0,1.0,0.0,1.0,1.0,1.0
2020-05-30 07:08:47,-0.009999999999998,9.112,9.1,-0.0199999999999995,9.114,66.05000000000001,0.04,1.0,0.0,1.0,1.0,0.0,1.0,1.0,1.0
2020-05-30 07:08:57,-0.009999999999998,9.094,9.082,-0.0180000000000006,9.096,65.725,0.04,1.0,0.0,1.0,1.0,0.0,1.0,1.0,1.0
2020-05-30 07:09:07,-0.009999999999998,9.078,9.064,-0.0180000000000006,9.078,65.575,0.04,1.0,0.0,1.0,1.0,0.0,1.0,1.0,1.0
2020-05-30 07:09:17,-0.009999999999998,9.06,9.046,-0.0180000000000006,9.062,65.35,0.04,1.0,0.0,1.0,1.0,0.0,1.0,1.0,1.0
2020-05-30 07:09:27,-0.009999999999998,9.046,9.03,-0.0199999999999995,9.044,65.12500000000001,0.04,1.0,0.0,1.0,1.0,0.0,1.0,1.0,1.0
2020-05-30 07:09:36,-0.009999999999998,9.026,9.014,-0.0199999999999995,9.028,64.95,0.04,1.0,0.0,1.0,1.0,0.0,1.0,1.0,1.0
2020-05-30 07:09:46,-0.009999999999998,9.014,8.998,-0.0180000000000006,9.012,64.75,0.04,1.0,0.0,1.0,1.0,0.0,1.0,1.0,1.0
2020-05-30 07:09:56,-0.009999999999998,8.994,8.982,-0.0180000000000006,8.996,64.65,0.04,1.0,0.0,1.0,1.0,0.0,1.0,1.0,1.0
2020-05-30 07:10:06,-0.0079999999999991,8.978,8.966,-0.0180000000000006,8.98,64.575,0.04,1.0,0.0,1.0,1.0,0.0,1.0,1.0,1.0
2020-05-30 07:10:16,-0.009999999999998,8.962,8.948,-0.0180000000000006,8.964,64.375,0.04,1.0,0.0,1.0,1.0,0.0,1.0,1.0,1.0
2020-05-30 07:10:26,-0.009999999999998,8.946,8.932,-0.0180000000000006,8.946,64.25,0.04,1.0,0.0,1.0,1.0,0.0,1.0,1.0,1.0
2020-05-30 07:10:36,-0.009999999999998,8.928,8.916,-0.0180000000000006,8.93,64.25,0.04,1.0,0.0,1.0,1.0,0.0,1.0,1.0,1.0
2020-05-30 07:10:46,-0.009999999999998,8.914,8.9,-0.0159999999999982,8.914,64.225,0.04,1.0,0.0,1.0,1.0,0.0,1.0,1.0,1.0
2020-05-30 07:10:56,-0.009999999999998,8.896,8.884,-0.0199999999999995,8.898,64.025,0.04,1.0,0.0,1.0,1.0,0.0,1.0,1.0,1.0
2020-05-30 07:11:06,-0.009999999999998,8.88,8.866,-0.0180000000000006,8.88,63.875,0.0375000000000005,1.0,0.0,1.0,1.0,0.0,1.0,1.0,1.0
2020-05-30 07:11:16,-0.009999999999998,8.864,8.852,-0.0180000000000006,8.864,63.85000000000001,0.0375000000000005,1.0,0.0,1.0,1.0,0.0,1.0,1.0,1.0
2020-05-30 07:11:25,-0.0079999999999991,8.848,8.836,-0.0180000000000006,8.85,63.75,0.04,1.0,0.0,1.0,1.0,0.0,1.0,1.0,1.0
2020-05-30 07:11:35,-0.009999999999998,8.832,8.82,-0.0180000000000006,8.834,63.650000000000006,0.04,1.0,0.0,1.0,1.0,0.0,1.0,1.0,1.0
2020-05-30 07:11:45,-0.009999999999998,8.814,8.802,-0.0199999999999995,8.816,63.55,0.0375000000000005,1.0,0.0,1.0,1.0,0.0,1.0,1.0,1.0
2020-05-30 07:11:55,-0.0120000000000004,8.8,8.786,-0.0180000000000006,8.802,63.55,0.0424999999999995,1.0,0.0,1.0,1.0,0.0,1.0,1.0,1.0
2020-05-30 07:12:05,-0.009999999999998,8.782,8.77,-0.0199999999999995,8.784,63.375,0.04,1.0,0.0,1.0,1.0,0.0,1.0,1.0,1.0
2020-05-30 07:12:15,-0.009999999999998,8.766,8.754,-0.0159999999999982,8.77,63.35,0.0424999999999995,1.0,0.0,1.0,1.0,0.0,1.0,1.0,1.0
2020-05-30 07:12:25,-0.0120000000000004,8.752,8.738,-0.0180000000000006,8.752,63.25,0.04,1.0,0.0,1.0,1.0,0.0,1.0,1.0,1.0
2020-05-30 07:12:35,-0.009999999999998,8.736,8.724,-0.0180000000000006,8.738,63.225,0.04,1.0,0.0,1.0,1.0,0.0,1.0,1.0,1.0
2020-05-30 07:12:45,-0.0120000000000004,8.72,8.708,-0.0180000000000006,8.722,63.175,0.0375000000000005,1.0,0.0,1.0,1.0,0.0,1.0,1.0,1.0
2020-05-30 07:12:55,-0.0120000000000004,8.704,8.69,-0.0199999999999995,8.704,62.97500000000001,0.04,1.0,0.0,1.0,1.0,0.0,1.0,1.0,1.0
2020-05-30 07:13:05,-0.009999999999998,8.688,8.676,-0.0199999999999995,8.69,63.02499999999999,0.04,1.0,0.0,1.0,1.0,0.0,1.0,1.0,1.0
2020-05-30 07:13:14,-0.0120000000000004,8.672,8.662,-0.0180000000000006,8.674,63.02499999999999,0.04,1.0,0.0,1.0,1.0,0.0,1.0,1.0,1.0
2020-05-30 07:13:24,-0.0120000000000004,8.658,8.646,-0.0180000000000006,8.658,62.87499999999999,0.04,1.0,0.0,1.0,1.0,0.0,1.0,1.0,1.0
2020-05-30 07:13:34,-0.009999999999998,8.642,8.628,-0.0180000000000006,8.642,62.775000000000006,0.04,1.0,0.0,1.0,1.0,0.0,1.0,1.0,1.0
2020-05-30 07:13:44,-0.0120000000000004,8.626,8.614,-0.0180000000000006,8.628,62.775000000000006,0.04,1.0,0.0,1.0,1.0,0.0,1.0,1.0,1.0
2020-05-30 07:13:54,-0.009999999999998,8.61,8.6,-0.0180000000000006,8.612,62.625,0.0375000000000005,1.0,0.0,1.0,1.0,0.0,1.0,1.0,1.0
2020-05-30 07:14:04,-0.0120000000000004,8.594,8.584,-0.0180000000000006,8.596,62.650000000000006,0.04,1.0,0.0,1.0,1.0,0.0,1.0,1.0,1.0
2020-05-30 07:14:14,-0.0120000000000004,8.58,8.57,-0.0180000000000006,8.582,62.675,0.04,1.0,0.0,1.0,1.0,0.0,1.0,1.0,1.0
2020-05-30 07:14:24,-0.0120000000000004,8.562,8.552,-0.0180000000000006,8.566,62.625,0.04,1.0,0.0,1.0,1.0,0.0,1.0,1.0,1.0
2020-05-30 07:14:34,-0.009999999999998,8.55,8.538,-0.0199999999999995,8.55,62.55,0.04,1.0,0.0,1.0,1.0,0.0,1.0,1.0,1.0
2020-05-30 07:14:44,-0.009999999999998,8.534,8.524,-0.0180000000000006,8.536,62.475,0.04,1.0,0.0,1.0,1.0,0.0,1.0,1.0,1.0
2020-05-30 07:14:54,-0.009999999999998,8.518,8.506,-0.0180000000000006,8.52,62.400000000000006,0.0424999999999995,1.0,0.0,1.0,1.0,0.0,1.0,1.0,1.0
2020-05-30 07:15:03,-0.009999999999998,8.506,8.492,-0.0180000000000006,8.506,62.35,0.04,1.0,0.0,1.0,1.0,0.0,1.0,1.0,1.0
2020-05-30 07:15:13,-0.009999999999998,8.49,8.478,-0.0199999999999995,8.49,62.225,0.04,1.0,0.0,1.0,1.0,0.0,1.0,1.0,1.0
2020-05-30 07:15:23,-0.009999999999998,8.474,8.462,-0.0180000000000006,8.476,62.14999999999999,0.04,1.0,0.0,1.0,1.0,0.0,1.0,1.0,1.0
2020-05-30 07:15:33,-0.0120000000000004,8.458,8.448,-0.0180000000000006,8.462,62.125000000000014,0.04,1.0,0.0,1.0,1.0,0.0,1.0,1.0,1.0
2020-05-30 07:15:43,-0.0120000000000004,8.446,8.432,-0.0180000000000006,8.446,62.05000000000001,0.04,1.0,0.0,1.0,1.0,0.0,1.0,1.0,1.0
2020-05-30 07:15:53,-0.009999999999998,8.428,8.418,-0.0180000000000006,8.43,61.94999999999999,0.04,1.0,0.0,1.0,1.0,0.0,1.0,1.0,1.0
2020-05-30 07:16:03,-0.0120000000000004,8.416,8.404,-0.0180000000000006,8.416,61.97500000000001,0.04,1.0,0.0,1.0,1.0,0.0,1.0,1.0,1.0
2020-05-30 07:16:13,-0.009999999999998,8.4,8.388,-0.0180000000000006,8.402,61.92500000000001,0.0424999999999995,1.0,0.0,1.0,1.0,0.0,1.0,1.0,1.0
2020-05-30 07:16:23,-0.0120000000000004,8.384,8.372,-0.0199999999999995,8.386,61.85000000000001,0.04,1.0,0.0,1.0,1.0,0.0,1.0,1.0,1.0
2020-05-30 07:16:33,-0.009999999999998,8.37,8.358,-0.0180000000000006,8.372,61.75,0.04,1.0,0.0,1.0,1.0,0.0,1.0,1.0,1.0
2020-05-30 07:16:43,-0.009999999999998,8.356,8.346,-0.0180000000000006,8.358,61.72500000000001,0.0424999999999995,1.0,0.0,1.0,1.0,0.0,1.0,1.0,1.0
2020-05-30 07:16:52,-0.009999999999998,8.342,8.328,-0.0180000000000006,8.342,61.650000000000006,0.04,1.0,0.0,1.0,1.0,0.0,1.0,1.0,1.0
2020-05-30 07:17:02,-0.0120000000000004,8.328,8.314,-0.0199999999999995,8.328,61.60000000000001,0.04,1.0,0.0,1.0,1.0,0.0,1.0,1.0,1.0
2020-05-30 07:17:12,-0.0120000000000004,8.314,8.3,-0.0180000000000006,8.314,61.5,0.04,1.0,0.0,1.0,1.0,0.0,1.0,1.0,1.0
2020-05-30 07:17:22,-0.0120000000000004,8.298,8.284,-0.0180000000000006,8.298,61.525000000000006,0.04,1.0,0.0,1.0,1.0,0.0,1.0,1.0,1.0
2020-05-30 07:17:32,-0.0120000000000004,8.284,8.272,-0.0180000000000006,8.284,61.45,0.04,1.0,0.0,1.0,1.0,0.0,1.0,1.0,1.0
2020-05-30 07:17:42,-0.0120000000000004,8.268,8.256,-0.0180000000000006,8.27,61.375,0.04,1.0,0.0,1.0,1.0,0.0,1.0,1.0,1.0
2020-05-30 07:17:52,-0.0120000000000004,8.254,8.242,-0.0180000000000006,8.254,61.27499999999999,0.04,1.0,0.0,1.0,1.0,0.0,1.0,1.0,1.0
2020-05-30 07:18:02,-0.009999999999998,8.24,8.226,-0.0180000000000006,8.24,61.35,0.04,1.0,0.0,1.0,1.0,0.0,1.0,1.0,1.0
2020-05-30 07:18:12,-0.0120000000000004,8.226,8.214,-0.0180000000000006,8.226,61.27499999999999,0.04,1.0,0.0,1.0,1.0,0.0,1.0,1.0,1.0
2020-05-30 07:18:22,-0.0120000000000004,8.21,8.198,-0.0180000000000006,8.212,61.175,0.0424999999999995,1.0,0.0,1.0,1.0,0.0,1.0,1.0,1.0
2020-05-30 07:18:32,-0.009999999999998,8.196,8.186,-0.0180000000000006,8.198,61.25,0.04,1.0,0.0,1.0,1.0,0.0,1.0,1.0,1.0
2020-05-30 07:18:41,-0.009999999999998,8.184,8.172,-0.0180000000000006,8.184,61.175,0.04,1.0,0.0,1.0,1.0,0.0,1.0,1.0,1.0
2020-05-30 07:18:51,-0.0120000000000004,8.168,8.158,-0.0199999999999995,8.17,61.07499999999999,0.04,1.0,0.0,1.0,1.0,0.0,1.0,1.0,1.0
2020-05-30 07:19:01,-0.009999999999998,8.156,8.144,-0.0180000000000006,8.156,61.05000000000001,0.04,1.0,0.0,1.0,1.0,0.0,1.0,1.0,1.0
2020-05-30 07:19:11,-0.0120000000000004,8.14,8.128,-0.0180000000000006,8.14,60.94999999999999,0.04,1.0,0.0,1.0,1.0,0.0,1.0,1.0,1.0
2020-05-30 07:19:21,-0.0120000000000004,8.126,8.114,-0.0180000000000006,8.126,60.87499999999999,0.0424999999999995,1.0,0.0,1.0,1.0,0.0,1.0,1.0,1.0
2020-05-30 07:19:31,-0.0120000000000004,8.11,8.102,-0.0180000000000006,8.112,60.85000000000001,0.04,1.0,0.0,1.0,1.0,0.0,1.0,1.0,1.0
2020-05-30 07:19:41,-0.009999999999998,8.096,8.086,-0.0180000000000006,8.098,60.85000000000001,0.04,1.0,0.0,1.0,1.0,0.0,1.0,1.0,1.0
2020-05-30 07:19:51,-0.009999999999998,8.082,8.072,-0.0199999999999995,8.084,60.650000000000006,0.04,1.0,0.0,1.0,1.0,0.0,1.0,1.0,1.0
2020-05-30 07:20:01,3.26,8.068,-0.0259999999999998,-0.0180000000000006,8.068,60.775000000000006,4.842499999999999,0.0,1.0,1.0,0.0,0.0,1.0,1.0,1.0
2020-05-30 07:20:11,8.55,8.1,-0.0219999999999984,-0.0159999999999982,8.098,60.625,5.707500000000001,0.0,1.0,1.0,0.0,0.0,1.0,1.0,1.0
2020-05-30 07:20:21,8.822,8.366,-0.0180000000000006,-0.0180000000000006,8.364,60.94999999999999,5.84,0.0,1.0,1.0,0.0,0.0,1.0,1.0,1.0
2020-05-30 07:20:31,9.032,8.594,-0.0180000000000006,-0.0180000000000006,8.592,61.45,5.934999999999999,0.0,1.0,1.0,0.0,0.0,1.0,1.0,1.0
2020-05-30 07:20:40,9.232,8.81,-0.0139999999999993,-0.0199999999999995,8.806,62.1,5.9725,0.0,1.0,1.0,0.0,0.0,1.0,1.0,1.0
2020-05-30 07:20:50,9.43,9.026,-0.0120000000000004,-0.0180000000000006,9.022,63.19999999999999,6.072500000000002,0.0,1.0,1.0,0.0,0.0,1.0,1.0,1.0
2020-05-30 07:21:00,7.448,9.128,-0.009999999999998,-0.0079999999999991,9.126,64.32500000000002,5.585000000000001,0.0,1.0,0.0,0.0,0.0,1.0,1.0,1.0
2020-05-30 07:21:10,9.588,9.206,-0.009999999999998,-0.0019999999999988,9.204,65.575,6.0825,0.0,1.0,0.0,0.0,0.0,1.0,1.0,1.0
2020-05-30 07:21:20,9.756,9.386,-0.009999999999998,-0.0019999999999988,9.382,66.725,6.0975,0.0,1.0,0.0,0.0,0.0,1.0,1.0,1.0
2020-05-30 07:21:30,9.898,9.542,-0.009999999999998,-0.0019999999999988,9.538,67.8,6.1425,0.0,1.0,0.0,0.0,0.0,1.0,1.0,1.0
2020-05-30 07:21:40,10.04,9.69,-0.0079999999999991,0.0,9.688,68.75,6.145,0.0,1.0,0.0,0.0,0.0,1.0,1.0,1.0
2020-05-30 07:21:50,10.176,9.834,-0.009999999999998,-0.0019999999999988,9.832,69.625,6.107499999999998,0.0,1.0,0.0,0.0,0.0,1.0,1.0,1.0
2020-05-30 07:22:00,8.64,9.93,-0.0079999999999991,-0.0040000000000013,9.928,70.6,5.7425,0.0,1.0,1.0,0.0,0.0,1.0,1.0,1.0
2020-05-30 07:22:10,10.364,10.01,-0.0079999999999991,0.0,10.006,71.125,6.085000000000001,0.0,1.0,1.0,0.0,0.0,1.0,1.0,1.0
2020-05-30 07:22:19,10.496,10.146,-0.0079999999999991,0.0,10.144,71.50000000000001,6.120000000000001,0.0,1.0,1.0,0.0,0.0,1.0,1.0,1.0
2020-05-30 07:22:29,-0.0259999999999998,10.116,10.118,-0.0180000000000006,10.114,71.725,3.9225,1.0,0.0,1.0,1.0,0.0,1.0,1.0,1.0
2020-05-30 07:22:39,-0.0219999999999984,10.072,10.072,-0.0199999999999995,10.068,71.64999999999999,3.93,1.0,0.0,1.0,1.0,0.0,1.0,1.0,1.0
2020-05-30 07:22:49,-0.0199999999999995,10.036,10.032,-0.0199999999999995,10.034,71.55,4.0075,1.0,0.0,1.0,1.0,0.0,1.0,1.0,1.0
2020-05-30 07:22:59,-0.0199999999999995,10.002,9.998,-0.0199999999999995,10.0,71.625,3.9075000000000006,1.0,0.0,1.0,1.0,0.0,1.0,1.0,1.0
2020-05-30 07:23:09,-0.0159999999999982,9.97,9.964,-0.0180000000000006,9.968,71.55,3.865,1.0,0.0,1.0,1.0,0.0,1.0,1.0,1.0
2020-05-30 07:23:19,-0.0159999999999982,9.942,9.936,-0.0199999999999995,9.942,71.52499999999999,3.9625,1.0,0.0,1.0,1.0,0.0,1.0,1.0,1.0
2020-05-30 07:23:29,-0.0139999999999993,9.916,9.908,-0.0180000000000006,9.916,71.32499999999999,3.9700000000000006,1.0,0.0,1.0,1.0,0.0,1.0,1.0,1.0
2020-05-30 07:23:39,-0.0139999999999993,9.89,9.882,-0.0180000000000006,9.888,71.125,3.887500000000001,1.0,0.0,1.0,1.0,0.0,1.0,1.0,1.0
2020-05-30 07:23:49,-0.0120000000000004,9.866,9.856,-0.0199999999999995,9.866,70.875,3.8575,1.0,0.0,1.0,1.0,0.0,1.0,1.0,1.0
2020-05-30 07:23:59,-0.0120000000000004,9.842,9.832,-0.0199999999999995,9.842,70.64999999999999,3.9,1.0,0.0,1.0,1.0,0.0,1.0,1.0,1.0
2020-05-30 07:24:09,-0.0120000000000004,9.818,9.81,-0.0180000000000006,9.82,70.24999999999999,3.965,1.0,0.0,1.0,1.0,0.0,1.0,1.0,1.0
2020-05-30 07:24:18,-0.0120000000000004,9.8,9.786,-0.0180000000000006,9.798,69.95,3.952500000000001,1.0,0.0,1.0,1.0,0.0,1.0,1.0,1.0
2020-05-30 07:24:28,-0.0120000000000004,9.778,9.768,-0.0199999999999995,9.778,69.64999999999999,3.8625000000000007,1.0,0.0,1.0,1.0,0.0,1.0,1.0,1.0
2020-05-30 07:24:38,-0.0120000000000004,9.76,9.746,-0.0180000000000006,9.758,69.5,3.905,1.0,0.0,1.0,1.0,0.0,1.0,1.0,1.0
2020-05-30 07:24:48,-0.009999999999998,9.736,9.724,-0.0180000000000006,9.736,69.22500000000001,3.967500000000001,1.0,0.0,1.0,1.0,0.0,1.0,1.0,1.0
2020-05-30 07:24:58,-0.009999999999998,9.718,9.706,-0.0199999999999995,9.718,69.025,3.92,1.0,0.0,1.0,1.0,0.0,1.0,1.0,1.0
2020-05-30 07:25:08,-0.0120000000000004,9.698,9.686,-0.0180000000000006,9.698,68.75,3.8675,1.0,0.0,1.0,1.0,0.0,1.0,1.0,1.0
2020-05-30 07:25:18,-0.009999999999998,9.678,9.666,-0.0199999999999995,9.678,68.425,3.895,1.0,0.0,1.0,1.0,0.0,1.0,1.0,1.0
2020-05-30 07:25:28,-0.009999999999998,9.66,9.646,-0.0180000000000006,9.66,68.12499999999999,3.9700000000000006,1.0,0.0,1.0,1.0,0.0,1.0,1.0,1.0
2020-05-30 07:25:38,-0.009999999999998,9.64,9.628,-0.0199999999999995,9.64,67.85000000000001,3.924999999999999,1.0,0.0,1.0,1.0,0.0,1.0,1.0,1.0
2020-05-30 07:25:48,-0.009999999999998,9.622,9.608,-0.0199999999999995,9.622,67.65,3.8825,1.0,0.0,1.0,1.0,0.0,1.0,1.0,1.0
2020-05-30 07:25:58,-0.0120000000000004,9.602,9.59,-0.0199999999999995,9.604,67.55,3.895,1.0,0.0,1.0,1.0,0.0,1.0,1.0,1.0
2020-05-30 07:26:07,-0.009999999999998,9.584,9.574,-0.0180000000000006,9.586,67.5,3.9825,1.0,0.0,1.0,1.0,0.0,1.0,1.0,1.0
2020-05-30 07:26:17,-0.009999999999998,9.566,9.554,-0.0199999999999995,9.568,67.425,3.955,1.0,0.0,1.0,1.0,0.0,1.0,1.0,1.0
2020-05-30 07:26:27,-0.009999999999998,9.55,9.536,-0.0199999999999995,9.55,67.35,3.870000000000001,1.0,0.0,1.0,1.0,0.0,1.0,1.0,1.0
2020-05-30 07:26:37,-0.009999999999998,9.532,9.52,-0.0199999999999995,9.532,67.32499999999999,3.865,1.0,0.0,1.0,1.0,0.0,1.0,1.0,1.0
2020-05-30 07:26:47,-0.009999999999998,9.512,9.5,-0.0199999999999995,9.514,67.35,3.9275,1.0,0.0,1.0,1.0,0.0,1.0,1.0,1.0
2020-05-30 07:26:57,-0.009999999999998,9.494,9.484,-0.0199999999999995,9.498,67.425,3.960000000000001,1.0,0.0,1.0,1.0,0.0,1.0,1.0,1.0
2020-05-30 07:27:07,-0.0079999999999991,9.48,9.468,-0.0180000000000006,9.48,67.55,3.865,1.0,0.0,1.0,1.0,0.0,1.0,1.0,1.0
2020-05-30 07:27:17,-0.009999999999998,9.46,9.448,-0.0180000000000006,9.462,67.5,3.865,1.0,0.0,1.0,1.0,0.0,1.0,1.0,1.0
2020-05-30 07:27:27,-0.009999999999998,9.442,9.432,-0.0199999999999995,9.444,67.375,3.975,1.0,0.0,1.0,1.0,0.0,1.0,1.0,1.0
2020-05-30 07:27:37,-0.0079999999999991,9.426,9.414,-0.0199999999999995,9.426,67.52499999999999,3.945,1.0,0.0,1.0,1.0,0.0,1.0,1.0,1.0
2020-05-30 07:27:47,-0.009999999999998,9.408,9.398,-0.0180000000000006,9.41,67.6,3.875,1.0,0.0,1.0,1.0,0.0,1.0,1.0,1.0
2020-05-30 07:27:57,-0.009999999999998,9.392,9.38,-0.0180000000000006,9.392,67.55,3.86,1.0,0.0,1.0,1.0,0.0,1.0,1.0,1.0
2020-05-30 07:28:06,-0.009999999999998,9.376,9.362,-0.0199999999999995,9.376,67.55,3.924999999999999,1.0,0.0,1.0,1.0,0.0,1.0,1.0,1.0
2020-05-30 07:28:16,-0.009999999999998,9.356,9.346,-0.0180000000000006,9.358,67.65,3.9625,1.0,0.0,1.0,1.0,0.0,1.0,1.0,1.0
2020-05-30 07:28:26,-0.009999999999998,9.338,9.328,-0.0199999999999995,9.34,67.625,3.9025,1.0,0.0,1.0,1.0,0.0,1.0,1.0,1.0
2020-05-30 07:28:36,-0.009999999999998,9.324,9.312,-0.0180000000000006,9.324,67.625,3.872500000000001,1.0,0.0,1.0,1.0,0.0,1.0,1.0,1.0
2020-05-30 07:28:46,-0.0079999999999991,9.306,9.296,-0.0199999999999995,9.31,67.65,3.91,1.0,0.0,1.0,1.0,0.0,1.0,1.0,1.0
2020-05-30 07:28:56,-0.009999999999998,9.288,9.278,-0.0199999999999995,9.29,67.8,3.965,1.0,0.0,1.0,1.0,0.0,1.0,1.0,1.0
2020-05-30 07:29:06,-0.0120000000000004,9.272,9.26,-0.0199999999999995,9.274,67.65,3.887500000000001,1.0,0.0,1.0,1.0,0.0,1.0,1.0,1.0
2020-05-30 07:29:16,-0.009999999999998,9.256,9.244,-0.0199999999999995,9.258,67.625,0.0449999999999999,1.0,0.0,1.0,1.0,0.0,1.0,1.0,1.0
2020-05-30 07:29:26,-0.009999999999998,9.238,9.226,-0.0199999999999995,9.24,67.65,0.0424999999999995,1.0,0.0,1.0,1.0,0.0,1.0,1.0,1.0
2020-05-30 07:29:36,-0.009999999999998,9.222,9.21,-0.0199999999999995,9.224,67.55,0.0424999999999995,1.0,0.0,1.0,1.0,0.0,1.0,1.0,1.0
2020-05-30 07:29:46,-0.009999999999998,9.206,9.192,-0.0199999999999995,9.208,67.27499999999999,0.0424999999999995,1.0,0.0,1.0,1.0,0.0,1.0,1.0,1.0
2020-05-30 07:29:56,-0.0120000000000004,9.188,9.174,-0.0199999999999995,9.188,66.95,0.0424999999999995,1.0,0.0,1.0,1.0,0.0,1.0,1.0,1.0
2020-05-30 07:30:05,-0.0120000000000004,9.17,9.158,-0.0199999999999995,9.172,66.7,0.04,1.0,0.0,1.0,1.0,0.0,1.0,1.0,1.0
2020-05-30 07:30:15,-0.009999999999998,9.154,9.142,-0.0180000000000006,9.156,66.3,0.04,1.0,0.0,1.0,1.0,0.0,1.0,1.0,1.0
2020-05-30 07:30:25,-0.009999999999998,9.138,9.126,-0.0199999999999995,9.14,65.97500000000001,0.04,1.0,0.0,1.0,1.0,0.0,1.0,1.0,1.0
2020-05-30 07:30:35,-0.009999999999998,9.12,9.106,-0.0180000000000006,9.122,65.65,0.0424999999999995,1.0,0.0,1.0,1.0,0.0,1.0,1.0,1.0
2020-05-30 07:30:45,-0.009999999999998,9.104,9.092,-0.0199999999999995,9.104,65.55,0.0424999999999995,1.0,0.0,1.0,1.0,0.0,1.0,1.0,1.0
2020-05-30 07:30:55,-0.009999999999998,9.088,9.076,-0.0199999999999995,9.088,65.35,0.0424999999999995,1.0,0.0,1.0,1.0,0.0,1.0,1.0,1.0
2020-05-30 07:31:05,-0.0120000000000004,9.072,9.056,-0.0199999999999995,9.07,65.07499999999999,0.04,1.0,0.0,1.0,1.0,0.0,1.0,1.0,1.0
2020-05-30 07:31:15,-0.009999999999998,9.054,9.042,-0.0180000000000006,9.056,64.9,0.04,1.0,0.0,1.0,1.0,0.0,1.0,1.0,1.0
2020-05-30 07:31:25,-0.009999999999998,9.038,9.026,-0.0199999999999995,9.038,64.65,0.0424999999999995,1.0,0.0,1.0,1.0,0.0,1.0,1.0,1.0
2020-05-30 07:31:35,-0.009999999999998,9.022,9.008,-0.0180000000000006,9.022,64.575,0.0424999999999995,1.0,0.0,1.0,1.0,0.0,1.0,1.0,1.0
2020-05-30 07:31:45,-0.009999999999998,9.004,8.99,-0.0180000000000006,9.006,64.45,0.04,1.0,0.0,1.0,1.0,0.0,1.0,1.0,1.0
2020-05-30 07:31:55,-0.009999999999998,8.988,8.976,-0.0180000000000006,8.99,64.27499999999999,0.0424999999999995,1.0,0.0,1.0,1.0,0.0,1.0,1.0,1.0
2020-05-30 07:32:05,-0.0120000000000004,8.972,8.958,-0.0180000000000006,8.972,64.25,0.04,1.0,0.0,1.0,1.0,0.0,1.0,1.0,1.0
2020-05-30 07:32:14,-0.0120000000000004,8.954,8.942,-0.0180000000000006,8.956,64.12500000000001,0.04,1.0,0.0,1.0,1.0,0.0,1.0,1.0,1.0
2020-05-30 07:32:24,-0.009999999999998,8.94,8.926,-0.0180000000000006,8.94,63.85000000000001,0.04,1.0,0.0,1.0,1.0,0.0,1.0,1.0,1.0
2020-05-30 07:32:34,-0.009999999999998,8.924,8.912,-0.0180000000000006,8.924,63.97500000000001,0.0424999999999995,1.0,0.0,1.0,1.0,0.0,1.0,1.0,1.0
2020-05-30 07:32:44,-0.009999999999998,8.908,8.894,-0.0199999999999995,8.908,63.79999999999998,0.04,1.0,0.0,1.0,1.0,0.0,1.0,1.0,1.0
2020-05-30 07:32:54,-0.009999999999998,8.89,8.876,-0.0199999999999995,8.892,63.75,0.04,1.0,0.0,1.0,1.0,0.0,1.0,1.0,1.0
2020-05-30 07:33:04,-0.0120000000000004,8.876,8.862,-0.0180000000000006,8.876,63.625,0.04,1.0,0.0,1.0,1.0,0.0,1.0,1.0,1.0
2020-05-30 07:33:14,-0.009999999999998,8.858,8.844,-0.0180000000000006,8.86,63.55,0.04,1.0,0.0,1.0,1.0,0.0,1.0,1.0,1.0
2020-05-30 07:33:24,-0.009999999999998,8.842,8.828,-0.0180000000000006,8.844,63.425,0.04,1.0,0.0,1.0,1.0,0.0,1.0,1.0,1.0
2020-05-30 07:33:34,-0.009999999999998,8.826,8.812,-0.0199999999999995,8.826,63.35,0.04,1.0,0.0,1.0,1.0,0.0,1.0,1.0,1.0
2020-05-30 07:33:44,-0.009999999999998,8.812,8.798,-0.0180000000000006,8.812,63.35,0.04,1.0,0.0,1.0,1.0,0.0,1.0,1.0,1.0
2020-05-30 07:33:54,-0.009999999999998,8.796,8.78,-0.0180000000000006,8.796,63.19999999999999,0.0424999999999995,1.0,0.0,1.0,1.0,0.0,1.0,1.0,1.0
2020-05-30 07:34:04,-0.009999999999998,8.778,8.764,-0.0180000000000006,8.778,63.125000000000014,0.04,1.0,0.0,1.0,1.0,0.0,1.0,1.0,1.0
2020-05-30 07:34:13,-0.009999999999998,8.764,8.75,-0.0199999999999995,8.764,63.05000000000001,0.04,1.0,0.0,1.0,1.0,0.0,1.0,1.0,1.0
2020-05-30 07:34:23,-0.009999999999998,8.746,8.734,-0.0180000000000006,8.748,62.94999999999999,0.04,1.0,0.0,1.0,1.0,0.0,1.0,1.0,1.0
2020-05-30 07:34:33,-0.009999999999998,8.73,8.716,-0.0199999999999995,8.732,62.85000000000001,0.04,1.0,0.0,1.0,1.0,0.0,1.0,1.0,1.0
2020-05-30 07:34:43,-0.009999999999998,8.714,8.704,-0.0180000000000006,8.716,62.85000000000001,0.0424999999999995,1.0,0.0,1.0,1.0,0.0,1.0,1.0,1.0
2020-05-30 07:34:53,-0.0120000000000004,8.698,8.686,-0.0180000000000006,8.7,62.825,0.04,1.0,0.0,1.0,1.0,0.0,1.0,1.0,1.0
2020-05-30 07:35:03,-0.0120000000000004,8.684,8.67,-0.0180000000000006,8.684,62.650000000000006,0.04,1.0,0.0,1.0,1.0,0.0,1.0,1.0,1.0
2020-05-30 07:35:13,-0.009999999999998,8.668,8.656,-0.0199999999999995,8.67,62.55,0.04,1.0,0.0,1.0,1.0,0.0,1.0,1.0,1.0
2020-05-30 07:35:23,-0.009999999999998,8.652,8.64,-0.0180000000000006,8.652,62.625,0.04,1.0,0.0,1.0,1.0,0.0,1.0,1.0,1.0
2020-05-30 07:35:33,-0.009999999999998,8.638,8.626,-0.0180000000000006,8.638,62.475,0.04,1.0,0.0,1.0,1.0,0.0,1.0,1.0,1.0
2020-05-30 07:35:43,-0.009999999999998,8.622,8.612,-0.0180000000000006,8.624,62.45,0.0424999999999995,1.0,0.0,1.0,1.0,0.0,1.0,1.0,1.0
2020-05-30 07:35:53,-0.0120000000000004,8.606,8.594,-0.0180000000000006,8.608,62.35,0.0424999999999995,1.0,0.0,1.0,1.0,0.0,1.0,1.0,1.0
2020-05-30 07:36:03,-0.0120000000000004,8.59,8.578,-0.0180000000000006,8.592,62.35,0.04,1.0,0.0,1.0,1.0,0.0,1.0,1.0,1.0
2020-05-30 07:36:12,-0.009999999999998,8.576,8.566,-0.0199999999999995,8.578,62.35,0.04,1.0,0.0,1.0,1.0,0.0,1.0,1.0,1.0
2020-05-30 07:36:22,-0.009999999999998,8.562,8.548,-0.0199999999999995,8.562,62.20000000000002,0.04,1.0,0.0,1.0,1.0,0.0,1.0,1.0,1.0
2020-05-30 07:36:32,-0.0120000000000004,8.546,8.534,-0.0180000000000006,8.546,62.14999999999999,0.04,1.0,0.0,1.0,1.0,0.0,1.0,1.0,1.0
2020-05-30 07:36:42,-0.009999999999998,8.532,8.518,-0.0199999999999995,8.534,62.07499999999999,0.04,1.0,0.0,1.0,1.0,0.0,1.0,1.0,1.0
2020-05-30 07:36:52,-0.0120000000000004,8.518,8.504,-0.0180000000000006,8.518,61.94999999999999,0.04,1.0,0.0,1.0,1.0,0.0,1.0,1.0,1.0
2020-05-30 07:37:02,-0.0120000000000004,8.5,8.488,-0.0199999999999995,8.502,61.85000000000001,0.04,1.0,0.0,1.0,1.0,0.0,1.0,1.0,1.0
2020-05-30 07:37:12,-0.0120000000000004,8.486,8.472,-0.0199999999999995,8.488,61.85000000000001,0.04,1.0,0.0,1.0,1.0,0.0,1.0,1.0,1.0
2020-05-30 07:37:22,-0.009999999999998,8.472,8.46,-0.0180000000000006,8.474,61.87499999999999,0.0424999999999995,1.0,0.0,1.0,1.0,0.0,1.0,1.0,1.0
2020-05-30 07:37:32,-0.0120000000000004,8.456,8.444,-0.0180000000000006,8.458,61.75,0.0375000000000005,1.0,0.0,1.0,1.0,0.0,1.0,1.0,1.0
2020-05-30 07:37:42,-0.0120000000000004,8.444,8.43,-0.0180000000000006,8.444,61.775000000000006,0.04,1.0,0.0,1.0,1.0,0.0,1.0,1.0,1.0
2020-05-30 07:37:52,-0.0120000000000004,8.428,8.416,-0.0180000000000006,8.428,61.675,0.04,1.0,0.0,1.0,1.0,0.0,1.0,1.0,1.0
2020-05-30 07:38:02,-0.0120000000000004,8.414,8.4,-0.0180000000000006,8.412,61.575,0.04,1.0,0.0,1.0,1.0,0.0,1.0,1.0,1.0
2020-05-30 07:38:12,-0.0120000000000004,8.398,8.386,-0.0180000000000006,8.398,61.575,0.0375000000000005,1.0,0.0,1.0,1.0,0.0,1.0,1.0,1.0
2020-05-30 07:38:21,-0.009999999999998,8.382,8.372,-0.0180000000000006,8.384,61.425,0.0375000000000005,1.0,0.0,1.0,1.0,0.0,1.0,1.0,1.0
2020-05-30 07:38:31,-0.0120000000000004,8.368,8.356,-0.0180000000000006,8.37,61.475,0.04,1.0,0.0,1.0,1.0,0.0,1.0,1.0,1.0
2020-05-30 07:38:41,-0.0120000000000004,8.354,8.342,-0.0180000000000006,8.354,61.35,0.04,1.0,0.0,1.0,1.0,0.0,1.0,1.0,1.0
2020-05-30 07:38:51,-0.0120000000000004,8.34,8.328,-0.0180000000000006,8.34,61.400000000000006,0.04,1.0,0.0,1.0,1.0,0.0,1.0,1.0,1.0
2020-05-30 07:39:01,-0.0120000000000004,8.324,8.312,-0.0180000000000006,8.326,61.35,0.0424999999999995,1.0,0.0,1.0,1.0,0.0,1.0,1.0,1.0
2020-05-30 07:39:11,-0.0120000000000004,8.31,8.298,-0.0199999999999995,8.31,61.225,0.04,1.0,0.0,1.0,1.0,0.0,1.0,1.0,1.0
2020-05-30 07:39:21,-0.009999999999998,8.296,8.284,-0.0180000000000006,8.296,61.14999999999999,0.04,1.0,0.0,1.0,1.0,0.0,1.0,1.0,1.0
2020-05-30 07:39:31,-0.0120000000000004,8.28,8.268,-0.0199999999999995,8.28,61.05000000000001,0.04,1.0,0.0,1.0,1.0,0.0,1.0,1.0,1.0
2020-05-30 07:39:41,-0.0120000000000004,8.266,8.254,-0.0180000000000006,8.268,61.125,0.04,1.0,0.0,1.0,1.0,0.0,1.0,1.0,1.0
2020-05-30 07:39:51,-0.0120000000000004,8.254,8.242,-0.0199999999999995,8.254,61.05000000000001,0.04,1.0,0.0,1.0,1.0,0.0,1.0,1.0,1.0
2020-05-30 07:40:01,-0.0120000000000004,8.238,8.228,-0.0199999999999995,8.238,60.975,0.0424999999999995,1.0,0.0,1.0,1.0,0.0,1.0,1.0,1.0
2020-05-30 07:40:11,-0.0120000000000004,8.224,8.212,-0.0180000000000006,8.226,60.87499999999999,0.0424999999999995,1.0,0.0,1.0,1.0,0.0,1.0,1.0,1.0
2020-05-30 07:40:20,-0.0139999999999993,8.21,8.198,-0.0199999999999995,8.212,60.85000000000001,0.0424999999999995,1.0,0.0,1.0,1.0,0.0,1.0,1.0,1.0
2020-05-30 07:40:30,-0.0120000000000004,8.196,8.184,-0.0199999999999995,8.196,60.87499999999999,0.04,1.0,0.0,1.0,1.0,0.0,1.0,1.0,1.0
2020-05-30 07:40:40,-0.0120000000000004,8.18,8.17,-0.0180000000000006,8.182,60.85000000000001,0.0375000000000005,1.0,0.0,1.0,1.0,0.0,1.0,1.0,1.0
2020-05-30 07:40:50,-0.009999999999998,8.168,8.154,-0.0180000000000006,8.168,60.775000000000006,0.0424999999999995,1.0,0.0,1.0,1.0,0.0,1.0,1.0,1.0
2020-05-30 07:41:00,-0.0120000000000004,8.152,8.142,-0.0180000000000006,8.154,60.575,0.04,1.0,0.0,1.0,1.0,0.0,1.0,1.0,1.0
2020-05-30 07:41:10,-0.0120000000000004,8.138,8.126,-0.0199999999999995,8.138,60.650000000000006,0.04,1.0,0.0,1.0,1.0,0.0,1.0,1.0,1.0
2020-05-30 07:41:20,-0.0120000000000004,8.122,8.114,-0.0180000000000006,8.126,60.60000000000001,0.04,1.0,0.0,1.0,1.0,0.0,1.0,1.0,1.0
2020-05-30 07:41:30,-0.0120000000000004,8.108,8.098,-0.0199999999999995,8.112,60.575,0.04,1.0,0.0,1.0,1.0,0.0,1.0,1.0,1.0
2020-05-30 07:41:40,-0.0120000000000004,8.094,8.084,-0.0199999999999995,8.098,60.575,0.04,1.0,0.0,1.0,1.0,0.0,1.0,1.0,1.0
2020-05-30 07:41:50,-0.0120000000000004,8.08,8.07,-0.0199999999999995,8.084,60.475,0.04,1.0,0.0,1.0,1.0,0.0,1.0,1.0,1.0
2020-05-30 07:42:00,2.872,8.068,-0.0259999999999998,-0.0180000000000006,8.072,60.475,4.765000000000001,0.0,1.0,1.0,0.0,0.0,1.0,1.0,1.0
2020-05-30 07:42:10,8.542,8.09,-0.0240000000000009,-0.0180000000000006,8.09,60.375,5.7925,0.0,1.0,1.0,0.0,0.0,1.0,1.0,1.0
2020-05-30 07:42:19,8.82,8.36,-0.0199999999999995,-0.0180000000000006,8.358,60.67499999999998,5.7925,0.0,1.0,1.0,0.0,0.0,1.0,1.0,1.0
2020-05-30 07:42:29,9.034,8.59,-0.0180000000000006,-0.0199999999999995,8.588,61.27499999999999,5.817499999999999,0.0,1.0,1.0,0.0,0.0,1.0,1.0,1.0
2020-05-30 07:42:39,9.068,8.662,-0.0139999999999993,-0.0199999999999995,8.658,61.94999999999999,5.8325,0.0,1.0,0.0,0.0,0.0,1.0,1.0,1.0
2020-05-30 07:42:49,9.31,8.886,-0.0120000000000004,-0.0199999999999995,8.88,63.05000000000001,5.885,0.0,1.0,0.0,0.0,0.0,1.0,1.0,1.0
2020-05-30 07:42:59,9.486,9.076,-0.009999999999998,-0.0199999999999995,9.074,63.99999999999999,5.93,0.0,1.0,0.0,0.0,0.0,1.0,1.0,1.0
2020-05-30 07:43:09,9.652,9.258,-0.0120000000000004,-0.0199999999999995,9.256,65.025,5.9725,0.0,1.0,0.0,0.0,0.0,1.0,1.0,1.0
2020-05-30 07:43:19,9.826,9.446,-0.009999999999998,-0.0180000000000006,9.442,66.12499999999999,6.0375,0.0,1.0,0.0,0.0,0.0,1.0,1.0,1.0
2020-05-30 07:43:29,9.978,9.61,-0.009999999999998,-0.0199999999999995,9.608,67.27499999999999,6.0275,0.0,1.0,0.0,0.0,0.0,1.0,1.0,1.0
2020-05-30 07:43:39,10.014,9.648,-0.0079999999999991,-0.0180000000000006,9.646,68.22500000000001,6.032500000000001,0.0,1.0,1.0,0.0,0.0,1.0,1.0,1.0
2020-05-30 07:43:49,10.206,9.818,-0.009999999999998,-0.0180000000000006,9.816,69.32499999999999,6.0625,0.0,1.0,1.0,0.0,0.0,1.0,1.0,1.0
2020-05-30 07:43:59,10.376,9.998,-0.0079999999999991,-0.0199999999999995,9.994,70.125,6.1175,0.0,1.0,1.0,0.0,0.0,1.0,1.0,1.0
2020-05-30 07:44:09,10.526,10.156,-0.009999999999998,-0.0180000000000006,10.154,70.75,6.094999999999999,0.0,1.0,1.0,0.0,0.0,1.0,1.0,1.0
2020-05-30 07:44:19,-0.0240000000000009,10.108,10.112,-0.0180000000000006,10.108,71.24999999999999,3.91,1.0,0.0,1.0,1.0,0.0,1.0,1.0,1.0
2020-05-30 07:44:28,-0.0219999999999984,10.058,10.058,-0.0199999999999995,10.056,71.42500000000001,3.9575,1.0,0.0,1.0,1.0,0.0,1.0,1.0,1.0
2020-05-30 07:44:38,-0.0199999999999995,10.018,10.016,-0.0199999999999995,10.016,71.39999999999999,4.01,1.0,0.0,1.0,1.0,0.0,1.0,1.0,1.0
2020-05-30 07:44:48,-0.0180000000000006,9.984,9.98,-0.0199999999999995,9.982,71.42500000000001,3.9275,1.0,0.0,1.0,1.0,0.0,1.0,1.0,1.0
2020-05-30 07:44:58,-0.0180000000000006,9.952,9.946,-0.0180000000000006,9.95,71.42500000000001,3.887500000000001,1.0,0.0,1.0,1.0,0.0,1.0,1.0,1.0
2020-05-30 07:45:08,-0.0159999999999982,9.922,9.914,-0.0199999999999995,9.922,71.35000000000001,3.945,1.0,0.0,1.0,1.0,0.0,1.0,1.0,1.0
2020-05-30 07:45:18,-0.0139999999999993,9.896,9.886,-0.0199999999999995,9.894,71.22500000000001,3.9925,1.0,0.0,1.0,1.0,0.0,1.0,1.0,1.0
2020-05-30 07:45:28,-0.0139999999999993,9.87,9.86,-0.0199999999999995,9.868,70.825,3.8825,1.0,0.0,1.0,1.0,0.0,1.0,1.0,1.0
2020-05-30 07:45:38,-0.0120000000000004,9.844,9.834,-0.0180000000000006,9.844,70.42500000000001,3.8625000000000007,1.0,0.0,1.0,1.0,0.0,1.0,1.0,1.0
2020-05-30 07:45:48,-0.0120000000000004,9.82,9.81,-0.0199999999999995,9.822,70.125,3.9125,1.0,0.0,1.0,1.0,0.0,1.0,1.0,1.0
2020-05-30 07:45:58,-0.0120000000000004,9.8,9.79,-0.0219999999999984,9.8,69.75,3.967500000000001,1.0,0.0,1.0,1.0,0.0,1.0,1.0,1.0
2020-05-30 07:46:08,-0.0120000000000004,9.776,9.766,-0.0199999999999995,9.778,69.52499999999999,3.934999999999999,1.0,0.0,1.0,1.0,0.0,1.0,1.0,1.0
2020-05-30 07:46:18,-0.0120000000000004,9.756,9.746,-0.0199999999999995,9.756,69.44999999999999,3.8575,1.0,0.0,1.0,1.0,0.0,1.0,1.0,1.0
2020-05-30 07:46:27,-0.009999999999998,9.736,9.724,-0.0199999999999995,9.736,69.24999999999999,3.895,1.0,0.0,1.0,1.0,0.0,1.0,1.0,1.0
2020-05-30 07:46:37,-0.0120000000000004,9.714,9.704,-0.0219999999999984,9.716,69.025,3.985,1.0,0.0,1.0,1.0,0.0,1.0,1.0,1.0
2020-05-30 07:46:47,-0.0120000000000004,9.694,9.684,-0.0219999999999984,9.694,68.7,3.9875000000000007,1.0,0.0,1.0,1.0,0.0,1.0,1.0,1.0
2020-05-30 07:46:57,-0.0120000000000004,9.674,9.662,-0.0199999999999995,9.676,68.425,3.9125,1.0,0.0,1.0,1.0,0.0,1.0,1.0,1.0
2020-05-30 07:47:07,-0.0120000000000004,9.656,9.646,-0.0199999999999995,9.656,68.15,3.86,1.0,0.0,1.0,1.0,0.0,1.0,1.0,1.0
2020-05-30 07:47:17,-0.009999999999998,9.636,9.624,-0.0199999999999995,9.636,67.775,3.9475,1.0,0.0,1.0,1.0,0.0,1.0,1.0,1.0
2020-05-30 07:47:27,-0.009999999999998,9.618,9.608,-0.0199999999999995,9.618,67.45000000000002,3.9825,1.0,0.0,1.0,1.0,0.0,1.0,1.0,1.0
2020-05-30 07:47:37,-0.0120000000000004,9.6,9.588,-0.0199999999999995,9.6,67.425,3.905,1.0,0.0,1.0,1.0,0.0,1.0,1.0,1.0
2020-05-30 07:47:47,-0.009999999999998,9.58,9.568,-0.0199999999999995,9.582,67.35,3.872500000000001,1.0,0.0,1.0,1.0,0.0,1.0,1.0,1.0
2020-05-30 07:47:57,-0.0079999999999991,9.564,9.552,-0.0180000000000006,9.564,67.225,3.932499999999999,1.0,0.0,1.0,1.0,0.0,1.0,1.0,1.0
2020-05-30 07:48:07,-0.009999999999998,9.546,9.532,-0.0199999999999995,9.546,67.27499999999999,3.975,1.0,0.0,1.0,1.0,0.0,1.0,1.0,1.0
2020-05-30 07:48:17,-0.0120000000000004,9.526,9.514,-0.0199999999999995,9.526,67.30000000000001,3.932499999999999,1.0,0.0,1.0,1.0,0.0,1.0,1.0,1.0
2020-05-30 07:48:26,-0.009999999999998,9.51,9.496,-0.0199999999999995,9.51,67.25000000000001,3.8675,1.0,0.0,1.0,1.0,0.0,1.0,1.0,1.0
2020-05-30 07:48:36,-0.009999999999998,9.492,9.48,-0.0199999999999995,9.494,67.225,3.8675,1.0,0.0,1.0,1.0,0.0,1.0,1.0,1.0
2020-05-30 07:48:46,-0.009999999999998,9.474,9.462,-0.0199999999999995,9.476,67.19999999999999,3.932499999999999,1.0,0.0,1.0,1.0,0.0,1.0,1.0,1.0
2020-05-30 07:48:56,-0.009999999999998,9.456,9.444,-0.0199999999999995,9.458,67.30000000000001,3.967500000000001,1.0,0.0,1.0,1.0,0.0,1.0,1.0,1.0
2020-05-30 07:49:06,-0.009999999999998,9.438,9.426,-0.0199999999999995,9.44,67.32499999999999,3.9125,1.0,0.0,1.0,1.0,0.0,1.0,1.0,1.0
2020-05-30 07:49:16,-0.0079999999999991,9.424,9.412,-0.0180000000000006,9.424,67.45000000000002,3.852499999999999,1.0,0.0,1.0,1.0,0.0,1.0,1.0,1.0
2020-05-30 07:49:26,-0.009999999999998,9.404,9.392,-0.0180000000000006,9.406,67.35,3.9,1.0,0.0,1.0,1.0,0.0,1.0,1.0,1.0
2020-05-30 07:49:36,-0.0120000000000004,9.386,9.376,-0.0199999999999995,9.388,67.425,3.977500000000001,1.0,0.0,1.0,1.0,0.0,1.0,1.0,1.0
2020-05-30 07:49:46,-0.0120000000000004,9.368,9.358,-0.0199999999999995,9.37,67.32499999999999,3.955,1.0,0.0,1.0,1.0,0.0,1.0,1.0,1.0
2020-05-30 07:49:56,-0.009999999999998,9.352,9.34,-0.0180000000000006,9.354,67.425,3.877500000000001,1.0,0.0,1.0,1.0,0.0,1.0,1.0,1.0
2020-05-30 07:50:06,-0.0120000000000004,9.334,9.324,-0.0199999999999995,9.336,67.35,3.875,1.0,0.0,1.0,1.0,0.0,1.0,1.0,1.0
2020-05-30 07:50:16,-0.009999999999998,9.32,9.31,-0.0199999999999995,9.322,67.32499999999999,3.9575,1.0,0.0,1.0,1.0,0.0,1.0,1.0,1.0
2020-05-30 07:50:25,-0.0079999999999991,9.304,9.294,-0.0199999999999995,9.304,67.425,3.924999999999999,1.0,0.0,1.0,1.0,0.0,1.0,1.0,1.0
2020-05-30 07:50:35,-0.009999999999998,9.286,9.274,-0.0199999999999995,9.286,67.425,3.875,1.0,0.0,1.0,1.0,0.0,1.0,1.0,1.0
2020-05-30 07:50:45,-0.009999999999998,9.27,9.258,-0.0199999999999995,9.27,67.45000000000002,3.9,1.0,0.0,1.0,1.0,0.0,1.0,1.0,1.0
2020-05-30 07:50:55,-0.009999999999998,9.254,9.242,-0.0199999999999995,9.254,67.425,3.98,1.0,0.0,1.0,1.0,0.0,1.0,1.0,1.0
2020-05-30 07:51:05,-0.009999999999998,9.236,9.224,-0.0199999999999995,9.236,67.55,0.0449999999999999,1.0,0.0,1.0,1.0,0.0,1.0,1.0,1.0
2020-05-30 07:51:15,-0.0120000000000004,9.218,9.208,-0.0199999999999995,9.22,67.6,0.0449999999999999,1.0,0.0,1.0,1.0,0.0,1.0,1.0,1.0
2020-05-30 07:51:25,-0.009999999999998,9.202,9.192,-0.0199999999999995,9.204,67.35,0.0424999999999995,1.0,0.0,1.0,1.0,0.0,1.0,1.0,1.0
2020-05-30 07:51:35,-0.0120000000000004,9.186,9.174,-0.0180000000000006,9.186,67.19999999999999,0.0424999999999995,1.0,0.0,1.0,1.0,0.0,1.0,1.0,1.0
2020-05-30 07:51:45,-0.0120000000000004,9.168,9.156,-0.0199999999999995,9.168,66.825,0.04,1.0,0.0,1.0,1.0,0.0,1.0,1.0,1.0
2020-05-30 07:51:55,-0.009999999999998,9.15,9.14,-0.0199999999999995,9.152,66.45,0.04,1.0,0.0,1.0,1.0,0.0,1.0,1.0,1.0
2020-05-30 07:52:05,-0.009999999999998,9.134,9.124,-0.0199999999999995,9.136,66.12499999999999,0.04,1.0,0.0,1.0,1.0,0.0,1.0,1.0,1.0
2020-05-30 07:52:15,-0.009999999999998,9.118,9.106,-0.0199999999999995,9.12,65.85000000000001,0.04,1.0,0.0,1.0,1.0,0.0,1.0,1.0,1.0
2020-05-30 07:52:24,-0.009999999999998,9.104,9.092,-0.0180000000000006,9.104,65.5,0.04,1.0,0.0,1.0,1.0,0.0,1.0,1.0,1.0
2020-05-30 07:52:34,-0.009999999999998,9.086,9.074,-0.0180000000000006,9.088,65.35,0.04,1.0,0.0,1.0,1.0,0.0,1.0,1.0,1.0
2020-05-30 07:52:44,-0.009999999999998,9.07,9.056,-0.0180000000000006,9.07,64.95,0.0424999999999995,1.0,0.0,1.0,1.0,0.0,1.0,1.0,1.0
